date_stamp,sex,cnt_confirmed,pct_confirmed
2020-06-03,1,238,53.97
2020-06-03,2,201,45.58
2020-06-03,9,2,0.46
2020-06-05,1,250,54.00
2020-06-05,2,212,45.79
2020-06-05,9,1,0.22
2020-06-06,1,216,45.86
2020-06-06,2,253,53.72
2020-06-06,9,2,0.43
2020-06-07,1,256,54.01
2020-06-07,2,217,45.78
2020-06-07,9,1,0.22
2020-06-08,1,264,54.21
2020-06-08,2,222,45.59
2020-06-08,9,1,0.21
2020-06-09,1,273,54.17
2020-06-09,2,229,45.44
2020-06-09,9,2,0.40
2020-06-10,1,277,54.00
2020-06-10,2,235,45.81
2020-06-10,9,1,0.20
2020-06-11,1,285,53.88
2020-06-11,2,241,45.56
2020-06-11,9,3,0.58
2020-06-12,1,287,53.45
2020-06-12,2,248,46.18
2020-06-12,9,2,0.38
2020-06-13,1,298,53.31
2020-06-13,2,258,46.15
2020-06-13,9,1,0.18
2020-06-14,1,306,53.31
2020-06-14,2,263,45.82
2020-06-14,9,5,0.90
2020-06-15,1,313,53.32
2020-06-15,2,269,45.83
2020-06-15,9,5,0.88
2020-06-16,1,315,53.12
2020-06-16,2,273,46.04
2020-06-16,9,5,0.87
2020-06-17,1,324,53.11
2020-06-17,2,280,45.90
2020-06-17,9,6,1.02
2020-06-18,1,329,53.32
2020-06-18,2,282,45.71
2020-06-18,9,6,1.01
2020-06-19,1,337,52.90
2020-06-19,2,292,45.84
2020-06-19,9,8,1.31
2020-06-20,1,360,54.71
2020-06-20,2,298,45.29
2020-06-20,9,0,0.00
2020-06-21,1,361,54.20
2020-06-21,2,301,45.20
2020-06-21,9,0,0.00
2020-06-22,1,370,54.33
2020-06-22,2,305,44.79
2020-06-22,9,6,0.91
2020-06-23,1,313,44.33
2020-06-23,2,390,55.24
2020-06-23,9,3,0.44
2020-06-24,1,407,54.93
2020-06-24,2,331,44.67
2020-06-24,9,3,0.42
2020-06-25,1,413,54.49
2020-06-25,2,343,45.25
2020-06-25,9,2,0.27
2020-06-26,1,435,54.51
2020-06-26,2,360,45.11
2020-06-26,9,3,0.39
2020-06-27,1,452,54.20
2020-06-27,2,376,45.08
2020-06-27,9,6,0.74
2020-06-28,1,465,53.39
2020-06-28,2,402,46.15
2020-06-28,9,4,0.47
2020-06-29,1,475,53.49
2020-06-29,2,410,46.17
2020-06-29,9,3,0.35
2020-06-30,1,500,53.13
2020-06-30,2,432,45.91
2020-06-30,9,9,0.99
2020-07-01,1,515,53.87
2020-07-01,2,439,45.92
2020-07-01,9,2,0.22
2020-07-02,1,545,54.17
2020-07-02,2,461,45.83
2020-07-02,9,2,0.20
2020-07-03,1,585,54.42
2020-07-03,2,489,45.49
2020-07-03,9,1,0.10
2020-07-04,1,607,54.15
2020-07-04,2,510,45.50
2020-07-04,9,4,0.37
2020-07-05,1,645,53.04
2020-07-05,2,556,45.72
2020-07-05,9,15,1.26
2020-07-06,1,660,53.48
2020-07-06,2,563,45.62
2020-07-06,9,11,0.91
2020-07-07,1,698,52.64
2020-07-07,2,600,45.25
2020-07-07,9,28,2.16
2020-07-08,1,736,52.72
2020-07-08,2,635,45.49
2020-07-08,9,25,1.83
2020-07-09,1,754,52.00
2020-07-09,2,663,45.72
2020-07-09,9,33,2.32
2020-07-10,1,821,52.33
2020-07-10,2,727,46.34
2020-07-10,9,21,1.38
2020-07-11,1,841,51.98
2020-07-11,2,754,46.60
2020-07-11,9,23,1.47
2020-07-12,1,849,51.71
2020-07-12,2,771,46.95
2020-07-12,9,22,1.39
2020-07-13,1,874,51.69
2020-07-13,2,794,46.95
2020-07-13,9,23,1.41
2020-07-14,1,940,51.79
2020-07-14,2,851,46.89
2020-07-14,9,25,1.43
2020-07-15,1,983,52.12
2020-07-15,2,879,46.61
2020-07-15,9,24,1.32
2020-07-16,1,1032,51.91
2020-07-16,2,936,47.08
2020-07-16,9,21,1.10
2020-07-17,1,1112,51.99
2020-07-17,2,1000,46.75
2020-07-17,9,27,1.32
2020-07-18,1,1173,52.11
2020-07-18,2,1048,46.56
2020-07-18,9,30,1.39
2020-07-19,1,1205,52.05
2020-07-19,2,1081,46.70
2020-07-19,9,29,1.31
2020-07-20,1,1245,51.30
2020-07-20,2,1149,47.34
2020-07-20,9,33,1.43
2020-07-21,1,1280,51.06
2020-07-21,2,1192,47.55
2020-07-21,9,35,1.46
2020-07-22,1,1340,50.91
2020-07-22,2,1258,47.80
2020-07-22,9,34,1.35
2020-07-23,1,1433,50.74
2020-07-23,2,1349,47.77
2020-07-23,9,42,1.55
2020-07-24,1,1510,50.89
2020-07-24,2,1421,47.89
2020-07-24,9,36,1.27
2020-07-25,1,1568,50.73
2020-07-25,2,1483,47.98
2020-07-25,9,40,1.35
2020-07-26,1,1633,50.67
2020-07-26,2,1556,48.28
2020-07-26,9,34,1.10
2020-07-27,1,1689,50.49
2020-07-27,2,1624,48.55
2020-07-27,9,32,1.00
2020-07-28,1,1755,49.90
2020-07-28,2,1722,48.96
2020-07-28,9,40,1.19
2020-07-29,1,1815,49.31
2020-07-29,2,1806,49.06
2020-07-29,9,60,1.70
2020-07-30,1,1858,49.41
2020-07-30,2,1847,49.12
2020-07-30,9,55,1.51
2020-07-31,1,1925,49.56
2020-07-31,2,1894,48.76
2020-07-31,9,65,1.73
2020-08-01,1,1999,49.52
2020-08-01,2,1981,49.07
2020-08-01,9,57,1.46
2020-08-02,1,2051,49.71
2020-08-02,2,2025,49.08
2020-08-02,9,60,1.50
2020-08-03,1,2104,49.60
2020-08-03,2,2072,48.84
2020-08-03,9,68,1.65
2020-08-04,1,2125,49.45
2020-08-04,2,2112,49.15
2020-08-04,9,60,1.44
2020-08-05,1,2205,49.66
2020-08-05,2,2202,49.59
2020-08-05,9,33,0.77
2020-08-06,1,2243,49.68
2020-08-06,2,2239,49.59
2020-08-06,9,33,0.75
2020-08-07,1,2313,49.83
2020-08-07,2,2295,49.44
2020-08-07,9,34,0.76
2020-08-08,1,2359,49.68
2020-08-08,2,2349,49.47
2020-08-08,9,40,0.87
2020-08-09,1,2409,49.58
2020-08-09,2,2404,49.48
2020-08-09,9,49,1.04
2020-08-10,1,2445,49.42
2020-08-10,2,2458,49.69
2020-08-10,9,44,0.92
2020-08-11,1,2481,49.28
2020-08-11,2,2509,49.83
2020-08-11,9,45,0.92
2020-08-12,1,2512,49.19
2020-08-12,2,2547,49.87
2020-08-12,9,48,0.97
2020-08-13,1,2549,48.93
2020-08-13,2,2612,50.14
2020-08-13,9,48,0.95
2020-08-14,1,2600,48.90
2020-08-14,2,2672,50.25
2020-08-14,9,45,0.88
2020-08-15,1,2648,48.78
2020-08-15,2,2737,50.41
2020-08-15,9,44,0.84
2020-08-16,1,2686,48.76
2020-08-16,2,2778,50.43
2020-08-16,9,45,0.85
2020-08-17,1,2737,48.68
2020-08-17,2,2837,50.45
2020-08-17,9,49,0.90
2020-08-18,1,2767,48.66
2020-08-18,2,2870,50.47
2020-08-18,9,49,0.89
2020-08-19,1,2789,48.67
2020-08-19,2,2894,50.50
2020-08-19,9,48,0.87
2020-08-20,1,2853,48.70
2020-08-20,2,2962,50.56
2020-08-20,9,43,0.76
2020-08-21,1,2872,48.60
2020-08-21,2,2994,50.66
2020-08-21,9,44,0.77
2020-08-22,1,2872,48.60
2020-08-22,2,2994,50.66
2020-08-22,9,44,0.77
2020-08-23,1,2956,48.63
2020-08-23,2,3080,50.67
2020-08-23,9,42,0.72
2020-08-24,1,3020,48.80
2020-08-24,2,3127,50.53
2020-08-24,9,42,0.70
2020-08-25,1,3047,48.78
2020-08-25,2,3157,50.54
2020-08-25,9,42,0.70
2020-08-26,1,3047,48.47
2020-08-26,2,3157,50.22
2020-08-26,9,42,0.69
2020-08-27,1,3047,47.69
2020-08-27,2,3157,49.41
2020-08-27,9,42,0.68
2020-08-28,1,3161,48.64
2020-08-28,2,3294,50.68
2020-08-28,9,42,0.67
2020-08-29,1,3193,48.54
2020-08-29,2,3340,50.78
2020-08-29,9,45,0.71
2020-08-30,1,3256,48.48
2020-08-30,2,3414,50.83
2020-08-30,9,46,0.71
2020-08-31,1,3256,48.48
2020-08-31,2,3414,50.83
2020-08-31,9,46,0.71
2020-09-01,1,3325,48.36
2020-09-01,2,3493,50.80
2020-09-01,9,58,0.87
2020-09-02,1,3365,48.16
2020-09-02,2,3567,51.05
2020-09-02,9,55,0.82
2020-09-03,1,3430,48.03
2020-09-03,2,3665,51.32
2020-09-03,9,46,0.67
2020-09-04,1,3485,47.85
2020-09-04,2,3750,51.49
2020-09-04,9,48,0.68
2020-09-05,1,3542,47.56
2020-09-05,2,3855,51.77
2020-09-05,9,50,0.70
2020-09-06,1,3649,47.57
2020-09-06,2,3969,51.74
2020-09-06,9,53,0.72
2020-09-07,1,3740,47.69
2020-09-07,2,4049,51.63
2020-09-07,9,53,0.70
2020-09-08,1,3776,47.62
2020-09-08,2,4103,51.74
2020-09-08,9,51,0.67
2020-09-09,1,3820,47.55
2020-09-09,2,4162,51.81
2020-09-09,9,51,0.66
2020-09-10,1,3876,47.50
2020-09-10,2,4231,51.85
2020-09-10,9,53,0.67
2020-09-11,1,3934,47.45
2020-09-11,2,4305,51.92
2020-09-11,9,52,0.65
2020-09-12,1,4038,47.60
2020-09-12,2,4393,51.79
2020-09-12,9,52,0.64
2020-09-13,1,4114,47.77
2020-09-13,2,4445,51.61
2020-09-13,9,53,0.64
2020-09-14,1,4149,47.75
2020-09-14,2,4487,51.64
2020-09-14,9,53,0.63
2020-09-15,1,4263,47.82
2020-09-15,2,4592,51.51
2020-09-15,9,59,0.69
2020-09-16,1,4303,47.90
2020-09-16,2,4624,51.48
2020-09-16,9,56,0.65
2020-09-17,1,4375,47.85
2020-09-17,2,4715,51.57
2020-09-17,9,53,0.60
2020-09-18,1,4420,47.84
2020-09-18,2,4766,51.58
2020-09-18,9,54,0.61
2020-09-19,1,4502,47.79
2020-09-19,2,4865,51.64
2020-09-19,9,54,0.60
2020-09-20,1,4539,47.79
2020-09-20,2,4903,51.63
2020-09-20,9,55,0.60
2020-09-21,1,4600,47.89
2020-09-21,2,4951,51.54
2020-09-21,9,55,0.60
2020-09-22,1,4643,47.91
2020-09-22,2,4991,51.50
2020-09-22,9,58,0.62
2020-09-23,1,4667,47.88
2020-09-23,2,5022,51.52
2020-09-23,9,58,0.62
2020-09-24,1,4708,47.98
2020-09-24,2,5049,51.45
2020-09-24,9,56,0.60
2020-09-25,1,4747,47.98
2020-09-25,2,5090,51.45
2020-09-25,9,56,0.59
2020-09-26,1,4798,47.96
2020-09-26,2,5150,51.47
2020-09-26,9,57,0.59
2020-09-27,1,4830,47.92
2020-09-27,2,5192,51.51
2020-09-27,9,58,0.60
2020-09-28,1,4883,47.89
2020-09-28,2,5256,51.54
2020-09-28,9,58,0.59
2020-09-29,1,4914,47.92
2020-09-29,2,5283,51.52
2020-09-29,9,58,0.59
2020-09-30,1,4941,47.91
2020-09-30,2,5315,51.53
2020-09-30,9,58,0.59
2020-10-01,1,4981,47.92
2020-10-01,2,5357,51.53
2020-10-01,9,57,0.57
2020-10-02,1,5012,47.91
2020-10-02,2,5393,51.55
2020-10-02,9,56,0.56
2020-10-03,1,5044,47.91
2020-10-03,2,5427,51.55
2020-10-03,9,56,0.56
2020-10-04,1,5087,47.95
2020-10-04,2,5467,51.53
2020-10-04,9,56,0.55
2020-10-05,1,5128,47.95
2020-10-05,2,5510,51.52
2020-10-05,9,57,0.56
2020-10-06,1,5180,47.89
2020-10-06,2,5579,51.58
2020-10-06,9,57,0.55
2020-10-07,1,5236,47.91
2020-10-07,2,5636,51.57
2020-10-07,9,57,0.54
2020-10-08,1,5280,47.90
2020-10-08,2,5686,51.59
2020-10-08,9,56,0.53
2020-10-09,1,5327,47.87
2020-10-09,2,5743,51.61
2020-10-09,9,58,0.54
2020-10-10,1,5388,47.80
2020-10-10,2,5826,51.69
2020-10-10,9,58,0.54
2020-10-11,1,5436,47.76
2020-10-11,2,5887,51.73
2020-10-11,9,58,0.53
2020-10-12,1,5504,47.76
2020-10-12,2,5962,51.73
2020-10-12,9,59,0.54
2020-10-13,1,5573,47.70
2020-10-13,2,6052,51.80
2020-10-13,9,58,0.52
2020-10-14,1,5615,47.74
2020-10-14,2,6087,51.76
2020-10-14,9,59,0.53
2020-10-15,1,5655,47.76
2020-10-15,2,6128,51.75
2020-10-15,9,58,0.51
2020-10-16,1,5719,47.76
2020-10-16,2,6195,51.73
2020-10-16,9,61,0.53
2020-10-17,1,5739,47.71
2020-10-17,2,6225,51.75
2020-10-17,9,65,0.57
2020-10-18,1,5803,47.78
2020-10-18,2,6278,51.69
2020-10-18,9,65,0.56
2020-10-19,1,5860,47.76
2020-10-19,2,6344,51.71
2020-10-19,9,65,0.55
2020-10-20,1,5931,47.76
2020-10-20,2,6420,51.70
2020-10-20,9,67,0.57
2020-10-21,1,5951,47.64
2020-10-21,2,6469,51.79
2020-10-21,9,72,0.60
2020-10-22,1,6014,47.61
2020-10-22,2,6540,51.77
2020-10-22,9,78,0.65
2020-10-23,1,6061,47.63
2020-10-23,2,6585,51.75
2020-10-23,9,79,0.65
2020-10-24,1,6162,47.65
2020-10-24,2,6692,51.75
2020-10-24,9,78,0.63
2020-10-25,1,6221,47.62
2020-10-25,2,6760,51.75
2020-10-25,9,82,0.66
2020-10-26,1,6299,47.62
2020-10-26,2,6848,51.77
2020-10-26,9,81,0.64
2020-10-27,1,6347,47.58
2020-10-27,2,6910,51.80
2020-10-27,9,82,0.64
2020-10-28,1,6399,47.56
2020-10-28,2,6970,51.81
2020-10-28,9,85,0.66
2020-10-29,1,6431,47.50
2020-10-29,2,7027,51.91
2020-10-29,9,80,0.62
2020-10-30,1,6496,47.46
2020-10-30,2,7111,51.95
2020-10-30,9,80,0.61
2020-10-31,1,6543,47.41
2020-10-31,2,7177,52.00
2020-10-31,9,82,0.62
2020-11-01,1,6543,47.41
2020-11-01,2,7177,52.00
2020-11-01,9,82,0.62
2020-11-02,1,6543,47.41
2020-11-02,2,7177,52.00
2020-11-02,9,82,0.62
2020-11-03,1,6625,47.41
2020-11-03,2,7260,51.95
2020-11-03,9,89,0.67
2020-11-04,1,6693,47.40
2020-11-04,2,7340,51.98
2020-11-04,9,88,0.65
2020-11-05,1,6693,46.98
2020-11-05,2,7340,51.52
2020-11-05,9,88,0.65
2020-11-06,1,6846,47.41
2020-11-06,2,7495,51.91
2020-11-06,9,98,0.71
2020-11-07,1,6901,47.41
2020-11-07,2,7552,51.88
2020-11-07,9,104,0.75
2020-11-08,1,6966,47.36
2020-11-08,2,7638,51.93
2020-11-08,9,104,0.74
2020-11-09,1,7038,47.24
2020-11-09,2,7755,52.05
2020-11-09,9,106,0.75
2020-11-10,1,7120,47.27
2020-11-10,2,7833,52.00
2020-11-10,9,111,0.78
2020-11-11,1,7226,47.23
2020-11-11,2,7962,52.04
2020-11-11,9,112,0.77
2020-11-12,1,7278,47.16
2020-11-12,2,8040,52.09
2020-11-12,9,116,0.79
2020-11-13,1,7347,47.12
2020-11-13,2,8130,52.14
2020-11-13,9,115,0.78
2020-11-14,1,7423,47.07
2020-11-14,2,8223,52.14
2020-11-14,9,125,0.84
2020-11-15,1,7487,47.06
2020-11-15,2,8295,52.14
2020-11-15,9,127,0.84
2020-11-16,1,7611,47.04
2020-11-16,2,8436,52.14
2020-11-16,9,133,0.87
2020-11-17,1,7776,47.06
2020-11-17,2,8612,52.12
2020-11-17,9,135,0.86
2020-11-18,1,7971,47.12
2020-11-18,2,8803,52.04
2020-11-18,9,143,0.89
2020-11-19,1,8035,47.12
2020-11-19,2,8870,52.01
2020-11-19,9,149,0.92
2020-11-20,1,8162,47.18
2020-11-20,2,8996,52.01
2020-11-20,9,140,0.85
2020-11-21,1,8199,47.14
2020-11-21,2,9053,52.05
2020-11-21,9,140,0.85
2020-11-22,1,8292,47.09
2020-11-22,2,9175,52.10
2020-11-22,9,143,0.86
2020-11-23,1,8395,47.05
2020-11-23,2,9293,52.08
2020-11-23,9,156,0.92
2020-11-24,1,8465,46.98
2020-11-24,2,9392,52.13
2020-11-24,9,160,0.94
2020-11-25,1,8557,47.04
2020-11-25,2,9475,52.09
2020-11-25,9,159,0.92
2020-11-26,1,8608,47.03
2020-11-26,2,9536,52.10
2020-11-26,9,158,0.91
2020-11-27,1,8703,47.09
2020-11-27,2,9621,52.06
2020-11-27,9,156,0.89
2020-11-28,1,8703,46.23
2020-11-28,2,9621,51.11
2020-11-28,9,156,0.88
2020-11-29,1,9006,47.14
2020-11-29,2,9921,51.93
2020-11-29,9,177,0.98
2020-11-30,1,9137,47.05
2020-11-30,2,10105,52.04
2020-11-30,9,177,0.96
2020-12-01,1,9217,47.08
2020-12-01,2,10185,52.02
2020-12-01,9,177,0.96
2020-12-02,1,9425,47.06
2020-12-02,2,10423,52.05
2020-12-02,9,178,0.94
2020-12-03,1,9612,47.07
2020-12-03,2,10632,52.06
2020-12-03,9,177,0.92
2020-12-04,1,9704,47.03
2020-12-04,2,10750,52.10
2020-12-04,9,179,0.92
2020-12-05,1,9858,47.04
2020-12-05,2,10916,52.09
2020-12-05,9,184,0.93
2020-12-06,1,9999,46.99
2020-12-06,2,11088,52.11
2020-12-06,9,193,0.96
2020-12-07,1,10174,46.89
2020-12-07,2,11320,52.17
2020-12-07,9,204,0.99
2020-12-08,1,10282,46.91
2020-12-08,2,11423,52.12
2020-12-08,9,212,1.02
2020-12-09,1,10516,46.92
2020-12-09,2,11670,52.07
2020-12-09,9,228,1.08
2020-12-10,1,10687,46.87
2020-12-10,2,11891,52.15
2020-12-10,9,225,1.05
2020-12-11,1,10881,46.85
2020-12-11,2,12118,52.18
2020-12-11,9,226,1.03
2020-12-12,1,11067,46.80
2020-12-12,2,12346,52.21
2020-12-12,9,236,1.06
2020-12-13,1,11267,46.78
2020-12-13,2,12575,52.21
2020-12-13,9,245,1.08
2020-12-14,1,11545,46.73
2020-12-14,2,12906,52.24
2020-12-14,9,255,1.10
2020-12-15,1,11816,46.73
2020-12-15,2,13212,52.25
2020-12-15,9,257,1.08
2020-12-16,1,12068,46.70
2020-12-16,2,13523,52.33
2020-12-16,9,252,1.04
2020-12-17,1,12326,46.72
2020-12-17,2,13789,52.27
2020-12-17,9,267,1.08
2020-12-18,1,12666,46.65
2020-12-18,2,14214,52.36
2020-12-18,9,269,1.06
2020-12-19,1,12892,46.64
2020-12-19,2,14483,52.39
2020-12-19,9,268,1.04
2020-12-20,1,13263,46.60
2020-12-20,2,14919,52.42
2020-12-20,9,279,1.06
2020-12-21,1,13443,46.55
2020-12-21,2,15128,52.39
2020-12-21,9,307,1.15
2020-12-22,1,13760,46.62
2020-12-22,2,15446,52.33
2020-12-22,9,312,1.14
2020-12-23,1,14023,46.62
2020-12-23,2,15737,52.32
2020-12-23,9,321,1.16
2020-12-24,1,14167,46.66
2020-12-24,2,15874,52.28
2020-12-24,9,324,1.16
2020-12-25,1,14425,46.68
2020-12-25,2,16151,52.26
2020-12-25,9,328,1.16
2020-12-26,1,14631,46.70
2020-12-26,2,16370,52.25
2020-12-26,9,331,1.15
2020-12-27,1,14899,46.71
2020-12-27,2,16667,52.25
2020-12-27,9,331,1.14
2020-12-28,1,15054,46.74
2020-12-28,2,16823,52.23
2020-12-28,9,332,1.13
2020-12-29,1,15163,46.71
2020-12-29,2,16970,52.27
2020-12-29,9,332,1.12
2020-12-30,1,15263,46.68
2020-12-30,2,17105,52.31
2020-12-30,9,331,1.11
2020-12-31,1,15375,46.63
2020-12-31,2,17269,52.37
2020-12-31,9,330,1.10
2021-01-01,1,15684,46.59
2021-01-01,2,17642,52.41
2021-01-01,9,337,1.11
2021-01-02,1,15834,46.55
2021-01-02,2,17838,52.44
2021-01-02,9,346,1.13
2021-01-03,1,16067,46.56
2021-01-03,2,18088,52.41
2021-01-03,9,356,1.15
2021-01-04,1,16280,46.50
2021-01-04,2,18373,52.48
2021-01-04,9,359,1.14
2021-01-05,1,16401,46.50
2021-01-05,2,18514,52.49
2021-01-05,9,354,1.12
2021-01-06,1,16504,46.45
2021-01-06,2,18674,52.56
2021-01-06,9,351,1.11
2021-01-07,1,16643,46.43
2021-01-07,2,18826,52.52
2021-01-07,9,374,1.17
2021-01-08,1,16882,46.42
2021-01-08,2,19114,52.56
2021-01-08,9,372,1.15
2021-01-09,1,17114,46.39
2021-01-09,2,19413,52.62
2021-01-09,9,368,1.13
2021-01-10,1,17318,46.35
2021-01-10,2,19670,52.64
2021-01-10,9,378,1.14
2021-01-11,1,17510,46.35
2021-01-11,2,19879,52.62
2021-01-11,9,391,1.17
2021-01-12,1,17708,46.32
2021-01-12,2,20127,52.65
2021-01-12,9,391,1.16
2021-01-13,1,17902,46.26
2021-01-13,2,20408,52.73
2021-01-13,9,392,1.15
2021-01-14,1,18072,46.27
2021-01-14,2,20613,52.78
2021-01-14,9,371,1.08
2021-01-15,1,18191,46.26
2021-01-15,2,20766,52.81
2021-01-15,9,368,1.06
2021-01-16,1,18325,46.26
2021-01-16,2,20924,52.82
2021-01-16,9,366,1.05
2021-01-17,1,18423,46.25
2021-01-17,2,21041,52.82
2021-01-17,9,368,1.05
2021-01-18,1,18573,46.26
2021-01-18,2,21209,52.83
2021-01-18,9,363,1.03
2021-01-19,1,18667,46.28
2021-01-19,2,21308,52.83
2021-01-19,9,360,1.02
2021-01-20,1,18743,46.29
2021-01-20,2,21374,52.79
2021-01-20,9,370,1.04
2021-01-21,1,18903,46.33
2021-01-21,2,21528,52.76
2021-01-21,9,373,1.04
2021-01-22,1,18977,46.31
2021-01-22,2,21629,52.78
2021-01-22,9,372,1.04
2021-01-23,1,19097,46.31
2021-01-23,2,21766,52.79
2021-01-23,9,371,1.03
2021-01-24,1,19216,46.28
2021-01-24,2,21932,52.82
2021-01-24,9,372,1.03
2021-01-25,1,19311,46.29
2021-01-25,2,22031,52.81
2021-01-25,9,373,1.03
2021-01-26,1,19311,46.29
2021-01-26,2,22031,52.81
2021-01-26,9,373,1.03
2021-01-27,1,19378,46.28
2021-01-27,2,22121,52.83
2021-01-27,9,373,1.02
2021-01-28,1,19571,46.27
2021-01-28,2,22354,52.85
2021-01-28,9,374,1.02
2021-01-29,1,19571,46.27
2021-01-29,2,22354,52.85
2021-01-29,9,374,1.02
2021-01-30,1,19650,46.27
2021-01-30,2,22452,52.87
2021-01-30,9,368,1.00
2021-01-31,1,19733,46.28
2021-01-31,2,22537,52.85
2021-01-31,9,370,1.00
2021-02-01,1,19800,46.29
2021-02-01,2,22608,52.85
2021-02-01,9,369,0.99
2021-02-02,1,19914,46.29
2021-02-02,2,22737,52.85
2021-02-02,9,368,0.99
2021-02-03,1,19950,46.26
2021-02-03,2,22805,52.88
2021-02-03,9,370,0.99
2021-02-04,1,20028,46.25
2021-02-04,2,22910,52.90
2021-02-04,9,369,0.98
2021-02-05,1,20116,46.27
2021-02-05,2,22997,52.90
2021-02-05,9,363,0.97
2021-02-06,1,20209,46.24
2021-02-06,2,23128,52.92
2021-02-06,9,366,0.97
2021-02-07,1,20288,46.26
2021-02-07,2,23203,52.90
2021-02-07,9,368,0.97
2021-02-08,1,20370,46.25
2021-02-08,2,23306,52.92
2021-02-08,9,367,0.97
2021-02-09,1,20497,46.27
2021-02-09,2,23434,52.90
2021-02-09,9,368,0.96
2021-02-10,1,20552,46.28
2021-02-10,2,23484,52.89
2021-02-10,9,368,0.96
2021-02-11,1,20628,46.29
2021-02-11,2,23565,52.88
2021-02-11,9,370,0.96
2021-02-12,1,20714,46.29
2021-02-12,2,23664,52.89
2021-02-12,9,367,0.95
2021-02-13,1,20779,46.29
2021-02-13,2,23746,52.90
2021-02-13,9,367,0.95
2021-02-14,1,20848,46.26
2021-02-14,2,23845,52.91
2021-02-14,9,370,0.96
2021-02-15,1,20905,46.24
2021-02-15,2,23931,52.94
2021-02-15,9,369,0.95
2021-02-16,1,20976,46.25
2021-02-16,2,24005,52.93
2021-02-16,9,370,0.95
2021-02-17,1,21044,46.26
2021-02-17,2,24077,52.93
2021-02-17,9,368,0.94
2021-02-18,1,21044,46.26
2021-02-18,2,24077,52.93
2021-02-18,9,368,0.94
2021-02-19,1,21154,46.27
2021-02-19,2,24198,52.93
2021-02-19,9,368,0.94
2021-02-20,1,21224,46.28
2021-02-20,2,24263,52.91
2021-02-20,9,369,0.94
2021-02-21,1,21293,46.28
2021-02-21,2,24338,52.90
2021-02-21,9,374,0.95
2021-02-22,1,21360,46.31
2021-02-22,2,24395,52.89
2021-02-22,9,371,0.94
2021-02-23,1,21413,46.32
2021-02-23,2,24444,52.88
2021-02-23,9,370,0.94
2021-02-24,1,21449,46.33
2021-02-24,2,24476,52.87
2021-02-24,9,370,0.94
2021-02-25,1,21482,46.32
2021-02-25,2,24526,52.88
2021-02-25,9,369,0.93
2021-02-26,1,21519,46.30
2021-02-26,2,24592,52.91
2021-02-26,9,371,0.94
2021-02-27,1,21560,46.29
2021-02-27,2,24641,52.91
2021-02-27,9,371,0.94
2021-02-28,1,21652,46.27
2021-02-28,2,24768,52.93
2021-02-28,9,372,0.93
2021-03-01,1,21694,46.26
2021-03-01,2,24825,52.94
2021-03-01,9,373,0.94
2021-03-02,1,21732,46.27
2021-03-02,2,24860,52.93
2021-03-02,9,373,0.93
2021-03-03,1,21763,46.27
2021-03-03,2,24899,52.94
2021-03-03,9,373,0.93
2021-03-04,1,24932,52.94
2021-03-04,2,21786,46.26
2021-03-04,9,375,0.94
2021-03-05,1,21862,46.26
2021-03-05,2,25038,52.98
2021-03-05,9,360,0.90
2021-03-06,1,21911,46.26
2021-03-06,2,25089,52.98
2021-03-06,9,360,0.90
2021-03-07,1,21954,46.27
2021-03-07,2,25136,52.97
2021-03-07,9,362,0.90
2021-03-08,1,22006,46.27
2021-03-08,2,25187,52.96
2021-03-08,9,362,0.90
2021-03-09,1,22073,46.30
2021-03-09,2,25244,52.95
2021-03-09,9,362,0.90
2021-03-10,1,22082,46.30
2021-03-10,2,25249,52.94
2021-03-10,9,362,0.90
2021-03-11,1,22129,46.30
2021-03-11,2,25305,52.94
2021-03-11,9,362,0.89
2021-03-12,1,22169,46.30
2021-03-12,2,25370,52.99
2021-03-12,9,342,0.84
2021-03-13,1,22204,46.30
2021-03-13,2,25411,52.99
2021-03-13,9,343,0.85
2021-03-14,1,22294,46.30
2021-03-14,2,25512,52.98
2021-03-14,9,344,0.85
2021-03-15,1,22310,46.30
2021-03-15,2,25532,52.99
2021-03-15,9,344,0.84
2021-03-16,1,22335,46.30
2021-03-16,2,25561,52.99
2021-03-16,9,344,0.84
2021-03-17,1,22382,46.33
2021-03-17,2,25582,52.96
2021-03-17,9,344,0.84
2021-03-18,1,22433,46.33
2021-03-18,2,25651,52.98
2021-03-18,9,336,0.82
2021-03-19,1,22443,46.33
2021-03-19,2,25667,52.98
2021-03-19,9,336,0.82
2021-03-20,1,22443,46.33
2021-03-20,2,25667,52.98
2021-03-20,9,336,0.82
2021-03-21,1,22443,46.33
2021-03-21,2,25667,52.98
2021-03-21,9,336,0.82
2021-03-22,1,22584,46.34
2021-03-22,2,25816,52.97
2021-03-22,9,335,0.82
2021-03-23,1,22584,46.34
2021-03-23,2,25816,52.97
2021-03-23,9,335,0.82
2021-03-24,1,22668,46.35
2021-03-24,2,25905,52.97
2021-03-24,9,335,0.81
2021-03-25,1,22706,46.35
2021-03-25,2,25947,52.97
2021-03-25,9,335,0.81
2021-03-26,1,22767,46.35
2021-03-26,2,26015,52.97
2021-03-26,9,335,0.81
2021-03-27,1,22767,46.35
2021-03-27,2,26015,52.97
2021-03-27,9,335,0.81
2021-03-28,1,22767,46.35
2021-03-28,2,26015,52.97
2021-03-28,9,335,0.81
2021-03-29,1,22866,46.34
2021-03-29,2,26141,52.98
2021-03-29,9,335,0.81
2021-03-30,1,22896,46.34
2021-03-30,2,26178,52.98
2021-03-30,9,335,0.81
2021-03-31,1,22917,46.34
2021-03-31,2,26202,52.98
2021-03-31,9,335,0.81
2021-04-01,1,22945,46.34
2021-04-01,2,26233,52.98
2021-04-01,9,333,0.80
2021-04-02,1,22945,46.34
2021-04-02,2,26233,52.98
2021-04-02,9,333,0.80
2021-04-03,1,22945,46.34
2021-04-03,2,26233,52.98
2021-04-03,9,333,0.80
2021-04-04,1,22945,46.34
2021-04-04,2,26233,52.98
2021-04-04,9,333,0.80
2021-04-05,1,23108,46.35
2021-04-05,2,26409,52.97
2021-04-05,9,337,0.81
2021-04-06,1,23136,46.37
2021-04-06,2,26426,52.96
2021-04-06,9,337,0.80
2021-04-07,1,23167,46.38
2021-04-07,2,26447,52.95
2021-04-07,9,337,0.80
2021-04-08,1,23206,46.39
2021-04-08,2,26480,52.93
2021-04-08,9,339,0.81
2021-04-09,1,23246,46.39
2021-04-09,2,26520,52.93
2021-04-09,9,339,0.81
2021-04-10,1,23246,46.39
2021-04-10,2,26520,52.93
2021-04-10,9,339,0.81
2021-04-11,1,23246,46.39
2021-04-11,2,26520,52.93
2021-04-11,9,339,0.81
2021-04-12,1,23329,46.40
2021-04-12,2,26609,52.92
2021-04-12,9,341,0.81
2021-04-13,1,23339,46.39
2021-04-13,2,26630,52.93
2021-04-13,9,340,0.81
2021-04-14,1,23379,46.41
2021-04-14,2,26659,52.92
2021-04-14,9,341,0.81
2021-04-15,1,23417,46.41
2021-04-15,2,26704,52.92
2021-04-15,9,341,0.81
2021-04-16,1,23441,46.39
2021-04-16,2,26744,52.93
2021-04-16,9,344,0.81
2021-04-17,1,23441,46.39
2021-04-17,2,26744,52.93
2021-04-17,9,344,0.81
2021-04-18,1,23441,46.39
2021-04-18,2,26744,52.93
2021-04-18,9,344,0.81
2021-04-19,1,23658,46.40
2021-04-19,2,26986,52.92
2021-04-19,9,347,0.81
2021-04-20,1,23674,46.40
2021-04-20,2,27000,52.92
2021-04-20,9,347,0.81
2021-04-21,1,23705,46.40
2021-04-21,2,27035,52.92
2021-04-21,9,347,0.81
2021-04-22,1,23729,46.40
2021-04-22,2,27062,52.92
2021-04-22,9,348,0.81
2021-04-23,1,23771,46.41
2021-04-23,2,27102,52.91
2021-04-23,9,348,0.81
2021-04-24,1,23771,46.41
2021-04-24,2,27102,52.91
2021-04-24,9,348,0.81
2021-04-25,1,23771,46.41
2021-04-25,2,27102,52.91
2021-04-25,9,348,0.81
2021-04-26,1,23831,46.41
2021-04-26,2,27167,52.91
2021-04-26,9,348,0.81
2021-04-27,1,23847,46.41
2021-04-27,2,27190,52.91
2021-04-27,9,348,0.81
2021-04-28,1,23883,46.42
2021-04-28,2,27221,52.90
2021-04-28,9,349,0.81
2021-04-29,1,23923,46.43
2021-04-29,2,27254,52.89
2021-04-29,9,349,0.81
2021-04-30,1,23950,46.44
2021-04-30,2,27274,52.88
2021-04-30,9,349,0.81
2021-05-01,1,23950,46.44
2021-05-01,2,27274,52.88
2021-05-01,9,349,0.81
2021-05-02,1,23950,46.44
2021-05-02,2,27274,52.88
2021-05-02,9,349,0.81
2021-05-03,1,24015,46.44
2021-05-03,2,27350,52.89
2021-05-03,9,349,0.81
2021-05-04,1,24027,46.44
2021-05-04,2,27365,52.89
2021-05-04,9,349,0.81
2021-05-05,1,24032,46.43
2021-05-05,2,27383,52.90
2021-05-05,9,349,0.81
2021-05-06,1,24058,46.43
2021-05-06,2,27406,52.89
2021-05-06,9,349,0.81
2021-05-07,1,24084,46.44
2021-05-07,2,27424,52.88
2021-05-07,9,349,0.81
2021-05-08,1,24084,46.44
2021-05-08,2,27424,52.88
2021-05-08,9,349,0.81
2021-05-09,1,24084,46.44
2021-05-09,2,27424,52.88
2021-05-09,9,349,0.81
2021-05-10,1,24084,46.44
2021-05-10,2,27424,52.88
2021-05-10,9,349,0.81
2021-05-11,1,24145,46.46
2021-05-11,2,27471,52.86
2021-05-11,9,350,0.81
2021-05-12,1,24156,46.47
2021-05-12,2,27473,52.85
2021-05-12,9,351,0.81
2021-05-13,1,24174,46.47
2021-05-13,2,27493,52.85
2021-05-13,9,352,0.81
2021-05-14,1,24174,46.47
2021-05-14,2,27493,52.85
2021-05-14,9,352,0.81
2021-05-15,1,24185,46.47
2021-05-15,2,27512,52.86
2021-05-15,9,350,0.81
2021-05-16,1,24185,46.47
2021-05-16,2,27512,52.86
2021-05-16,9,350,0.81
2021-05-17,1,24216,46.46
2021-05-17,2,27559,52.87
2021-05-17,9,350,0.81
2021-05-18,1,24229,46.46
2021-05-18,2,27568,52.87
2021-05-18,9,350,0.81
2021-05-19,1,24231,46.46
2021-05-19,2,27576,52.87
2021-05-19,9,350,0.81
2021-05-20,1,24239,46.45
2021-05-20,2,27591,52.87
2021-05-20,9,352,0.81
2021-05-21,1,24239,46.45
2021-05-21,2,27591,52.87
2021-05-21,9,352,0.81
2021-05-22,1,24226,46.46
2021-05-22,2,27569,52.87
2021-05-22,9,351,0.81
2021-05-23,1,24226,46.46
2021-05-23,2,27569,52.87
2021-05-23,9,351,0.81
2021-05-24,1,24167,46.46
2021-05-24,2,27503,52.87
2021-05-24,9,346,0.80
2021-05-25,1,24167,46.46
2021-05-25,2,27503,52.87
2021-05-25,9,346,0.80
2021-05-26,1,24173,46.46
2021-05-26,2,27512,52.88
2021-05-26,9,345,0.80
2021-05-27,1,24156,46.43
2021-05-27,2,27530,52.91
2021-05-27,9,342,0.79
2021-05-28,1,24152,46.42
2021-05-28,2,27535,52.92
2021-05-28,9,342,0.79
2021-05-29,1,24152,46.42
2021-05-29,2,27535,52.92
2021-05-29,9,342,0.79
2021-05-30,1,24152,46.42
2021-05-30,2,27535,52.92
2021-05-30,9,342,0.79
2021-05-31,1,24152,46.42
2021-05-31,2,27535,52.92
2021-05-31,9,342,0.79
2021-06-01,1,24152,46.42
2021-06-01,2,27535,52.92
2021-06-01,9,342,0.79
2021-06-02,1,24170,46.42
2021-06-02,2,27554,52.92
2021-06-02,9,342,0.79
2021-06-03,1,24170,46.42
2021-06-03,2,27554,52.92
2021-06-03,9,342,0.79
2021-06-04,1,24170,46.42
2021-06-04,2,27554,52.92
2021-06-04,9,342,0.79
2021-06-05,1,24170,46.42
2021-06-05,2,27554,52.92
2021-06-05,9,342,0.79
2021-06-06,1,24170,46.42
2021-06-06,2,27554,52.92
2021-06-06,9,342,0.79
2021-06-07,1,24170,46.42
2021-06-07,2,27554,52.92
2021-06-07,9,342,0.79
2021-06-08,1,24170,46.42
2021-06-08,2,27554,52.92
2021-06-08,9,342,0.79
2021-06-09,1,24185,46.41
2021-06-09,2,27586,52.93
2021-06-09,9,342,0.79
2021-06-10,1,24185,46.41
2021-06-10,2,27586,52.93
2021-06-10,9,342,0.79
2021-06-11,1,24185,46.41
2021-06-11,2,27586,52.93
2021-06-11,9,342,0.79
2021-06-12,1,24185,46.41
2021-06-12,2,27586,52.93
2021-06-12,9,342,0.79
2021-06-13,1,24185,46.41
2021-06-13,2,27586,52.93
2021-06-13,9,342,0.79
2021-06-14,1,24185,46.41
2021-06-14,2,27586,52.93
2021-06-14,9,342,0.79
2021-06-15,1,24185,46.41
2021-06-15,2,27586,52.93
2021-06-15,9,342,0.79
2021-06-16,1,24122,46.41
2021-06-16,2,27517,52.94
2021-06-16,9,339,0.78
2021-06-17,1,24122,46.41
2021-06-17,2,27517,52.94
2021-06-17,9,339,0.78
2021-06-18,1,24122,46.41
2021-06-18,2,27517,52.94
2021-06-18,9,339,0.78
2021-06-19,1,24122,46.41
2021-06-19,2,27517,52.94
2021-06-19,9,339,0.78
2021-06-20,1,24122,46.41
2021-06-20,2,27517,52.94
2021-06-20,9,339,0.78
2021-06-21,1,24122,46.41
2021-06-21,2,27517,52.94
2021-06-21,9,339,0.78
2021-06-22,1,24122,46.41
2021-06-22,2,27517,52.94
2021-06-22,9,339,0.78
2021-06-23,1,23892,46.49
2021-06-23,2,27171,52.87
2021-06-23,9,331,0.77
2021-06-24,1,23892,46.49
2021-06-24,2,27171,52.87
2021-06-24,9,331,0.77
2021-06-25,1,23892,46.49
2021-06-25,2,27171,52.87
2021-06-25,9,331,0.77
2021-06-26,1,23892,46.49
2021-06-26,2,27171,52.87
2021-06-26,9,331,0.77
2021-06-27,1,23892,46.49
2021-06-27,2,27171,52.87
2021-06-27,9,331,0.77
2021-06-28,1,23892,46.49
2021-06-28,2,27171,52.87
2021-06-28,9,331,0.77
2021-06-29,1,23892,46.49
2021-06-29,2,27171,52.87
2021-06-29,9,331,0.77
2021-06-30,1,23919,46.50
2021-06-30,2,27193,52.86
2021-06-30,9,329,0.77
2021-07-01,1,23919,46.50
2021-07-01,2,27193,52.86
2021-07-01,9,329,0.77
2021-07-02,1,23919,46.50
2021-07-02,2,27193,52.86
2021-07-02,9,329,0.77
2021-07-03,1,23919,46.50
2021-07-03,2,27193,52.86
2021-07-03,9,329,0.77
2021-07-04,1,23919,46.50
2021-07-04,2,27193,52.86
2021-07-04,9,329,0.77
2021-07-05,1,23919,46.50
2021-07-05,2,27193,52.86
2021-07-05,9,329,0.77
2021-07-06,1,23919,46.50
2021-07-06,2,27193,52.86
2021-07-06,9,329,0.77
2021-07-07,1,23919,46.50
2021-07-07,2,27193,52.86
2021-07-07,9,329,0.77
2021-07-08,1,23927,46.49
2021-07-08,2,27208,52.87
2021-07-08,9,330,0.77
2021-07-09,1,23927,46.49
2021-07-09,2,27208,52.87
2021-07-09,9,330,0.77
2021-07-10,1,23927,46.49
2021-07-10,2,27208,52.87
2021-07-10,9,330,0.77
2021-07-11,1,23927,46.49
2021-07-11,2,27208,52.87
2021-07-11,9,330,0.77
2021-07-12,1,23927,46.49
2021-07-12,2,27208,52.87
2021-07-12,9,330,0.77
2021-07-13,1,23927,46.49
2021-07-13,2,27208,52.87
2021-07-13,9,330,0.77
2021-07-14,1,23927,46.49
2021-07-14,2,27208,52.87
2021-07-14,9,330,0.77
2021-07-15,1,23992,46.49
2021-07-15,2,27278,52.86
2021-07-15,9,333,0.78
2021-07-16,1,23992,46.49
2021-07-16,2,27278,52.86
2021-07-16,9,333,0.78
2021-07-17,1,23992,46.49
2021-07-17,2,27278,52.86
2021-07-17,9,333,0.78
2021-07-18,1,23992,46.49
2021-07-18,2,27278,52.86
2021-07-18,9,333,0.78
2021-07-19,1,23992,46.49
2021-07-19,2,27278,52.86
2021-07-19,9,333,0.78
2021-07-20,1,23992,46.49
2021-07-20,2,27278,52.86
2021-07-20,9,333,0.78
2021-07-21,1,24099,46.50
2021-07-21,2,27403,52.87
2021-07-21,9,328,0.76
2021-07-22,1,24099,46.50
2021-07-22,2,27403,52.87
2021-07-22,9,328,0.76
2021-07-23,1,24099,46.50
2021-07-23,2,27403,52.87
2021-07-23,9,328,0.76
2021-07-24,1,24099,46.50
2021-07-24,2,27403,52.87
2021-07-24,9,328,0.76
2021-07-25,1,24099,46.50
2021-07-25,2,27403,52.87
2021-07-25,9,328,0.76
2021-07-26,1,24099,46.50
2021-07-26,2,27403,52.87
2021-07-26,9,328,0.76
2021-07-27,1,24099,46.50
2021-07-27,2,27403,52.87
2021-07-27,9,328,0.76
2021-07-28,1,24325,46.49
2021-07-28,2,27668,52.88
2021-07-28,9,331,0.76
2021-07-29,1,24325,46.49
2021-07-29,2,27668,52.88
2021-07-29,9,331,0.76
2021-07-30,1,24325,46.49
2021-07-30,2,27668,52.88
2021-07-30,9,331,0.76
2021-07-31,1,24325,46.49
2021-07-31,2,27668,52.88
2021-07-31,9,331,0.76
2021-08-01,1,24325,46.49
2021-08-01,2,27668,52.88
2021-08-01,9,331,0.76
2021-08-02,1,24325,46.49
2021-08-02,2,27668,52.88
2021-08-02,9,331,0.76
2021-08-03,1,24325,46.49
2021-08-03,2,27668,52.88
2021-08-03,9,331,0.76
2021-08-04,1,24698,46.49
2021-08-04,2,28098,52.88
2021-08-04,9,335,0.76
2021-08-05,1,24698,46.49
2021-08-05,2,28098,52.88
2021-08-05,9,335,0.76
2021-08-06,1,24698,46.49
2021-08-06,2,28098,52.88
2021-08-06,9,335,0.76
2021-08-07,1,24698,46.49
2021-08-07,2,28098,52.88
2021-08-07,9,335,0.76
2021-08-08,1,24698,46.49
2021-08-08,2,28098,52.88
2021-08-08,9,335,0.76
2021-08-09,1,24698,46.49
2021-08-09,2,28098,52.88
2021-08-09,9,335,0.76
2021-08-11,1,24698,46.49
2021-08-11,2,28098,52.88
2021-08-11,9,335,0.76
2021-08-12,1,25289,46.52
2021-08-12,2,28725,52.84
2021-08-12,9,347,0.77
2021-08-13,1,25289,46.52
2021-08-13,2,28725,52.84
2021-08-13,9,347,0.77
2021-08-14,1,25289,46.52
2021-08-14,2,28725,52.84
2021-08-14,9,347,0.77
2021-08-15,1,25289,46.52
2021-08-15,2,28725,52.84
2021-08-15,9,347,0.77
2021-08-16,1,25289,46.52
2021-08-16,2,28725,52.84
2021-08-16,9,347,0.77
2021-08-17,1,25289,46.52
2021-08-17,2,28725,52.84
2021-08-17,9,347,0.77
2021-08-18,1,25913,46.43
2021-08-18,2,29496,52.85
2021-08-18,9,404,0.88
2021-08-19,1,26089,46.38
2021-08-19,2,29744,52.88
2021-08-19,9,417,0.90
2021-08-20,1,26089,46.38
2021-08-20,2,29744,52.88
2021-08-20,9,417,0.90
2021-08-21,1,26089,46.38
2021-08-21,2,29744,52.88
2021-08-21,9,417,0.90
2021-08-22,1,26089,46.38
2021-08-22,2,29744,52.88
2021-08-22,9,417,0.90
2021-08-23,1,26089,46.38
2021-08-23,2,29744,52.88
2021-08-23,9,417,0.90
2021-08-24,1,26907,46.29
2021-08-24,2,30780,52.95
2021-08-24,9,445,0.93
2021-08-25,1,26907,46.29
2021-08-25,2,30780,52.95
2021-08-25,9,445,0.93
2021-08-26,1,26907,46.29
2021-08-26,2,30780,52.95
2021-08-26,9,445,0.93
2021-08-27,1,27234,46.25
2021-08-27,2,31184,52.96
2021-08-27,9,468,0.79
2021-08-28,1,27234,46.25
2021-08-28,2,31184,52.96
2021-08-28,9,468,0.79
2021-08-29,1,27234,46.25
2021-08-29,2,31184,52.96
2021-08-29,9,468,0.79
2021-08-30,1,27234,46.25
2021-08-30,2,31184,52.96
2021-08-30,9,468,0.79
2021-08-31,1,27234,46.25
2021-08-31,2,31184,52.96
2021-08-31,9,468,0.79
2021-09-01,1,28247,46.18
2021-09-01,2,32404,52.98
2021-09-01,9,515,0.84
2021-09-02,1,28713,46.18
2021-09-02,2,32936,52.97
2021-09-02,9,526,0.85
2021-09-03,1,28713,46.18
2021-09-03,2,32936,52.97
2021-09-03,9,526,0.85
2021-09-04,1,28713,46.18
2021-09-04,2,32936,52.97
2021-09-04,9,526,0.85
2021-09-05,1,28713,46.18
2021-09-05,2,32936,52.97
2021-09-05,9,526,0.85
2021-09-06,1,28713,46.18
2021-09-06,2,32936,52.97
2021-09-06,9,526,0.85
2021-09-07,1,28713,46.18
2021-09-07,2,32936,52.97
2021-09-07,9,526,0.85
2021-09-08,1,29970,46.17
2021-09-08,2,34387,52.98
2021-09-08,9,549,0.85
2021-09-09,1,30370,46.17
2021-09-09,2,34832,52.95
2021-09-09,9,576,0.88
2021-09-10,1,30583,46.18
2021-09-10,2,35069,52.95
2021-09-10,9,579,0.87
2021-09-11,1,30677,46.18
2021-09-11,2,35171,52.94
2021-09-11,9,582,0.88
2021-09-12,1,30677,46.18
2021-09-12,2,35171,52.94
2021-09-12,9,582,0.88
2021-09-13,1,31766,46.21
2021-09-13,2,36386,52.93
2021-09-13,9,597,0.87
2021-09-14,1,31766,46.21
2021-09-14,2,36386,52.93
2021-09-14,9,597,0.87
2021-09-15,1,32144,46.18
2021-09-15,2,36863,52.96
2021-09-15,9,598,0.86
2021-09-16,1,32368,46.17
2021-09-16,2,37137,52.97
2021-09-16,9,603,0.86
2021-09-17,1,32553,46.16
2021-09-17,2,37372,52.99
2021-09-17,9,604,0.86
2021-09-18,1,32553,46.16
2021-09-18,2,37372,52.99
2021-09-18,9,604,0.86
2021-09-19,1,32553,46.16
2021-09-19,2,37372,52.99
2021-09-19,9,604,0.86
2021-09-20,1,33165,46.15
2021-09-20,2,38087,53.00
2021-09-20,9,611,0.85
2021-09-21,1,33262,46.16
2021-09-21,2,38185,52.99
2021-09-21,9,616,0.85
2021-09-22,1,33262,46.16
2021-09-22,2,38185,52.99
2021-09-22,9,616,0.85
2021-09-23,1,33425,46.16
2021-09-23,2,38375,52.99
2021-09-23,9,618,0.85
2021-09-24,1,33717,46.15
2021-09-24,2,38714,52.99
2021-09-24,9,623,0.85
2021-09-25,1,33717,46.15
2021-09-25,2,38714,52.99
2021-09-25,9,623,0.85
2021-09-26,1,33717,46.15
2021-09-26,2,38714,52.99
2021-09-26,9,623,0.85
2021-09-27,1,33717,46.15
2021-09-27,2,38714,52.99
2021-09-27,9,623,0.85
2021-09-28,1,34091,46.14
2021-09-28,2,39162,53.01
2021-09-28,9,629,0.85
2021-09-29,1,34218,46.15
2021-09-29,2,39293,53.00
2021-09-29,9,631,0.85
2021-09-30,1,34382,46.15
2021-09-30,2,39486,53.00
2021-09-30,9,638,0.86
2021-10-01,1,34551,46.15
2021-10-01,2,39653,52.96
2021-10-01,9,664,0.89
2021-10-02,1,34551,46.15
2021-10-02,2,39653,52.96
2021-10-02,9,664,0.89
2021-10-03,1,34551,46.15
2021-10-03,2,39653,52.96
2021-10-03,9,664,0.89
2021-10-04,1,34551,46.15
2021-10-04,2,39653,52.96
2021-10-04,9,664,0.89
2021-10-05,1,34886,46.19
2021-10-05,2,39952,52.89
2021-10-05,9,695,0.92
2021-10-06,1,35020,46.18
2021-10-06,2,40106,52.89
2021-10-06,9,704,0.93
2021-10-07,1,35123,46.19
2021-10-07,2,40218,52.89
2021-10-07,9,704,0.93
2021-10-08,1,35196,46.19
2021-10-08,2,40295,52.88
2021-10-08,9,704,0.92
2021-10-09,1,35196,46.19
2021-10-09,2,40295,52.88
2021-10-09,9,704,0.92
2021-10-10,1,35196,46.19
2021-10-10,2,40295,52.88
2021-10-10,9,704,0.92
2021-10-11,1,35431,46.14
2021-10-11,2,40602,52.87
2021-10-11,9,765,1.00
2021-10-12,1,35467,46.15
2021-10-12,2,40626,52.86
2021-10-12,9,766,1.00
2021-10-13,1,35556,46.15
2021-10-13,2,40723,52.86
2021-10-13,9,766,0.99
2021-10-14,1,35640,46.17
2021-10-14,2,40851,52.92
2021-10-14,9,708,0.92
2021-10-15,1,35640,46.17
2021-10-15,2,40851,52.92
2021-10-15,9,708,0.92
2021-10-16,1,35698,46.17
2021-10-16,2,40923,52.93
2021-10-16,9,691,0.89
2021-10-17,1,35698,46.17
2021-10-17,2,40923,52.93
2021-10-17,9,691,0.89
2021-10-18,1,35698,46.17
2021-10-18,2,40923,52.93
2021-10-18,9,691,0.89
2021-10-19,1,35863,46.17
2021-10-19,2,41119,52.93
2021-10-19,9,699,0.90
2021-10-20,1,35945,46.16
2021-10-20,2,41225,52.94
2021-10-20,9,700,0.90
2021-10-21,1,36022,46.18
2021-10-21,2,41293,52.93
2021-10-21,9,696,0.89
2021-10-22,1,36104,46.18
2021-10-22,2,41370,52.92
2021-10-22,9,700,0.90
2021-10-23,1,36104,46.18
2021-10-23,2,41370,52.92
2021-10-23,9,700,0.90
2021-10-24,1,36104,46.18
2021-10-24,2,41370,52.92
2021-10-24,9,700,0.90
2021-10-25,1,36222,46.19
2021-10-25,2,41500,52.92
2021-10-25,9,703,0.90
2021-10-26,1,36222,46.19
2021-10-26,2,41500,52.92
2021-10-26,9,703,0.90
2021-10-27,1,36278,46.18
2021-10-27,2,41572,52.92
2021-10-27,9,705,0.90
2021-10-28,1,36317,46.18
2021-10-28,2,41612,52.92
2021-10-28,9,705,0.90
2021-10-29,1,36357,46.17
2021-10-29,2,41676,52.93
2021-10-29,9,706,0.90
2021-10-30,1,36357,46.17
2021-10-30,2,41676,52.93
2021-10-30,9,706,0.90
2021-10-31,1,36357,46.17
2021-10-31,2,41676,52.93
2021-10-31,9,706,0.90
2021-11-01,1,36452,46.18
2021-11-01,2,41771,52.92
2021-11-01,9,706,0.89
2021-11-02,1,36456,46.17
2021-11-02,2,41792,52.93
2021-11-02,9,706,0.89
2021-11-03,1,36489,46.17
2021-11-03,2,41841,52.94
2021-11-03,9,708,0.90
2021-11-04,1,36506,46.16
2021-11-04,2,41870,52.94
2021-11-04,9,708,0.90
2021-11-05,1,36550,46.17
2021-11-05,2,41914,52.94
2021-11-05,9,708,0.89
2021-11-06,1,36550,46.17
2021-11-06,2,41914,52.94
2021-11-06,9,708,0.89
2021-11-07,1,36550,46.17
2021-11-07,2,41914,52.94
2021-11-07,9,708,0.89
2021-11-08,1,36550,46.17
2021-11-08,2,41914,52.94
2021-11-08,9,708,0.89
2021-11-09,1,36606,46.15
2021-11-09,2,42006,52.96
2021-11-09,9,709,0.89
2021-11-10,1,36631,46.16
2021-11-10,2,42018,52.95
2021-11-10,9,709,0.89
2021-11-11,1,36673,46.16
2021-11-11,2,42064,52.95
2021-11-11,9,707,0.89
2021-11-12,1,36673,46.16
2021-11-12,2,42064,52.95
2021-11-12,9,707,0.89
2021-11-13,1,36754,46.16
2021-11-13,2,42168,52.96
2021-11-13,9,702,0.88
2021-11-14,1,36754,46.16
2021-11-14,2,42168,52.96
2021-11-14,9,702,0.88
2021-11-15,1,36754,46.16
2021-11-15,2,42168,52.96
2021-11-15,9,702,0.88
2021-11-16,1,36830,46.16
2021-11-16,2,42252,52.96
2021-11-16,9,704,0.88
2021-11-17,1,36869,46.16
2021-11-17,2,42296,52.96
2021-11-17,9,703,0.88
2021-11-18,1,36911,46.16
2021-11-18,2,42341,52.96
2021-11-18,9,704,0.88
2021-11-19,1,36949,46.16
2021-11-19,2,42396,52.97
2021-11-19,9,700,0.87
2021-11-20,1,36993,46.17
2021-11-20,2,42434,52.96
2021-11-20,9,699,0.87
2021-11-21,1,36993,46.17
2021-11-21,2,42434,52.96
2021-11-21,9,699,0.87
2021-11-22,1,36993,46.17
2021-11-22,2,42434,52.96
2021-11-22,9,699,0.87
2021-11-23,1,37113,46.17
2021-11-23,2,42577,52.96
2021-11-23,9,702,0.87
2021-11-24,1,37130,46.17
2021-11-24,2,42588,52.96
2021-11-24,9,702,0.87
2021-11-25,1,37178,46.17
2021-11-25,2,42640,52.95
2021-11-25,9,709,0.88
2021-11-26,1,37178,46.17
2021-11-26,2,42640,52.95
2021-11-26,9,709,0.88
2021-11-27,1,37178,46.17
2021-11-27,2,42640,52.95
2021-11-27,9,709,0.88
2021-11-28,1,37178,46.17
2021-11-28,2,42640,52.95
2021-11-28,9,709,0.88
2021-11-29,1,37178,46.17
2021-11-29,2,42640,52.95
2021-11-29,9,709,0.88
2021-11-30,1,37334,46.17
2021-11-30,2,42828,52.96
2021-11-30,9,707,0.87
2021-12-01,1,37345,46.16
2021-12-01,2,42844,52.96
2021-12-01,9,707,0.87
2021-12-02,1,37425,46.16
2021-12-02,2,42946,52.97
2021-12-02,9,709,0.87
2021-12-03,1,37471,46.16
2021-12-03,2,43007,52.97
2021-12-03,9,706,0.87
2021-12-04,1,37562,46.16
2021-12-04,2,43104,52.97
2021-12-04,9,706,0.87
2021-12-05,1,37562,46.16
2021-12-05,2,43104,52.97
2021-12-05,9,706,0.87
2021-12-06,1,37562,46.16
2021-12-06,2,43104,52.97
2021-12-06,9,706,0.87
2021-12-07,1,37732,46.17
2021-12-07,2,43283,52.97
2021-12-07,9,702,0.86
2021-12-08,1,37758,46.17
2021-12-08,2,43316,52.97
2021-12-08,9,702,0.86
2021-12-09,1,37826,46.18
2021-12-09,2,43388,52.97
2021-12-09,9,700,0.85
2021-12-10,1,37881,46.18
2021-12-10,2,43457,52.97
2021-12-10,9,699,0.85
2021-12-11,1,37932,46.16
2021-12-11,2,43545,52.99
2021-12-11,9,697,0.85
2021-12-12,1,37932,46.16
2021-12-12,2,43545,52.99
2021-12-12,9,697,0.85
2021-12-13,1,37932,46.16
2021-12-13,2,43545,52.99
2021-12-13,9,697,0.85
2021-12-14,1,38067,46.16
2021-12-14,2,43701,52.99
2021-12-14,9,697,0.85
2021-12-15,1,38103,46.16
2021-12-15,2,43749,53.00
2021-12-15,9,697,0.84
2021-12-16,1,38150,46.17
2021-12-16,2,43778,52.98
2021-12-16,9,698,0.84
2021-12-17,1,38199,46.16
2021-12-17,2,43851,52.99
2021-12-17,9,697,0.84
2021-12-18,1,38261,46.15
2021-12-18,2,43938,53.00
2021-12-18,9,699,0.84
2021-12-19,1,38261,46.15
2021-12-19,2,43938,53.00
2021-12-19,9,699,0.84
2021-12-20,1,38261,46.15
2021-12-20,2,43938,53.00
2021-12-20,9,699,0.84
2021-12-21,1,38426,46.16
2021-12-21,2,44129,53.01
2021-12-21,9,698,0.84
2021-12-22,1,38455,46.15
2021-12-22,2,44173,53.01
2021-12-22,9,698,0.84
2021-12-23,1,38514,46.16
2021-12-23,2,44230,53.01
2021-12-23,9,700,0.84
2021-12-24,1,38588,46.16
2021-12-24,2,44314,53.00
2021-12-24,9,702,0.84
2021-12-25,1,38588,46.16
2021-12-25,2,44314,53.00
2021-12-25,9,702,0.84
2021-12-26,1,38588,46.16
2021-12-26,2,44314,53.00
2021-12-26,9,702,0.84
2021-12-27,1,38588,46.16
2021-12-27,2,44314,53.00
2021-12-27,9,702,0.84
2021-12-28,1,38588,46.16
2021-12-28,2,44314,53.00
2021-12-28,9,702,0.84
2021-12-29,1,38913,46.13
2021-12-29,2,44732,53.03
2021-12-29,9,705,0.84
2021-12-30,1,39074,46.14
2021-12-30,2,44913,53.03
2021-12-30,9,706,0.83
2021-12-31,1,39272,46.15
2021-12-31,2,45118,53.02
2021-12-31,9,705,0.83
2022-01-01,1,39272,46.15
2022-01-01,2,45118,53.02
2022-01-01,9,705,0.83
2022-01-02,1,39272,46.15
2022-01-02,2,45118,53.02
2022-01-02,9,705,0.83
2022-01-03,1,39272,46.15
2022-01-03,2,45118,53.02
2022-01-03,9,705,0.83
2022-01-04,2,46319,53.06
2022-01-04,9,709,0.81
2022-01-05,1,40369,46.09
2022-01-05,2,46513,53.10
2022-01-05,9,710,0.81
2022-01-06,1,40717,46.07
2022-01-06,2,46949,53.12
2022-01-06,9,716,0.81
2022-01-07,1,41171,46.08
2022-01-07,2,47453,53.11
2022-01-07,9,721,0.81
2022-01-08,1,41784,46.06
2022-01-08,2,48216,53.15
2022-01-08,9,723,0.80
2022-01-09,1,41784,46.06
2022-01-09,2,48216,53.15
2022-01-09,9,723,0.80
2022-01-10,1,41784,46.06
2022-01-10,2,48216,53.15
2022-01-10,9,723,0.80
2022-01-11,1,41784,46.06
2022-01-11,2,48216,53.15
2022-01-11,9,723,0.80
2022-01-12,1,41784,46.06
2022-01-12,2,48216,53.15
2022-01-12,9,723,0.80
2022-01-13,1,42621,45.97
2022-01-13,2,49362,53.24
2022-01-13,9,740,0.80
2022-01-14,1,42621,45.97
2022-01-14,2,49362,53.24
2022-01-14,9,740,0.80
2022-01-15,1,42621,45.97
2022-01-15,2,49362,53.24
2022-01-15,9,740,0.80
2022-01-16,1,42621,45.97
2022-01-16,2,49362,53.24
2022-01-16,9,740,0.80
2022-01-17,1,42621,45.97
2022-01-17,2,49362,53.24
2022-01-17,9,740,0.80
2022-01-18,1,42621,45.97
2022-01-18,2,49362,53.24
2022-01-18,9,740,0.80
2022-01-19,1,42621,45.97
2022-01-19,2,49362,53.24
2022-01-19,9,740,0.80
2022-01-20,1,46091,45.91
2022-01-20,2,53525,53.31
2022-01-20,9,782,0.78
2022-01-21,1,46091,45.91
2022-01-21,2,53525,53.31
2022-01-21,9,782,0.78
2022-01-22,1,46091,45.91
2022-01-22,2,53525,53.31
2022-01-22,9,782,0.78
2022-01-23,1,46091,45.91
2022-01-23,2,53525,53.31
2022-01-23,9,782,0.78
2022-01-24,1,46091,45.91
2022-01-24,2,53525,53.31
2022-01-24,9,782,0.78
2022-01-25,1,46091,45.91
2022-01-25,2,53525,53.31
2022-01-25,9,782,0.78
2022-01-26,1,46091,45.91
2022-01-26,2,53525,53.31
2022-01-26,9,782,0.78
2022-01-27,1,49704,45.66
2022-01-27,2,58352,53.60
2022-01-27,9,800,0.73
2022-01-28,1,49704,45.66
2022-01-28,2,58352,53.60
2022-01-28,9,800,0.73
2022-01-29,1,49704,45.66
2022-01-29,2,58352,53.60
2022-01-29,9,800,0.73
2022-01-30,1,49704,45.66
2022-01-30,2,58352,53.60
2022-01-30,9,800,0.73
2022-01-31,1,49704,45.66
2022-01-31,2,58352,53.60
2022-01-31,9,800,0.73
2022-02-01,1,49704,45.66
2022-02-01,2,58352,53.60
2022-02-01,9,800,0.73
2022-02-02,1,49704,45.66
2022-02-02,2,58352,53.60
2022-02-02,9,800,0.73
2022-02-03,1,52967,45.65
2022-02-03,2,62260,53.66
2022-02-03,9,801,0.69
2022-02-04,1,52967,45.65
2022-02-04,2,62260,53.66
2022-02-04,9,801,0.69
2022-02-05,1,52967,45.65
2022-02-05,2,62260,53.66
2022-02-05,9,801,0.69
2022-02-06,1,52967,45.65
2022-02-06,2,62260,53.66
2022-02-06,9,801,0.69
2022-02-07,1,52967,45.65
2022-02-07,2,62260,53.66
2022-02-07,9,801,0.69
2022-02-08,1,52967,45.65
2022-02-08,2,62260,53.66
2022-02-08,9,801,0.69
2022-02-09,1,52967,45.65
2022-02-09,2,62260,53.66
2022-02-09,9,801,0.69
2022-02-10,1,55456,45.58
2022-02-10,2,65405,53.75
2022-02-10,9,814,0.67
2022-02-11,1,55456,45.58
2022-02-11,2,65405,53.75
2022-02-11,9,814,0.67
2022-02-12,1,55456,45.58
2022-02-12,2,65405,53.75
2022-02-12,9,814,0.67
2022-02-13,1,55456,45.58
2022-02-13,2,65405,53.75
2022-02-13,9,814,0.67
2022-02-14,1,55456,45.58
2022-02-14,2,65405,53.75
2022-02-14,9,814,0.67
2022-02-15,1,55456,45.58
2022-02-15,2,65405,53.75
2022-02-15,9,814,0.67
2022-02-16,1,55456,45.58
2022-02-16,2,65405,53.75
2022-02-16,9,814,0.67
2022-02-17,1,56668,45.53
2022-02-17,2,66967,53.81
2022-02-17,9,825,0.66
2022-02-18,1,56668,45.53
2022-02-18,2,66967,53.81
2022-02-18,9,825,0.66
2022-02-19,1,56668,45.53
2022-02-19,2,66967,53.81
2022-02-19,9,825,0.66
2022-02-20,1,56668,45.53
2022-02-20,2,66967,53.81
2022-02-20,9,825,0.66
2022-02-21,1,56668,45.53
2022-02-21,2,66967,53.81
2022-02-21,9,825,0.66
2022-02-22,1,56668,45.53
2022-02-22,2,66967,53.81
2022-02-22,9,825,0.66
2022-02-23,1,56668,45.53
2022-02-23,2,66967,53.81
2022-02-23,9,825,0.66
2022-02-24,1,57365,45.53
2022-02-24,2,67811,53.82
2022-02-24,9,831,0.66
2022-02-25,1,57365,45.53
2022-02-25,2,67811,53.82
2022-02-25,9,831,0.66
2022-02-26,1,57365,45.53
2022-02-26,2,67811,53.82
2022-02-26,9,831,0.66
2022-02-27,1,57365,45.53
2022-02-27,2,67811,53.82
2022-02-27,9,831,0.66
2022-02-28,1,57365,45.53
2022-02-28,2,67811,53.82
2022-02-28,9,831,0.66
2022-03-01,1,57365,45.53
2022-03-01,2,67811,53.82
2022-03-01,9,831,0.66
2022-03-02,1,57365,45.53
2022-03-02,2,67811,53.82
2022-03-02,9,831,0.66
2022-03-03,1,57686,45.51
2022-03-03,2,68244,53.84
2022-03-03,9,833,0.66
2022-03-04,1,57686,45.51
2022-03-04,2,68244,53.84
2022-03-04,9,833,0.66
2022-03-05,1,57686,45.51
2022-03-05,2,68244,53.84
2022-03-05,9,833,0.66
2022-03-06,1,57686,45.51
2022-03-06,2,68244,53.84
2022-03-06,9,833,0.66
2022-03-07,1,57686,45.51
2022-03-07,2,68244,53.84
2022-03-07,9,833,0.66
2022-03-08,1,57686,45.51
2022-03-08,2,68244,53.84
2022-03-08,9,833,0.66
2022-03-09,1,57686,45.51
2022-03-09,2,68244,53.84
2022-03-09,9,833,0.66
2022-03-10,1,57840,45.49
2022-03-10,2,68485,53.86
2022-03-10,9,832,0.65
2022-03-11,1,57840,45.49
2022-03-11,2,68485,53.86
2022-03-11,9,832,0.65
2022-03-12,1,57840,45.49
2022-03-12,2,68485,53.86
2022-03-12,9,832,0.65
2022-03-13,1,57840,45.49
2022-03-13,2,68485,53.86
2022-03-13,9,832,0.65
2022-03-14,1,57840,45.49
2022-03-14,2,68485,53.86
2022-03-14,9,832,0.65
2022-03-15,1,57840,45.49
2022-03-15,2,68485,53.86
2022-03-15,9,832,0.65
2022-03-16,1,57919,45.47
2022-03-16,2,68618,53.87
2022-03-16,9,832,0.65
2022-03-17,1,57919,45.47
2022-03-17,2,68618,53.87
2022-03-17,9,832,0.65
2022-03-18,1,57919,45.47
2022-03-18,2,68618,53.87
2022-03-18,9,832,0.65
2022-03-19,1,57919,45.47
2022-03-19,2,68618,53.87
2022-03-19,9,832,0.65
2022-03-20,1,57919,45.47
2022-03-20,2,68618,53.87
2022-03-20,9,832,0.65
2022-03-21,1,57919,45.47
2022-03-21,2,68618,53.87
2022-03-21,9,832,0.65
2022-03-22,1,57919,45.47
2022-03-22,2,68618,53.87
2022-03-22,9,832,0.65
2022-03-23,1,57919,45.47
2022-03-23,2,68618,53.87
2022-03-23,9,832,0.65
2022-03-24,1,57991,45.47
2022-03-24,2,68719,53.88
2022-03-24,9,832,0.65
2022-03-25,1,57991,45.47
2022-03-25,2,68719,53.88
2022-03-25,9,832,0.65
2022-03-26,1,57991,45.47
2022-03-26,2,68719,53.88
2022-03-26,9,832,0.65
2022-03-27,1,57991,45.47
2022-03-27,2,68719,53.88
2022-03-27,9,832,0.65
2022-03-28,1,57991,45.47
2022-03-28,2,68719,53.88
2022-03-28,9,832,0.65
2022-03-29,1,57991,45.47
2022-03-29,2,68719,53.88
2022-03-29,9,832,0.65
2022-03-30,1,57991,45.47
2022-03-30,2,68719,53.88
2022-03-30,9,832,0.65
2022-03-31,1,58026,45.45
2022-03-31,2,68813,53.90
2022-03-31,9,832,0.65
2022-04-01,1,58026,45.45
2022-04-01,2,68813,53.90
2022-04-01,9,832,0.65
2022-04-02,1,58026,45.45
2022-04-02,2,68813,53.90
2022-04-02,9,832,0.65
2022-04-03,1,58026,45.45
2022-04-03,2,68813,53.90
2022-04-03,9,832,0.65
2022-04-04,1,58026,45.45
2022-04-04,2,68813,53.90
2022-04-04,9,832,0.65
2022-04-05,1,58026,45.45
2022-04-05,2,68813,53.90
2022-04-05,9,832,0.65
2022-04-06,1,58062,45.44
2022-04-06,2,68877,53.91
2022-04-06,9,834,0.65
2022-04-07,1,58062,45.44
2022-04-07,2,68877,53.91
2022-04-07,9,834,0.65
2022-04-08,1,58062,45.44
2022-04-08,2,68877,53.91
2022-04-08,9,834,0.65
2022-04-09,1,58062,45.44
2022-04-09,2,68877,53.91
2022-04-09,9,834,0.65
2022-04-10,1,58062,45.44
2022-04-10,2,68877,53.91
2022-04-10,9,834,0.65
2022-04-11,1,58062,45.44
2022-04-11,2,68877,53.91
2022-04-11,9,834,0.65
2022-04-12,1,58062,45.44
2022-04-12,2,68877,53.91
2022-04-12,9,834,0.65
2022-04-13,1,58093,45.43
2022-04-13,2,68930,53.91
2022-04-13,9,837,0.65
2022-04-14,1,58093,45.43
2022-04-14,2,68930,53.91
2022-04-14,9,837,0.65
2022-04-15,1,58093,45.43
2022-04-15,2,68930,53.91
2022-04-15,9,837,0.65
2022-04-16,1,58093,45.43
2022-04-16,2,68930,53.91
2022-04-16,9,837,0.65
2022-04-17,1,58093,45.43
2022-04-17,2,68930,53.91
2022-04-17,9,837,0.65
2022-04-18,1,58093,45.43
2022-04-18,2,68930,53.91
2022-04-18,9,837,0.65
2022-04-19,1,58093,45.43
2022-04-19,2,68930,53.91
2022-04-19,9,837,0.65
2022-04-20,1,58154,45.43
2022-04-20,2,69009,53.91
2022-04-20,9,835,0.65
2022-04-21,1,58154,45.43
2022-04-21,2,69009,53.91
2022-04-21,9,835,0.65
2022-04-22,1,58154,45.43
2022-04-22,2,69009,53.91
2022-04-22,9,835,0.65
2022-04-23,1,58154,45.43
2022-04-23,2,69009,53.91
2022-04-23,9,835,0.65
2022-04-24,1,58154,45.43
2022-04-24,2,69009,53.91
2022-04-24,9,835,0.65
2022-04-25,1,58154,45.43
2022-04-25,2,69009,53.91
2022-04-25,9,835,0.65
2022-04-26,1,58154,45.43
2022-04-26,2,69009,53.91
2022-04-26,9,835,0.65
2022-04-27,1,58154,45.43
2022-04-27,2,69009,53.91
2022-04-27,9,835,0.65
2022-04-28,1,58239,45.43
2022-04-28,2,69126,53.92
2022-04-28,9,834,0.65
2022-04-30,1,58239,45.43
2022-04-30,2,69126,53.92
2022-04-30,9,834,0.65
2022-05-01,1,58239,45.43
2022-05-01,2,69126,53.92
2022-05-01,9,834,0.65
2022-05-02,1,58239,45.43
2022-05-02,2,69126,53.92
2022-05-02,9,834,0.65
2022-05-03,1,58239,45.43
2022-05-03,2,69126,53.92
2022-05-03,9,834,0.65
2022-05-04,1,58239,45.43
2022-05-04,2,69126,53.92
2022-05-04,9,834,0.65
2022-05-05,1,58333,45.42
2022-05-05,2,69271,53.93
2022-05-05,9,831,0.65
2022-05-06,1,58333,45.42
2022-05-06,2,69271,53.93
2022-05-06,9,831,0.65
2022-05-07,1,58333,45.42
2022-05-07,2,69271,53.93
2022-05-07,9,831,0.65
2022-05-08,1,58333,45.42
2022-05-08,2,69271,53.93
2022-05-08,9,831,0.65
2022-05-09,1,58333,45.42
2022-05-09,2,69271,53.93
2022-05-09,9,831,0.65
2022-05-10,1,58333,45.42
2022-05-10,2,69271,53.93
2022-05-10,9,831,0.65
2022-05-11,1,58450,45.41
2022-05-11,2,69422,53.94
2022-05-11,9,835,0.65
2022-05-12,1,58450,45.41
2022-05-12,2,69422,53.94
2022-05-12,9,835,0.65
2022-05-13,1,58450,45.41
2022-05-13,2,69422,53.94
2022-05-13,9,835,0.65
2022-05-14,1,58450,45.41
2022-05-14,2,69422,53.94
2022-05-14,9,835,0.65
2022-05-15,1,58450,45.41
2022-05-15,2,69422,53.94
2022-05-15,9,835,0.65
2022-05-16,1,58450,45.41
2022-05-16,2,69422,53.94
2022-05-16,9,835,0.65
2022-05-17,1,58450,45.41
2022-05-17,2,69422,53.94
2022-05-17,9,835,0.65
2022-05-18,1,58609,45.40
2022-05-18,2,69646,53.94
2022-05-18,9,851,0.66
2022-05-19,1,58609,45.40
2022-05-19,2,69646,53.94
2022-05-19,9,851,0.66
2022-05-20,1,58609,45.40
2022-05-20,2,69646,53.94
2022-05-20,9,851,0.66
2022-05-21,1,58609,45.40
2022-05-21,2,69646,53.94
2022-05-21,9,851,0.66
2022-05-22,1,58609,45.40
2022-05-22,2,69646,53.94
2022-05-22,9,851,0.66
2022-05-23,1,58609,45.40
2022-05-23,2,69646,53.94
2022-05-23,9,851,0.66
2022-05-24,1,58609,45.40
2022-05-24,2,69646,53.94
2022-05-24,9,851,0.66
2022-05-25,1,58814,45.39
2022-05-25,2,69909,53.95
2022-05-25,9,852,0.66
2022-05-26,1,58814,45.39
2022-05-26,2,69909,53.95
2022-05-26,9,852,0.66
2022-05-27,1,58814,45.39
2022-05-27,2,69909,53.95
2022-05-27,9,852,0.66
2022-05-28,1,58814,45.39
2022-05-28,2,69909,53.95
2022-05-28,9,852,0.66
2022-05-29,1,58814,45.39
2022-05-29,2,69909,53.95
2022-05-29,9,852,0.66
2022-05-30,1,58814,45.39
2022-05-30,2,69909,53.95
2022-05-30,9,852,0.66
2022-05-31,1,58814,45.39
2022-05-31,2,69909,53.95
2022-05-31,9,852,0.66
2022-06-01,1,59087,45.38
2022-06-01,2,70267,53.97
2022-06-01,9,854,0.66
2022-06-02,1,59087,45.38
2022-06-02,2,70267,53.97
2022-06-02,9,854,0.66
2022-06-03,1,59087,45.38
2022-06-03,2,70267,53.97
2022-06-03,9,854,0.66
2022-06-04,1,59087,45.38
2022-06-04,2,70267,53.97
2022-06-04,9,854,0.66
2022-06-05,1,59087,45.38
2022-06-05,2,70267,53.97
2022-06-05,9,854,0.66
2022-06-06,1,59087,45.38
2022-06-06,2,70267,53.97
2022-06-06,9,854,0.66
2022-06-07,1,59087,45.38
2022-06-07,2,70267,53.97
2022-06-07,9,854,0.66
2022-06-08,1,59404,45.37
2022-06-08,2,70683,53.98
2022-06-08,9,855,0.65
2022-06-09,1,59404,45.37
2022-06-09,2,70683,53.98
2022-06-09,9,855,0.65
2022-06-10,1,59404,45.37
2022-06-10,2,70683,53.98
2022-06-10,9,855,0.65
2022-06-11,1,59404,45.37
2022-06-11,2,70683,53.98
2022-06-11,9,855,0.65
2022-06-12,1,59404,45.37
2022-06-12,2,70683,53.98
2022-06-12,9,855,0.65
2022-06-13,1,59404,45.37
2022-06-13,2,70683,53.98
2022-06-13,9,855,0.65
2022-06-14,1,59404,45.37
2022-06-14,2,70683,53.98
2022-06-14,9,855,0.65
2022-06-15,1,59756,45.35
2022-06-15,2,71145,54.00
2022-06-15,9,857,0.65
2022-06-16,1,59756,45.35
2022-06-16,2,71145,54.00
2022-06-16,9,857,0.65
2022-06-17,1,59756,45.35
2022-06-17,2,71145,54.00
2022-06-17,9,857,0.65
2022-06-18,1,59756,45.35
2022-06-18,2,71145,54.00
2022-06-18,9,857,0.65
2022-06-19,1,59756,45.35
2022-06-19,2,71145,54.00
2022-06-19,9,857,0.65
2022-06-20,1,59756,45.35
2022-06-20,2,71145,54.00
2022-06-20,9,857,0.65
2022-06-21,1,59756,45.35
2022-06-21,2,71145,54.00
2022-06-21,9,857,0.65
2022-06-22,1,59756,45.35
2022-06-22,2,71145,54.00
2022-06-22,9,857,0.65
2022-06-23,1,60099,45.34
2022-06-23,2,71604,54.02
2022-06-23,9,859,0.65
2022-06-24,1,60099,45.34
2022-06-24,2,71604,54.02
2022-06-24,9,859,0.65
2022-06-25,1,60099,45.34
2022-06-25,2,71604,54.02
2022-06-25,9,859,0.65
2022-06-26,1,60099,45.34
2022-06-26,2,71604,54.02
2022-06-26,9,859,0.65
2022-06-27,1,60099,45.34
2022-06-27,2,71604,54.02
2022-06-27,9,859,0.65
2022-06-28,1,60099,45.34
2022-06-28,2,71604,54.02
2022-06-28,9,859,0.65
2022-06-29,1,60552,45.33
2022-06-29,2,72160,54.02
2022-06-29,9,863,0.65
2022-06-30,1,60552,45.33
2022-06-30,2,72160,54.02
2022-06-30,9,863,0.65
2022-07-01,1,60552,45.33
2022-07-01,2,72160,54.02
2022-07-01,9,863,0.65
2022-07-02,1,60552,45.33
2022-07-02,2,72160,54.02
2022-07-02,9,863,0.65
2022-07-03,1,60552,45.33
2022-07-03,2,72160,54.02
2022-07-03,9,863,0.65
2022-07-04,1,60552,45.33
2022-07-04,2,72160,54.02
2022-07-04,9,863,0.65
2022-07-05,1,60552,45.33
2022-07-05,2,72160,54.02
2022-07-05,9,863,0.65
2022-07-06,1,61008,45.30
2022-07-06,2,72789,54.05
2022-07-06,9,869,0.65
2022-07-07,1,61008,45.30
2022-07-07,2,72789,54.05
2022-07-07,9,869,0.65
2022-07-08,1,61008,45.30
2022-07-08,2,72789,54.05
2022-07-08,9,869,0.65
2022-07-09,1,61008,45.30
2022-07-09,2,72789,54.05
2022-07-09,9,869,0.65
2022-07-10,1,61008,45.30
2022-07-10,2,72789,54.05
2022-07-10,9,869,0.65
2022-07-11,1,61008,45.30
2022-07-11,2,72789,54.05
2022-07-11,9,869,0.65
2022-07-12,1,61008,45.30
2022-07-12,2,72789,54.05
2022-07-12,9,869,0.65
2022-07-13,1,61471,45.29
2022-07-13,2,73383,54.07
2022-07-13,9,863,0.64
2022-07-14,1,61471,45.29
2022-07-14,2,73383,54.07
2022-07-14,9,863,0.64
2022-07-15,1,61471,45.29
2022-07-15,2,73383,54.07
2022-07-15,9,863,0.64
2022-07-16,1,61471,45.29
2022-07-16,2,73383,54.07
2022-07-16,9,863,0.64
2022-07-17,1,61471,45.29
2022-07-17,2,73383,54.07
2022-07-17,9,863,0.64
2022-07-18,1,61471,45.29
2022-07-18,2,73383,54.07
2022-07-18,9,863,0.64
2022-07-19,1,61471,45.29
2022-07-19,2,73383,54.07
2022-07-19,9,863,0.64
2022-07-20,1,62048,45.29
2022-07-20,2,74094,54.08
2022-07-20,9,861,0.63
2022-07-21,1,62048,45.29
2022-07-21,2,74094,54.08
2022-07-21,9,861,0.63
2022-07-22,1,62048,45.29
2022-07-22,2,74094,54.08
2022-07-22,9,861,0.63
2022-07-23,1,62048,45.29
2022-07-23,2,74094,54.08
2022-07-23,9,861,0.63
2022-07-24,1,62048,45.29
2022-07-24,2,74094,54.08
2022-07-24,9,861,0.63
2022-07-25,1,62048,45.29
2022-07-25,2,74094,54.08
2022-07-25,9,861,0.63
2022-07-26,1,62048,45.29
2022-07-26,2,74094,54.08
2022-07-26,9,861,0.63
2022-07-27,1,62691,45.26
2022-07-27,2,74953,54.11
2022-07-27,9,867,0.63
2022-07-28,1,62691,45.26
2022-07-28,2,74953,54.11
2022-07-28,9,867,0.63
2022-07-29,1,62691,45.26
2022-07-29,2,74953,54.11
2022-07-29,9,867,0.63
2022-07-30,1,62691,45.26
2022-07-30,2,74953,54.11
2022-07-30,9,867,0.63
2022-07-31,1,62691,45.26
2022-07-31,2,74953,54.11
2022-07-31,9,867,0.63
2022-08-01,1,62691,45.26
2022-08-01,2,74953,54.11
2022-08-01,9,867,0.63
2022-08-02,1,62691,45.26
2022-08-02,2,74953,54.11
2022-08-02,9,867,0.63
2022-08-03,1,62691,45.26
2022-08-03,2,74953,54.11
2022-08-03,9,867,0.63
2022-08-04,1,63267,45.23
2022-08-04,2,75745,54.15
2022-08-04,9,870,0.62
2022-08-05,1,63267,45.23
2022-08-05,2,75745,54.15
2022-08-05,9,870,0.62
2022-08-06,1,63267,45.23
2022-08-06,2,75745,54.15
2022-08-06,9,870,0.62
2022-08-07,1,63267,45.23
2022-08-07,2,75745,54.15
2022-08-07,9,870,0.62
2022-08-08,1,63267,45.23
2022-08-08,2,75745,54.15
2022-08-08,9,870,0.62
2022-08-09,1,63267,45.23
2022-08-09,2,75745,54.15
2022-08-09,9,870,0.62
2022-08-10,1,63267,45.23
2022-08-10,2,75745,54.15
2022-08-10,9,870,0.62
2022-08-11,1,63781,45.19
2022-08-11,2,76472,54.18
2022-08-11,9,887,0.63
2022-08-12,1,63781,45.19
2022-08-12,2,76472,54.18
2022-08-12,9,887,0.63
2022-08-13,1,63781,45.19
2022-08-13,2,76472,54.18
2022-08-13,9,887,0.63
2022-08-14,1,63781,45.19
2022-08-14,2,76472,54.18
2022-08-14,9,887,0.63
2022-08-15,1,63781,45.19
2022-08-15,2,76472,54.18
2022-08-15,9,887,0.63
2022-08-16,1,63781,45.19
2022-08-16,2,76472,54.18
2022-08-16,9,887,0.63
2022-08-17,1,64187,45.15
2022-08-17,2,77070,54.21
2022-08-17,9,900,0.63
2022-08-18,1,64187,45.15
2022-08-18,2,77070,54.21
2022-08-18,9,900,0.63
2022-08-19,1,64187,45.15
2022-08-19,2,77070,54.21
2022-08-19,9,900,0.63
2022-08-20,1,64187,45.15
2022-08-20,2,77070,54.21
2022-08-20,9,900,0.63
2022-08-21,1,64187,45.15
2022-08-21,2,77070,54.21
2022-08-21,9,900,0.63
2022-08-22,1,64187,45.15
2022-08-22,2,77070,54.21
2022-08-22,9,900,0.63
2022-08-23,1,64187,45.15
2022-08-23,2,77070,54.21
2022-08-23,9,900,0.63
2022-08-24,1,64811,45.12
2022-08-24,2,77894,54.23
2022-08-24,9,925,0.64
2022-08-25,1,64811,45.12
2022-08-25,2,77894,54.23
2022-08-25,9,925,0.64
2022-08-26,1,64811,45.12
2022-08-26,2,77894,54.23
2022-08-26,9,925,0.64
2022-08-27,1,64811,45.12
2022-08-27,2,77894,54.23
2022-08-27,9,925,0.64
2022-08-28,1,64811,45.12
2022-08-28,2,77894,54.23
2022-08-28,9,925,0.64
2022-08-29,1,64811,45.12
2022-08-29,2,77894,54.23
2022-08-29,9,925,0.64
2022-08-30,1,64811,45.12
2022-08-30,2,77894,54.23
2022-08-30,9,925,0.64
2022-08-31,1,64811,45.12
2022-08-31,2,77894,54.23
2022-08-31,9,925,0.64
2022-09-01,1,65352,45.09
2022-09-01,2,78666,54.27
2022-09-01,9,927,0.64
2022-09-02,1,65352,45.09
2022-09-02,2,78666,54.27
2022-09-02,9,927,0.64
2022-09-03,1,65352,45.09
2022-09-03,2,78666,54.27
2022-09-03,9,927,0.64
2022-09-04,1,65352,45.09
2022-09-04,2,78666,54.27
2022-09-04,9,927,0.64
2022-09-05,1,65352,45.09
2022-09-05,2,78666,54.27
2022-09-05,9,927,0.64
2022-09-06,1,65352,45.09
2022-09-06,2,78666,54.27
2022-09-06,9,927,0.64
2022-09-07,1,65352,45.09
2022-09-07,2,78666,54.27
2022-09-07,9,927,0.64
2022-09-08,1,65858,45.06
2022-09-08,2,79357,54.30
2022-09-08,9,926,0.63
2022-09-09,1,65858,45.06
2022-09-09,2,79357,54.30
2022-09-09,9,926,0.63
2022-09-10,1,65858,45.06
2022-09-10,2,79357,54.30
2022-09-10,9,926,0.63
2022-09-11,1,65858,45.06
2022-09-11,2,79357,54.30
2022-09-11,9,926,0.63
2022-09-12,1,65858,45.06
2022-09-12,2,79357,54.30
2022-09-12,9,926,0.63
2022-09-13,1,65858,45.06
2022-09-13,2,79357,54.30
2022-09-13,9,926,0.63
2022-09-14,1,66136,45.05
2022-09-14,2,79756,54.32
2022-09-14,9,926,0.63
2022-09-15,1,66136,45.05
2022-09-15,2,79756,54.32
2022-09-15,9,926,0.63
2022-09-16,1,66136,45.05
2022-09-16,2,79756,54.32
2022-09-16,9,926,0.63
2022-09-17,1,66136,45.05
2022-09-17,2,79756,54.32
2022-09-17,9,926,0.63
2022-09-18,1,66136,45.05
2022-09-18,2,79756,54.32
2022-09-18,9,926,0.63
2022-09-19,1,66136,45.05
2022-09-19,2,79756,54.32
2022-09-19,9,926,0.63
2022-09-20,1,66136,45.05
2022-09-20,2,79756,54.32
2022-09-20,9,926,0.63
2022-09-21,1,66136,45.05
2022-09-21,2,79756,54.32
2022-09-21,9,926,0.63
2022-09-22,1,66347,45.02
2022-09-22,2,80094,54.35
2022-09-22,9,915,0.62
2022-09-23,1,66347,45.02
2022-09-23,2,80094,54.35
2022-09-23,9,915,0.62
2022-09-24,1,66347,45.02
2022-09-24,2,80094,54.35
2022-09-24,9,915,0.62
2022-09-25,1,66347,45.02
2022-09-25,2,80094,54.35
2022-09-25,9,915,0.62
2022-09-26,1,66347,45.02
2022-09-26,2,80094,54.35
2022-09-26,9,915,0.62
2022-09-27,1,66347,45.02
2022-09-27,2,80094,54.35
2022-09-27,9,915,0.62
2022-09-28,1,66347,45.02
2022-09-28,2,80094,54.35
2022-09-28,9,915,0.62
2022-09-29,1,66519,45.01
2022-09-29,2,80362,54.38
2022-09-29,9,909,0.62
2022-09-30,1,66519,45.01
2022-09-30,2,80362,54.38
2022-09-30,9,909,0.62
2022-10-01,1,66519,45.01
2022-10-01,2,80362,54.38
2022-10-01,9,909,0.62
2022-10-02,1,66519,45.01
2022-10-02,2,80362,54.38
2022-10-02,9,909,0.62
2022-10-03,1,66519,45.01
2022-10-03,2,80362,54.38
2022-10-03,9,909,0.62
2022-10-04,1,66519,45.01
2022-10-04,2,80362,54.38
2022-10-04,9,909,0.62
2022-10-05,1,66627,45.00
2022-10-05,2,80515,54.39
2022-10-05,9,902,0.61
2022-10-06,1,66627,45.00
2022-10-06,2,80515,54.39
2022-10-06,9,902,0.61
2022-10-07,1,66627,45.00
2022-10-07,2,80515,54.39
2022-10-07,9,902,0.61
2022-10-08,1,66627,45.00
2022-10-08,2,80515,54.39
2022-10-08,9,902,0.61
2022-10-09,1,66627,45.00
2022-10-09,2,80515,54.39
2022-10-09,9,902,0.61
2022-10-10,1,66627,45.00
2022-10-10,2,80515,54.39
2022-10-10,9,902,0.61
2022-10-11,1,66627,45.00
2022-10-11,2,80515,54.39
2022-10-11,9,902,0.61
2022-10-12,1,66627,45.00
2022-10-12,2,80515,54.39
2022-10-12,9,902,0.61
2022-10-13,1,66767,44.98
2022-10-13,2,80781,54.42
2022-10-13,9,904,0.61
2022-10-14,1,66767,44.98
2022-10-14,2,80781,54.42
2022-10-14,9,904,0.61
2022-10-15,1,66767,44.98
2022-10-15,2,80781,54.42
2022-10-15,9,904,0.61
2022-10-16,1,66767,44.98
2022-10-16,2,80781,54.42
2022-10-16,9,904,0.61
2022-10-17,1,66767,44.98
2022-10-17,2,80781,54.42
2022-10-17,9,904,0.61
2022-10-18,1,66767,44.98
2022-10-18,2,80781,54.42
2022-10-18,9,904,0.61
2022-10-19,1,66843,44.96
2022-10-19,2,80938,54.44
2022-10-19,9,904,0.61
2022-10-20,1,66843,44.96
2022-10-20,2,80938,54.44
2022-10-20,9,904,0.61
2022-10-21,1,66843,44.96
2022-10-21,2,80938,54.44
2022-10-21,9,904,0.61
2022-10-22,1,66843,44.96
2022-10-22,2,80938,54.44
2022-10-22,9,904,0.61
2022-10-23,1,66843,44.96
2022-10-23,2,80938,54.44
2022-10-23,9,904,0.61
2022-10-24,1,66843,44.96
2022-10-24,2,80938,54.44
2022-10-24,9,904,0.61
2022-10-25,1,66843,44.96
2022-10-25,2,80938,54.44
2022-10-25,9,904,0.61
2022-10-26,1,66989,44.95
2022-10-26,2,81137,54.44
2022-10-26,9,905,0.61
2022-10-27,1,66989,44.95
2022-10-27,2,81137,54.44
2022-10-27,9,905,0.61
2022-10-28,1,66989,44.95
2022-10-28,2,81137,54.44
2022-10-28,9,905,0.61
2022-10-29,1,66989,44.95
2022-10-29,2,81137,54.44
2022-10-29,9,905,0.61
2022-10-30,1,66989,44.95
2022-10-30,2,81137,54.44
2022-10-30,9,905,0.61
2022-10-31,1,66989,44.95
2022-10-31,2,81137,54.44
2022-10-31,9,905,0.61
2022-11-01,1,66989,44.95
2022-11-01,2,81137,54.44
2022-11-01,9,905,0.61
2022-11-02,1,67174,44.95
2022-11-02,2,81376,54.45
2022-11-02,9,907,0.61
2022-11-03,1,67174,44.95
2022-11-03,2,81376,54.45
2022-11-03,9,907,0.61
2022-11-04,1,67174,44.95
2022-11-04,2,81376,54.45
2022-11-04,9,907,0.61
2022-11-05,1,67174,44.95
2022-11-05,2,81376,54.45
2022-11-05,9,907,0.61
2022-11-06,1,67174,44.95
2022-11-06,2,81376,54.45
2022-11-06,9,907,0.61
2022-11-07,1,67174,44.95
2022-11-07,2,81376,54.45
2022-11-07,9,907,0.61
2022-11-08,1,67174,44.95
2022-11-08,2,81376,54.45
2022-11-08,9,907,0.61
2022-11-09,1,67174,44.95
2022-11-09,2,81376,54.45
2022-11-09,9,907,0.61
2022-11-10,1,67373,44.93
2022-11-10,2,81667,54.46
2022-11-10,9,911,0.61
2022-11-11,1,67373,44.93
2022-11-11,2,81667,54.46
2022-11-11,9,911,0.61
2022-11-12,1,67373,44.93
2022-11-12,2,81667,54.46
2022-11-12,9,911,0.61
2022-11-13,1,67373,44.93
2022-11-13,2,81667,54.46
2022-11-13,9,911,0.61
2022-11-14,1,67373,44.93
2022-11-14,2,81667,54.46
2022-11-14,9,911,0.61
2022-11-15,1,67373,44.93
2022-11-15,2,81667,54.46
2022-11-15,9,911,0.61
2022-11-16,1,67373,44.93
2022-11-16,2,81667,54.46
2022-11-16,9,911,0.61
2022-11-17,1,67538,44.92
2022-11-17,2,81891,54.47
2022-11-17,9,917,0.61
2022-11-18,1,67538,44.92
2022-11-18,2,81891,54.47
2022-11-18,9,917,0.61
2022-11-19,1,67538,44.92
2022-11-19,2,81891,54.47
2022-11-19,9,917,0.61
2022-11-20,1,67538,44.92
2022-11-20,2,81891,54.47
2022-11-20,9,917,0.61
2022-11-21,1,67538,44.92
2022-11-21,2,81891,54.47
2022-11-21,9,917,0.61
2022-11-22,1,67538,44.92
2022-11-22,2,81891,54.47
2022-11-22,9,917,0.61
2022-11-23,1,67671,44.91
2022-11-23,2,82093,54.48
2022-11-23,9,917,0.61
2022-11-24,1,67671,44.91
2022-11-24,2,82093,54.48
2022-11-24,9,917,0.61
2022-11-25,1,67671,44.91
2022-11-25,2,82093,54.48
2022-11-25,9,917,0.61
2022-11-26,1,67671,44.91
2022-11-26,2,82093,54.48
2022-11-26,9,917,0.61
2022-11-27,1,67671,44.91
2022-11-27,2,82093,54.48
2022-11-27,9,917,0.61
2022-11-28,1,67671,44.91
2022-11-28,2,82093,54.48
2022-11-28,9,917,0.61
2022-11-29,1,67671,44.91
2022-11-29,2,82093,54.48
2022-11-29,9,917,0.61
2022-11-30,1,67671,44.91
2022-11-30,2,82093,54.48
2022-11-30,9,917,0.61
2022-12-01,1,67773,44.89
2022-12-01,2,82268,54.50
2022-12-01,9,919,0.61
2022-12-02,1,67773,44.89
2022-12-02,2,82268,54.50
2022-12-02,9,919,0.61
2022-12-03,1,67773,44.89
2022-12-03,2,82268,54.50
2022-12-03,9,919,0.61
2022-12-04,1,67773,44.89
2022-12-04,2,82268,54.50
2022-12-04,9,919,0.61
2022-12-05,1,67773,44.89
2022-12-05,2,82268,54.50
2022-12-05,9,919,0.61
2022-12-06,1,67773,44.89
2022-12-06,2,82268,54.50
2022-12-06,9,919,0.61
