date_stamp,sex,cnt_confirmed,pct_confirmed,cnt_death,pct_death
2020-04-08,2,2247,51.5131,,
2020-04-08,1,2028,49.1279,,
2020-04-08,9,87,3.1431,,
2020-04-09,9,81,1.7479,,
2020-04-09,1,2155,46.5041,,
2020-04-09,2,2398,51.7479,,
2020-04-10,9,81,1.666,,
2020-04-10,1,2267,46.6269,,
2020-04-10,2,2514,51.7071,,
2020-04-11,1,2372,46.3825,,
2020-04-11,2,2651,51.8381,,
2020-04-11,9,91,1.7794,,
2020-04-12,9,104,1.9593,,
2020-04-12,1,2464,46.4205,,
2020-04-12,2,2740,51.6202,,
2020-04-13,9,136,2.4242,,
2020-04-13,1,2589,46.1497,,
2020-04-13,2,2885,51.426,,
2020-04-14,9,127,2.181,,
2020-04-14,1,2703,46.4194,,
2020-04-14,2,2993,51.3996,,
2020-04-15,9,161,2.6485,,
2020-04-15,1,2809,46.2083,,
2020-04-15,2,3109,51.1433,,
2020-04-16,1,2895,46.2312,,
2020-04-16,2,3209,51.2456,,
2020-04-16,9,158,2.5232,,
2020-04-17,1,3050,46.2893,,
2020-04-17,2,3369,51.1307,,
2020-04-17,9,170,2.5801,,
2020-04-18,9,194,2.869,,
2020-04-18,1,3126,46.2289,,
2020-04-18,2,3442,50.9021,,
2020-04-19,9,226,3.1966,,
2020-04-19,1,3258,46.082,,
2020-04-19,2,3586,50.7214,,
2020-04-20,9,230,3.1777,,
2020-04-20,1,3364,46.4769,,
2020-04-20,2,3644,50.3454,,
2020-04-21,1,3454,46.7136,,
2020-04-21,2,3729,50.4328,,
2020-04-21,9,211,2.8537,,
2020-04-22,2,3880,49.4772,,
2020-04-22,9,266,3.392,,
2020-04-22,1,3696,47.1308,,
2020-04-23,1,4055,49.0564,,
2020-04-23,2,3950,47.7861,,
2020-04-23,9,261,3.1575,,
2020-04-24,9,255,2.9223,,
2020-04-24,1,4412,50.5615,,
2020-04-24,2,4059,46.5162,,
2020-04-25,1,4633,50.419,,
2020-04-25,2,4272,46.4904,,
2020-04-25,9,284,3.0907,,
2020-04-26,1,4928,50.9776,,
2020-04-26,2,4436,45.8881,,
2020-04-26,9,303,3.1344,,
2020-04-27,9,317,3.1962,,
2020-04-27,1,5033,50.7461,,
2020-04-27,2,4568,46.0577,,
2020-04-28,9,294,2.9248,,
2020-04-28,1,5119,50.9252,,
2020-04-28,2,4639,46.15,,
2020-04-29,1,5318,51.3023,,
2020-04-29,2,4763,45.9483,,
2020-04-29,9,285,2.7494,,
2020-04-30,9,311,2.8971,,
2020-04-30,1,5508,51.3088,,
2020-04-30,2,4916,45.7941,,
2020-05-01,9,740,6.2232,,
2020-05-01,1,6104,51.3329,,
2020-05-01,2,5047,42.4439,,
2020-05-02,9,806,6.366,,
2020-05-02,1,6584,52.0022,,
2020-05-02,2,5271,41.6318,,
2020-05-03,1,6885,52.2501,,
2020-05-03,2,5473,41.5345,,
2020-05-03,9,819,6.2154,,
2020-05-04,1,7063,52.0448,,
2020-05-04,2,5689,41.9203,,
2020-05-04,9,819,6.0349,,
2020-05-05,9,801,5.851,,
2020-05-05,1,7138,52.1402,,
2020-05-05,2,5751,42.0088,,
2020-05-06,1,7286,52.2744,,
2020-05-06,2,5857,42.0218,,
2020-05-06,9,795,5.7038,,
2020-05-07,1,7360,52.2134,,
2020-05-07,2,5952,42.2247,,
2020-05-07,9,784,5.5619,,
2020-05-08,9,779,5.3944,,
2020-05-08,1,7573,52.441,,
2020-05-08,2,6089,42.1647,,
2020-05-09,9,809,5.4781,,
2020-05-09,1,7735,52.3768,,
2020-05-09,2,6224,42.1452,,
2020-05-10,1,7851,52.3924,,
2020-05-10,2,6299,42.0354,,
2020-05-10,9,835,5.5722,,
2020-05-11,9,851,5.4748,,
2020-05-11,1,8237,52.9915,,
2020-05-11,2,6456,41.5337,,
2020-05-12,1,8644,53.659,,
2020-05-12,2,6606,41.003,,
2020-05-12,9,860,5.338,,
2020-05-13,2,6697,40.9102,,
2020-05-13,1,8815,53.8485,,
2020-05-13,9,858,5.2413,,
2020-05-14,9,852,5.1021,,
2020-05-14,1,9015,53.9853,,
2020-05-14,2,6832,40.9126,,
2020-05-15,9,904,5.327,,
2020-05-15,1,9128,53.789,,
2020-05-15,2,6938,40.8839,,
2020-05-16,1,9292,53.7483,,
2020-05-16,2,7089,41.0053,,
2020-05-16,9,907,5.2464,,
2020-05-17,9,901,5.1817,,
2020-05-17,1,9340,53.7152,,
2020-05-17,2,7147,41.1031,,
2020-05-18,9,917,5.0913,,
2020-05-18,1,9680,53.7449,,
2020-05-18,2,7414,41.1637,,
2020-05-19,1,9873,53.7218,,
2020-05-19,2,7597,41.3375,,
2020-05-19,9,908,4.9407,,
2020-05-20,9,881,4.7539,,
2020-05-20,1,9986,53.8852,,
2020-05-20,2,7665,41.3609,,
2020-05-21,9,804,4.2403,,
2020-05-21,1,10378,54.7334,,
2020-05-21,2,7779,41.0263,,
2020-05-22,1,10627,54.7953,,
2020-05-22,2,7987,41.1828,,
2020-05-22,9,780,4.0219,,
2020-05-23,9,778,3.9315,,
2020-05-23,1,10823,54.692,,
2020-05-23,2,8188,41.3765,,
2020-05-24,1,11004,54.624,,
2020-05-24,2,8363,41.514,,
2020-05-24,9,778,3.862,,
2020-05-25,1,11256,54.6222,,
2020-05-25,2,8567,41.5733,,
2020-05-25,9,784,3.8045,,
2020-05-26,9,799,3.8111,,
2020-05-26,1,11445,54.591,,
2020-05-26,2,8721,41.5979,,
2020-05-27,9,804,3.7736,,
2020-05-27,1,11613,54.5058,,
2020-05-27,2,8889,41.7206,,
2020-05-28,1,11834,54.5874,,
2020-05-28,2,9070,41.8377,,
2020-05-28,9,775,3.5749,,
2020-05-29,9,774,3.5046,,
2020-05-29,1,12044,54.5348,,
2020-05-29,2,9267,41.9606,,
2020-05-30,9,778,3.4477,,
2020-05-30,1,12280,54.4182,,
2020-05-30,2,9508,42.1342,,
2020-05-31,1,12507,54.3641,,
2020-05-31,2,9717,42.2368,,
2020-05-31,9,782,3.3991,,
2020-06-01,9,783,3.3243,,
2020-06-01,1,12812,54.3942,,
2020-06-01,2,9959,42.2816,,
2020-06-02,9,1081,4.4349,,
2020-06-02,1,13119,53.8215,,
2020-06-02,2,10175,41.7436,,
2020-06-03,1,13448,54.1777,,
2020-06-03,2,10369,41.7734,,
2020-06-03,9,1005,4.0488,,
2020-06-04,9,976,3.8854,,
2020-06-04,1,13617,54.2078,,
2020-06-04,2,10527,41.9068,,
2020-06-05,9,959,3.7578,,
2020-06-05,1,13819,54.1497,,
2020-06-05,2,10742,42.0925,,
2020-06-06,1,14108,54.1138,,
2020-06-06,2,11003,42.204,,
2020-06-06,9,960,3.6823,,
2020-06-07,9,958,3.6314,,
2020-06-07,1,14268,54.0844,,
2020-06-07,2,11155,42.2842,,
2020-06-08,9,969,3.5963,,
2020-06-08,1,14545,53.9823,,
2020-06-08,2,11430,42.4213,,
2020-06-09,1,14858,53.8821,,
2020-06-09,2,11756,42.6328,,
2020-06-09,9,961,3.485,,
2020-06-10,9,948,3.4016,,
2020-06-10,1,14992,53.7945,,
2020-06-10,2,11929,42.8038,,
2020-06-11,9,925,3.2639,,
2020-06-11,1,15272,53.8885,,
2020-06-11,2,12143,42.8476,,
2020-06-12,1,15684,53.8488,,
2020-06-12,2,12485,42.8655,,
2020-06-12,9,957,3.2857,,
2020-06-13,9,949,3.2125,,
2020-06-13,1,15903,53.8337,,
2020-06-13,2,12689,42.9539,,
2020-06-14,9,970,3.1874,,
2020-06-14,1,16357,53.7493,,
2020-06-14,2,13105,43.0632,,
2020-06-15,1,16695,53.5783,,
2020-06-15,2,13483,43.2702,,
2020-06-15,9,982,3.1515,,
2020-06-16,9,988,3.104,,
2020-06-16,1,17049,53.5627,,
2020-06-16,2,13793,43.3333,,
2020-06-17,1,17211,53.5451,,
2020-06-17,2,13957,43.4216,,
2020-06-17,9,975,3.0333,,
2020-06-18,1,17572,53.5258,,
2020-06-18,2,14268,43.4616,,
2020-06-18,9,989,3.0126,,
2020-06-19,9,1005,2.9544,,
2020-06-19,1,18180,53.4439,,
2020-06-19,2,14832,43.6017,,
2020-06-20,9,992,2.8799,,
2020-06-20,1,18396,53.4053,,
2020-06-20,2,15058,43.7148,,
2020-06-21,1,18727,53.3502,,
2020-06-21,2,15383,43.8237,,
2020-06-21,9,992,2.826,,
2020-06-22,9,989,2.7818,,
2020-06-22,1,18954,53.312,,
2020-06-22,2,15610,43.9063,,
2020-06-23,9,994,2.7381,,
2020-06-23,1,19319,53.216,,
2020-06-23,2,15990,44.0459,,
2020-06-24,9,998,2.6803,,
2020-06-24,1,19794,53.1597,,
2020-06-24,2,16443,44.1601,,
2020-06-25,9,1013,2.6634,0,0.0
2020-06-25,1,20181,53.0604,311,54.8
2020-06-25,2,16840,44.2762,256,45.1
2020-06-26,1,20867,52.9028,316,54.7
2020-06-26,9,1059,2.6848,0,0.0
2020-06-26,2,17518,44.4123,261,45.2
2020-06-27,9,1083,2.6959,0,0.0
2020-06-27,1,21224,52.8328,321,54.9
2020-06-27,2,17865,44.4713,263,45.0
2020-06-29,9,1088,2.5723,0,0.0
2020-06-29,1,22213,52.5167,326,55.0
2020-06-29,2,18996,44.911,266,44.9
2020-06-30,9,1103,2.5351,0,0.0
2020-06-30,1,22837,52.488,334,55.2
2020-06-30,2,19569,44.9769,270,44.7
2020-07-01,1,23857,52.647,337,55.3
2020-07-01,2,20518,45.2786,272,44.6
2020-07-01,9,940,2.0744,0,0.0
2020-07-02,1,24612,52.4888,342,55.1
2020-07-02,2,21332,45.4937,277,44.6
2020-07-02,9,946,2.0175,1,0.1
2020-07-03,9,949,1.9482,1,0.1
2020-07-03,1,25517,52.3834,349,55.1
2020-07-03,2,22246,45.6684,283,44.7
2020-07-04,9,951,1.8967,1,0.1
2020-07-04,1,26209,52.2716,351,55.1
2020-07-04,2,22980,45.8317,285,44.7
2020-07-05,9,953,1.853,0,0.0
2020-07-05,1,26861,52.2273,358,55.4
2020-07-05,2,23617,45.9198,288,44.5
2020-07-06,1,27203,52.158,362,55.4
2020-07-06,2,23986,45.9898,291,44.5
2020-07-06,9,966,1.8522,0,0.0
2020-07-07,1,27832,52.0088,370,55.6
2020-07-07,2,24706,46.1674,295,44.3
2020-07-07,9,976,1.8238,0,0.0
2020-07-08,9,993,1.7737,0,0.0
2020-07-08,1,28997,51.7933,380,55.4
2020-07-08,2,25996,46.433,305,44.5
2020-07-09,9,1008,1.7503,0,0.0
2020-07-09,1,29784,51.7164,398,56.0
2020-07-09,2,26799,46.5333,312,43.9
2020-07-10,9,1002,1.6827,0,0.0
2020-07-10,1,30778,51.6878,404,55.8
2020-07-10,2,27766,46.6295,319,44.1
2020-07-11,9,1003,1.6441,0,0.0
2020-07-11,1,31451,51.5539,413,55.9
2020-07-11,2,28552,46.802,325,44.0
2020-07-12,9,992,1.601,0,0.0
2020-07-12,1,31935,51.5413,414,55.8
2020-07-12,2,29033,46.8577,327,44.1
2020-07-13,1,33486,51.3007,418,55.8
2020-07-13,2,30763,47.129,330,44.0
2020-07-13,9,1025,1.5703,1,0.1
2020-07-14,9,1032,1.5452,1,0.1
2020-07-14,1,34190,51.1918,430,56.0
2020-07-14,2,31566,47.263,336,43.8
2020-07-15,1,35230,51.0129,440,56.1
2020-07-15,2,32788,47.4769,343,43.8
2020-07-15,9,1043,1.5103,0,0.0
2020-07-16,1,36423,50.9128,446,56.0
2020-07-16,2,34059,47.6083,350,43.9
2020-07-16,9,1058,1.4789,0,0.0
2020-07-17,9,1088,1.4739,0,0.0
2020-07-17,1,37475,50.7661,455,55.8
2020-07-17,2,35256,47.7601,360,44.1
2020-07-18,1,38611,50.5803,470,56.0
2020-07-18,2,36625,47.9787,367,43.7
2020-07-18,9,1100,1.441,1,0.1
2020-07-19,9,1087,1.3915,1,0.1
2020-07-19,1,39421,50.4653,473,56.1
2020-07-19,2,37607,48.1431,369,43.7
2020-07-20,1,40117,50.3009,476,56.1
2020-07-20,2,38543,48.3274,370,43.6
2020-07-20,9,1094,1.3717,1,0.1
2020-07-21,1,41156,50.2245,495,56.8
2020-07-21,2,39685,48.4294,376,43.1
2020-07-21,9,1103,1.346,0,0.0
2020-07-22,9,1082,1.2817,0,0.0
2020-07-22,1,42293,50.1001,506,56.9
2020-07-22,2,41042,48.6182,382,43.0
2020-07-23,9,1140,1.3105,0,0.0
2020-07-23,1,43500,50.0075,529,57.1
2020-07-23,2,42347,48.682,396,42.8
2020-07-24,9,1158,1.3,0,0.0
2020-07-24,1,44498,49.954,535,57.0
2020-07-24,2,43422,48.746,403,42.9
2020-07-25,1,45278,49.8678,553,57.3
2020-07-25,2,44352,48.848,411,42.6
2020-07-25,9,1166,1.2842,0,0.0
2020-07-26,1,46696,49.7104,557,57.6
2020-07-26,2,46045,49.0174,410,42.3
2020-07-26,9,1195,1.2721,0,0.0
2020-07-27,9,1203,1.2468,0,0.0
2020-07-27,1,47846,49.587,564,57.6
2020-07-27,2,47440,49.1662,414,42.3
2020-07-28,1,49012,49.4851,573,57.3
2020-07-28,2,48799,49.27,426,42.6
2020-07-28,9,1233,1.2449,0,0.0
2020-07-29,9,1220,1.2101,0,0.0
2020-07-29,1,49829,49.4227,582,57.0
2020-07-29,2,49773,49.3672,438,42.9
2020-07-30,9,1242,1.2073,0,0.0
2020-07-30,1,50756,49.3395,591,57.2
2020-07-30,2,50873,49.4532,442,42.7
2020-07-31,1,52129,49.1973,604,56.9
2020-07-31,9,1244,1.174,0,0.0
2020-07-31,2,52586,49.6286,456,43.0
2020-08-01,9,1266,1.1702,0,0.0
2020-08-01,1,53157,49.1357,607,56.8
2020-08-01,2,53761,49.694,460,43.1
2020-08-02,9,1274,1.1621,0,0.0
2020-08-02,1,53805,49.0801,609,56.7
2020-08-02,2,54548,49.7578,464,43.2
2020-08-03,9,1294,1.1696,0,0.0
2020-08-03,1,54250,49.0347,622,56.9
2020-08-03,2,55092,49.7957,470,43.0
2020-08-04,1,55094,48.9981,636,56.9
2020-08-04,2,56029,49.8297,481,43.0
2020-08-04,9,1318,1.1722,0,0.0
2020-08-05,1,55891,48.9851,653,57.0
2020-08-05,2,56896,49.8659,491,42.9
2020-08-05,9,1311,1.149,0,0.0
2020-08-06,9,1320,1.1345,0,0.0
2020-08-06,1,56936,48.9351,675,56.9
2020-08-06,2,58094,49.9304,511,43.0
2020-08-07,9,1329,1.1189,1,0.0
2020-08-07,1,58004,48.8323,685,56.7
2020-08-07,2,59449,50.0488,520,43.1
2020-08-08,9,1342,1.1129,1,0.0
2020-08-08,1,58796,48.759,690,56.7
2020-08-08,2,60447,50.1281,524,43.1
2020-08-09,1,59804,48.7353,693,56.6
2020-08-09,2,61562,50.1679,529,43.2
2020-08-09,9,1346,1.0969,1,0.0
2020-08-10,1,60340,48.6951,698,56.6
2020-08-10,2,62223,50.2147,534,43.3
2020-08-10,9,1351,1.0903,1,0.0
2020-08-11,9,1350,1.0807,1,0.0
2020-08-11,1,60786,48.6619,725,57.0
2020-08-11,2,62779,50.2574,545,42.8
2020-08-12,9,1297,1.0262,1,0.0
2020-08-12,1,61509,48.6649,736,57.0
2020-08-12,2,63587,50.309,552,42.8
2020-08-13,9,1299,1.0108,1,0.0
2020-08-13,1,62487,48.6239,749,57.0
2020-08-13,2,64725,50.3653,563,42.8
2020-08-14,1,63346,48.5566,757,57.0
2020-08-14,2,65793,50.4323,568,42.8
2020-08-14,9,1319,1.0111,1,0.0
2020-08-15,1,63938,48.5309,770,57.2
2020-08-15,2,66497,50.4733,574,42.6
2020-08-15,9,1312,0.9958,1,0.0
2020-08-16,9,1322,0.9887,1,0.0
2020-08-16,1,64850,48.5012,786,57.5
2020-08-16,2,67536,50.5101,579,42.3
2020-08-17,1,65331,48.4853,799,57.6
2020-08-17,2,68091,50.5336,587,42.3
2020-08-17,9,1322,0.9811,1,0.0
2020-08-18,9,1350,0.9943,2,0.1
2020-08-18,1,65800,48.4615,817,57.2
2020-08-18,2,68628,50.5443,607,42.5
2020-08-19,9,1297,0.9412,2,0.1
2020-08-19,1,66816,48.4877,829,57.0
2020-08-19,2,69687,50.5711,621,42.7
2020-08-20,1,67475,48.4821,851,57.1
2020-08-20,9,1293,0.929,3,0.2
2020-08-20,2,70407,50.5888,634,42.6
2020-08-21,9,1305,0.9266,4,0.2
2020-08-21,1,68252,48.4593,885,57.1
2020-08-21,2,71287,50.6142,660,42.6
2020-08-22,9,1313,0.9241,4,0.2
2020-08-22,1,68843,48.4527,896,57.3
2020-08-22,2,71927,50.6232,663,42.4
2020-08-23,9,1314,0.9129,4,0.2
2020-08-23,1,69716,48.4351,897,57.2
2020-08-23,2,72907,50.652,666,42.5
2020-08-24,1,70013,48.4171,910,57.3
2020-08-24,2,73283,50.6784,674,42.4
2020-08-24,9,1308,0.9045,4,0.2
2020-08-25,1,70396,48.4097,933,57.3
2020-08-25,2,73710,50.6887,691,42.4
2020-08-25,9,1311,0.9015,4,0.2
2020-08-26,9,1311,0.8897,3,0.1
2020-08-26,1,71288,48.3791,946,57.4
2020-08-26,2,74754,50.7312,699,42.4
2020-08-27,9,1324,0.8875,4,0.2
2020-08-27,1,72160,48.3714,962,57.5
2020-08-27,2,75695,50.7411,707,42.2
2020-08-28,9,1326,0.8792,0,0.0
2020-08-28,1,72916,48.348,973,57.2
2020-08-28,2,76573,50.7728,728,42.7
2020-08-29,1,73636,48.3557,984,57.0
2020-08-29,2,77308,50.767,740,42.8
2020-08-29,9,1336,0.8773,1,0.0
2020-08-30,1,74022,48.3441,996,57.0
2020-08-30,2,77748,50.7775,750,42.9
2020-08-30,9,1345,0.8784,1,0.0
2020-08-31,9,2075,1.3393,1,0.0
2020-08-31,1,74651,48.1828,998,56.8
2020-08-31,2,78207,50.4779,755,43.0
2020-09-01,9,2153,1.3772,1,0.0
2020-09-01,1,75282,48.1561,1012,56.8
2020-09-01,2,78894,50.4666,768,43.1
2020-09-02,9,2098,1.3293,0,0.0
2020-09-02,1,76044,48.1806,1021,56.8
2020-09-02,2,79689,50.4901,776,43.1
2020-09-03,1,76803,48.1385,1028,56.6
2020-09-03,2,80602,50.5196,787,43.3
2020-09-03,9,2141,1.3419,0,0.0
2020-09-04,1,77310,48.1391,1037,56.4
2020-09-04,2,81202,50.5626,800,43.5
2020-09-04,9,2085,1.2983,0,0.0
2020-09-05,9,2022,1.2454,0,0.0
2020-09-05,1,78185,48.1547,1050,56.3
2020-09-05,2,82155,50.5999,812,43.6
2020-09-06,9,2039,1.2423,0,0.0
2020-09-06,1,79092,48.1898,1050,56.3
2020-09-06,2,82995,50.5679,815,43.6
2020-09-07,9,2037,1.2337,0,0.0
2020-09-07,1,79507,48.1542,1053,56.3
2020-09-07,2,83565,50.612,816,43.6
2020-09-08,9,1947,1.1746,0,0.0
2020-09-08,1,79837,48.166,1067,56.2
2020-09-08,2,83970,50.6594,829,43.7
2020-09-09,1,80270,48.185,1086,56.2
2020-09-09,9,1848,1.1093,0,0.0
2020-09-09,2,84469,50.7056,845,43.7
2020-09-10,9,1902,1.1305,0,0.0
2020-09-10,1,81013,48.1541,1113,55.9
2020-09-10,2,85322,50.7154,875,44.0
2020-09-11,9,1863,1.0968,0,0.0
2020-09-11,1,81847,48.1853,1128,55.7
2020-09-11,2,86149,50.7179,897,44.2
2020-09-12,9,1822,1.0662,0,0.0
2020-09-12,1,82381,48.2068,1149,55.6
2020-09-12,2,86688,50.7271,915,44.3
2020-09-13,1,82814,48.197,1157,55.6
2020-09-13,2,87184,50.7403,921,44.3
2020-09-13,9,1826,1.0627,0,0.0
2020-09-14,1,83968,48.1816,1171,55.8
2020-09-14,2,88445,50.7505,926,44.1
2020-09-14,9,1861,1.0679,0,0.0
2020-09-15,9,1865,1.0643,0,0.0
2020-09-15,1,84399,48.1644,1188,55.8
2020-09-15,2,88967,50.7713,939,44.1
2020-09-16,9,1772,1.0006,0,0.0
2020-09-16,1,85312,48.1752,1202,55.8
2020-09-16,2,90003,50.8242,949,44.1
2020-09-17,9,1730,0.9711,0,0.0
2020-09-17,1,85837,48.1851,1210,55.9
2020-09-17,2,90573,50.8437,954,44.0
2020-09-18,1,86915,48.1532,1228,55.9
2020-09-18,2,91863,50.8945,968,44.0
2020-09-18,9,1719,0.9524,0,0.0
2020-09-19,1,87372,48.155,1236,55.7
2020-09-19,2,92368,50.9086,980,44.2
2020-09-19,9,1699,0.9364,0,0.0
2020-09-20,9,1740,0.9482,0,0.0
2020-09-20,1,88307,48.12,1237,55.7
2020-09-20,2,93467,50.9318,981,44.2
2020-09-21,9,1782,0.9663,0,0.0
2020-09-21,1,88698,48.0985,1245,55.7
2020-09-21,2,93929,50.9351,988,44.2
2020-09-22,9,1790,0.9668,0,0.0
2020-09-22,1,89024,48.0826,1260,55.7
2020-09-22,2,94334,50.9506,1001,44.2
2020-09-23,1,89799,48.0957,1271,55.8
2020-09-23,2,95170,50.9724,1004,44.1
2020-09-23,9,1740,0.9319,0,0.0
2020-09-24,1,90167,48.0778,1287,55.7
2020-09-24,2,95639,50.9955,1023,44.2
2020-09-24,9,1738,0.9267,0,0.0
2020-09-25,9,1754,0.9258,0,0.0
2020-09-25,1,91036,48.0518,1312,55.7
2020-09-25,2,96664,51.0224,1040,44.2
2020-09-26,1,91656,48.0148,1327,55.8
2020-09-26,2,97451,51.0506,1047,44.1
2020-09-26,9,1784,0.9346,0,0.0
2020-09-27,9,1800,0.9327,0,0.0
2020-09-27,1,92587,47.9738,1330,55.9
2020-09-27,2,98608,51.0936,1047,44.0
2020-09-28,1,92936,47.9714,1335,55.8
2020-09-28,2,98996,51.0995,1054,44.1
2020-09-28,9,1800,0.9291,0,0.0
2020-09-29,1,93361,47.9731,1347,55.6
2020-09-29,2,99450,51.1019,1073,44.3
2020-09-29,9,1800,0.9249,0,0.0
2020-09-30,9,1771,0.9029,0,0.0
2020-09-30,1,94092,47.9721,1364,55.5
2020-09-30,2,100276,51.125,1090,44.4
2020-10-01,9,1775,0.899,0,0.0
2020-10-01,1,94690,47.9608,1389,55.5
2020-10-01,2,100967,51.1401,1112,44.4
2020-10-02,9,1774,0.8941,1,0.0
2020-10-02,1,95114,47.9398,1396,55.5
2020-10-02,2,101515,51.1661,1118,44.4
2020-10-03,1,95666,47.9301,1417,55.3
2020-10-03,2,102160,51.1836,1143,44.6
2020-10-03,9,1769,0.8863,0,0.0
2020-10-04,1,96394,47.9072,1426,55.3
2020-10-04,2,103031,51.2057,1151,44.6
2020-10-04,9,1785,0.8871,0,0.0
2020-10-05,9,1806,0.8866,0,0.0
2020-10-05,1,97521,47.8751,1438,55.3
2020-10-05,2,104372,51.2383,1159,44.6
2020-10-06,9,1817,0.8847,0,0.0
2020-10-06,1,98319,47.8729,1453,55.4
2020-10-06,2,105239,51.2424,1168,44.5
2020-10-07,9,1799,0.8672,0,0.0
2020-10-07,1,99410,47.9188,1472,55.7
2020-10-07,2,106246,51.214,1170,44.2
2020-10-08,1,100337,47.9057,1505,55.6
2020-10-08,2,107299,51.2297,1200,44.3
2020-10-08,9,1811,0.8647,0,0.0
2020-10-09,1,101043,47.887,1524,55.7
2020-10-09,2,108152,51.2561,1208,44.2
2020-10-09,9,1808,0.8569,0,0.0
2020-10-10,9,1821,0.8563,0,0.0
2020-10-10,1,101809,47.8765,1540,55.8
2020-10-10,2,109019,51.2671,1218,44.1
2020-10-11,9,1835,0.8546,0,0.0
2020-10-11,1,102716,47.8379,1544,55.8
2020-10-11,2,110166,51.3075,1223,44.1
2020-10-12,9,1842,0.8462,0,0.0
2020-10-12,1,104135,47.8381,1551,55.9
2020-10-12,2,111705,51.3157,1223,44.0
2020-10-13,1,104647,47.8214,1564,55.9
2020-10-13,2,112336,51.3351,1233,44.0
2020-10-13,9,1846,0.8436,0,0.0
2020-10-14,1,105413,47.7981,1578,55.7
2020-10-14,2,113288,51.3689,1250,44.2
2020-10-14,9,1837,0.833,0,0.0
2020-10-15,9,1848,0.8293,0,0.0
2020-10-15,1,106445,47.7702,1592,55.5
2020-10-15,2,114534,51.4004,1272,44.4
2020-10-16,9,1862,0.8331,0,0.0
2020-10-16,1,106752,47.7653,1597,55.6
2020-10-16,2,114879,51.4016,1274,44.3
2020-10-17,9,1878,0.8305,0,0.0
2020-10-17,1,107971,47.7454,1613,55.5
2020-10-17,2,116290,51.4241,1290,44.4
2020-10-18,1,109187,47.7333,1618,55.6
2020-10-18,2,117669,51.4413,1291,44.3
2020-10-18,9,1888,0.8254,0,0.0
2020-10-19,1,110680,47.6944,1626,55.6
2020-10-19,2,119467,51.4809,1296,44.3
2020-10-19,9,1914,0.8248,0,0.0
2020-10-20,9,1921,0.8225,0,0.0
2020-10-20,1,111361,47.678,1643,55.6
2020-10-20,2,120287,51.4996,1309,44.3
2020-10-21,9,1912,0.8106,0,0.0
2020-10-21,1,112371,47.6429,1650,55.5
2020-10-21,2,121578,51.5465,1320,44.4
2020-10-22,9,1921,0.8075,0,0.0
2020-10-22,1,113299,47.6232,1678,55.7
2020-10-22,2,122687,51.5693,1333,44.2
2020-10-23,1,114951,47.5962,1713,55.6
2020-10-23,2,124620,51.5997,1363,44.3
2020-10-23,9,1942,0.8041,0,0.0
2020-10-24,1,116114,47.5707,1723,55.5
2020-10-24,2,126011,51.6254,1377,44.4
2020-10-24,9,1962,0.8038,0,0.0
2020-10-25,9,1981,0.8001,0,0.0
2020-10-25,1,117686,47.5332,1738,55.5
2020-10-25,2,127920,51.6667,1393,44.4
2020-10-26,9,1987,0.7952,0,0.0
2020-10-26,1,118752,47.5263,1757,55.5
2020-10-26,2,129127,51.6785,1406,44.4
2020-10-27,9,1996,0.7928,0,0.0
2020-10-27,1,119560,47.487,1785,55.6
2020-10-27,2,130218,51.7202,1422,44.3
2020-10-28,1,120694,47.4762,1807,55.7
2020-10-28,2,131548,51.7457,1434,44.2
2020-10-28,9,1978,0.7781,0,0.0
2020-10-29,1,121925,47.4638,1819,55.7
2020-10-29,2,132959,51.7592,1443,44.2
2020-10-29,9,1996,0.777,1,0.0
2020-10-30,9,2042,0.7869,1,0.0
2020-10-30,1,123097,47.4384,1866,55.8
2020-10-30,2,134349,51.7746,1474,44.1
2020-10-31,9,2050,0.7864,1,0.0
2020-10-31,1,123646,47.4336,1872,55.8
2020-10-31,2,134976,51.78,1480,44.1
2020-11-01,9,2058,0.7872,1,0.0
2020-11-01,1,123990,47.4283,1872,55.8
2020-11-01,2,135378,51.7844,1480,44.1
2020-11-02,1,125353,47.3769,1885,55.7
2020-11-02,2,137152,51.8363,1493,44.1
2020-11-02,9,2082,0.7869,1,0.0
2020-11-03,1,126168,47.368,1923,55.6
2020-11-03,2,138093,51.8451,1530,44.2
2020-11-03,9,2096,0.7869,1,0.0
2020-11-04,9,2089,0.7743,1,0.0
2020-11-04,1,127757,47.3521,1936,55.6
2020-11-04,2,139956,51.8736,1541,44.3
2020-11-05,9,2099,0.7723,2,0.0
2020-11-05,1,128621,47.327,1946,55.4
2020-11-05,2,141051,51.9007,1561,44.4
2020-11-06,9,2121,0.7765,2,0.0
2020-11-06,1,129216,47.3069,1962,55.4
2020-11-06,2,141807,51.9166,1577,44.5
2020-11-07,1,131451,47.248,1989,55.4
2020-11-07,2,144600,51.9742,1599,44.5
2020-11-07,9,2164,0.7778,2,0.0
2020-11-08,1,133081,47.2168,1991,55.3
2020-11-08,2,146588,52.009,1602,44.5
2020-11-08,9,2182,0.7742,2,0.0
2020-11-09,9,2223,0.7725,2,0.0
2020-11-09,1,135727,47.1651,2002,55.4
2020-11-09,2,149820,52.0624,1606,44.4
2020-11-10,9,2239,0.7727,2,0.0
2020-11-10,1,136610,47.1477,2037,55.4
2020-11-10,2,150900,52.0796,1633,44.4
2020-11-11,9,2247,0.7659,2,0.0
2020-11-11,1,138231,47.1165,2077,55.2
2020-11-11,2,152903,52.1176,1682,44.7
2020-11-12,1,139782,47.1083,2094,55.2
2020-11-12,2,154662,52.123,1692,44.6
2020-11-12,9,2281,0.7687,2,0.0
2020-11-13,1,141491,47.0918,2125,55.1
2020-11-13,2,156641,52.1341,1725,44.7
2020-11-13,9,2326,0.7742,2,0.0
2020-11-14,9,2365,0.7751,2,0.0
2020-11-14,1,143595,47.0618,2137,55.1
2020-11-14,2,159160,52.1631,1738,44.8
2020-11-15,9,2412,0.7757,2,0.0
2020-11-15,1,146236,47.0307,2147,55.1
2020-11-15,2,162289,52.1935,1744,44.7
2020-11-16,9,2492,0.7815,2,0.0
2020-11-16,1,149854,46.9927,2165,55.1
2020-11-16,2,166542,52.2259,1756,44.7
2020-11-17,1,150674,46.9786,2199,55.0
2020-11-17,2,167542,52.2379,1794,44.9
2020-11-17,9,2513,0.7835,2,0.0
2020-11-18,1,152742,46.9685,2223,54.9
2020-11-18,2,170026,52.2834,1822,45.0
2020-11-18,9,2433,0.7482,3,0.0
2020-11-19,9,2440,0.7437,3,0.0
2020-11-19,1,154026,46.9466,2264,54.8
2020-11-19,2,171622,52.3097,1861,45.0
2020-11-20,9,2462,0.7426,2,0.0
2020-11-20,1,155542,46.9161,2311,54.9
2020-11-20,2,173528,52.3413,1889,44.9
2020-11-21,9,2515,0.7488,2,0.0
2020-11-21,1,157493,46.8887,2317,55.0
2020-11-21,2,175879,52.3626,1892,44.9
2020-11-22,1,159587,46.8717,2347,55.0
2020-11-22,2,178325,52.3752,1917,44.9
2020-11-22,9,2564,0.7531,2,0.0
2020-11-23,1,161522,46.8791,2363,54.9
2020-11-23,2,180435,52.3683,1936,45.0
2020-11-23,9,2593,0.7526,2,0.0
2020-11-24,9,2614,0.7558,2,0.0
2020-11-24,1,162067,46.8599,2397,54.8
2020-11-24,2,181173,52.3842,1975,45.1
2020-11-25,9,2592,0.7449,2,0.0
2020-11-25,1,163032,46.852,2442,54.6
2020-11-25,2,182348,52.4031,2022,45.2
2020-11-26,9,2659,0.7546,2,0.0
2020-11-26,1,164991,46.8224,2472,54.7
2020-11-26,2,184726,52.423,2045,45.2
2020-11-27,1,167046,46.8288,2475,54.6
2020-11-27,2,186977,52.4162,2049,45.2
2020-11-27,9,2693,0.7549,2,0.0
2020-11-28,1,170103,46.8003,2487,54.7
2020-11-28,2,190634,52.4489,2052,45.1
2020-11-28,9,2729,0.7508,2,0.0
2020-11-29,9,2754,0.7514,2,0.0
2020-11-29,1,171447,46.7772,2498,54.8
2020-11-29,2,192317,52.4714,2054,45.1
2020-11-30,9,2810,0.7503,2,0.0
2020-11-30,1,175138,46.7667,2521,54.7
2020-11-30,2,196545,52.483,2079,45.1
2020-12-01,9,2877,0.7567,3,0.0
2020-12-01,1,177692,46.7382,2543,54.8
2020-12-01,2,199617,52.5051,2092,45.1
2020-12-02,1,179612,46.7393,2571,54.8
2020-12-02,2,201767,52.5045,2114,45.0
2020-12-02,9,2906,0.7562,3,0.0
2020-12-03,1,181429,46.7297,2617,54.7
2020-12-03,2,203865,52.5084,2161,45.1
2020-12-03,9,2958,0.7619,3,0.0
2020-12-04,9,3058,0.7789,2,0.0
2020-12-04,1,183376,46.7071,2660,54.5
2020-12-04,2,206174,52.514,2214,45.4
2020-12-05,9,3091,0.7776,2,0.0
2020-12-05,1,185531,46.6719,2675,54.5
2020-12-05,2,208900,52.5506,2228,45.4
2020-12-06,9,3141,0.7841,2,0.0
2020-12-06,1,186869,46.648,2691,54.4
2020-12-06,2,210584,52.5679,2250,45.5
2020-12-07,1,190569,46.6247,2727,54.4
2020-12-07,2,214925,52.5836,2280,45.5
2020-12-07,9,3236,0.7917,2,0.0
2020-12-08,1,193169,46.5749,2778,54.3
2020-12-08,2,218295,52.633,2328,45.5
2020-12-08,9,3285,0.792,3,0.0
2020-12-09,9,3348,0.7916,2,0.0
2020-12-09,1,196875,46.5467,2813,54.3
2020-12-09,2,222739,52.6617,2356,45.5
2020-12-10,9,3411,0.7952,2,0.0
2020-12-10,1,199552,46.5185,2852,54.4
2020-12-10,2,226010,52.6863,2386,45.5
2020-12-11,9,3505,0.8034,2,0.0
2020-12-11,1,202758,46.4762,2893,54.3
2020-12-11,2,229999,52.7204,2432,45.6
2020-12-12,1,205796,46.46,2933,54.3
2020-12-12,2,233621,52.7417,2464,45.6
2020-12-12,9,3536,0.7983,3,0.0
2020-12-13,1,211023,46.4496,2968,54.3
2020-12-13,2,239641,52.7489,2491,45.6
2020-12-13,9,3641,0.8014,3,0.0
2020-12-14,9,3729,0.8026,3,0.0
2020-12-14,1,215723,46.4296,3001,54.1
2020-12-14,2,245172,52.7678,2537,45.7
2020-12-15,1,219608,46.441,3045,54.2
2020-12-15,2,249457,52.7533,2567,45.7
2020-12-15,9,3810,0.8057,3,0.0
2020-12-16,9,3895,0.8043,3,0.0
2020-12-16,1,224723,46.403,3071,54.1
2020-12-16,2,255667,52.7927,2594,45.7
2020-12-17,1,228925,46.4134,3163,54.1
2020-12-17,2,260354,52.7855,2679,45.8
2020-12-17,9,3951,0.801,3,0.0
2020-12-18,1,233727,46.4065,3225,54.1
2020-12-18,2,265876,52.7897,2732,45.8
2020-12-18,9,4048,0.8037,3,0.0
2020-12-19,9,4164,0.8165,3,0.0
2020-12-19,1,236584,46.3892,3251,54.0
2020-12-19,2,269250,52.7943,2763,45.9
2020-12-20,9,4236,0.8151,4,0.0
2020-12-20,1,241077,46.3889,3273,53.9
2020-12-20,2,274374,52.796,2794,46.0
2020-12-21,9,4324,0.8165,5,0.0
2020-12-21,1,245620,46.3803,3317,54.0
2020-12-21,2,279634,52.8032,2814,45.8
2020-12-22,1,247578,46.3613,3382,53.9
2020-12-22,2,282096,52.8251,2882,45.9
2020-12-22,9,4345,0.8136,5,0.0
2020-12-23,1,250877,46.3523,3440,53.9
2020-12-23,2,285985,52.8389,2936,46.0
2020-12-23,9,4378,0.8089,4,0.0
2020-12-24,9,4453,0.8148,4,0.0
2020-12-24,1,253229,46.3368,3467,53.9
2020-12-24,2,288815,52.8484,2960,46.0
2020-12-25,9,4531,0.8153,4,0.0
2020-12-25,1,257347,46.3082,3473,53.9
2020-12-25,2,293849,52.8765,2959,45.9
2020-12-26,9,4577,0.816,4,0.0
2020-12-26,1,259713,46.3036,3475,53.9
2020-12-26,2,296602,52.8804,2964,46.0
2020-12-27,1,261150,46.2966,3508,53.8
2020-12-27,2,298332,52.8882,3000,46.0
2020-12-27,9,4598,0.8151,4,0.0
2020-12-28,1,262840,46.2916,3543,53.7
2020-12-28,2,300342,52.8965,3040,46.1
2020-12-28,9,4610,0.8119,5,0.0
2020-12-29,9,4623,0.8074,5,0.0
2020-12-29,1,264917,46.2665,3618,53.9
2020-12-29,2,303049,52.9261,3087,46.0
2020-12-30,9,4688,0.8072,5,0.0
2020-12-30,1,268587,46.2436,3674,53.9
2020-12-30,2,307534,52.9492,3131,45.9
2020-12-31,9,4773,0.8134,5,0.0
2020-12-31,1,271186,46.2142,3724,53.9
2020-12-31,2,310843,52.9724,3178,46.0
2021-01-01,1,275109,46.1916,3742,53.8
2021-01-01,2,315585,52.9877,3207,46.1
2021-01-01,9,4888,0.8207,6,0.0
2021-01-02,1,278881,46.1623,3748,53.7
2021-01-02,2,320264,53.0123,3216,46.1
2021-01-02,9,4987,0.8255,6,0.0
2021-01-03,9,5009,0.8234,6,0.0
2021-01-03,1,280703,46.1457,3779,53.7
2021-01-03,2,322585,53.0308,3240,46.1
2021-01-04,9,5027,0.8211,6,0.0
2021-01-04,1,282500,46.1413,3859,53.8
2021-01-04,2,324723,53.0376,3303,46.0
2021-01-05,9,5104,0.8264,5,0.0
2021-01-05,1,285002,46.143,3910,53.8
2021-01-05,2,327543,53.0306,3352,46.1
2021-01-06,1,288420,46.1297,3971,53.8
2021-01-06,2,331657,53.045,3405,46.1
2021-01-06,9,5160,0.8253,5,0.0
2021-01-07,1,292488,46.1165,4033,53.8
2021-01-07,2,336526,53.06,3454,46.1
2021-01-07,9,5223,0.8235,5,0.0
2021-01-08,9,5269,0.8225,5,0.0
2021-01-08,1,295375,46.1087,4102,53.8
2021-01-08,2,339962,53.0688,3511,46.0
2021-01-09,9,5327,0.824,5,0.0
2021-01-09,1,298017,46.1005,4157,53.9
2021-01-09,2,343106,53.0754,3542,45.9
2021-01-10,9,5387,0.8239,6,0.0
2021-01-10,1,301424,46.0985,4198,53.9
2021-01-10,2,347058,53.0776,3581,45.9
2021-01-11,1,302990,46.0894,4239,53.8
2021-01-11,2,348977,53.0847,3620,46.0
2021-01-11,9,5429,0.8258,6,0.0
2021-01-12,1,304518,46.0781,4324,53.9
2021-01-12,2,350900,53.0964,3680,45.9
2021-01-12,9,5456,0.8256,7,0.0
2021-01-13,9,5123,0.7698,6,0.0
2021-01-13,1,306795,46.1,4402,54.0
2021-01-13,2,353581,53.1302,3740,45.9
2021-01-14,9,5175,0.7718,6,0.0
2021-01-14,1,309062,46.0955,4448,54.0
2021-01-14,2,356245,53.1327,3778,45.8
2021-01-15,9,5221,0.7723,6,0.0
2021-01-15,1,311621,46.0951,4495,54.0
2021-01-15,2,359197,53.1326,3810,45.8
2021-01-16,1,313879,46.1013,4514,54.0
2021-01-16,2,361683,53.1225,3835,45.9
2021-01-16,9,5285,0.7762,6,0.0
2021-01-17,1,315984,46.1074,4531,53.9
2021-01-17,2,364006,53.1147,3854,45.9
2021-01-17,9,5331,0.7779,6,0.0
2021-01-18,9,5325,0.7743,6,0.0
2021-01-18,1,317193,46.1203,4553,54.0
2021-01-18,2,365233,53.1054,3871,45.9
2021-01-19,9,5393,0.7818,6,0.0
2021-01-19,1,318117,46.1167,4576,54.0
2021-01-19,2,366298,53.1014,3888,45.9
2021-01-20,9,5435,0.7828,7,0.0
2021-01-20,1,320272,46.1294,4625,54.0
2021-01-20,2,368584,53.0878,3924,45.8
2021-01-21,1,321849,46.1245,4692,54.0
2021-01-21,2,370466,53.0919,3983,45.8
2021-01-21,9,5468,0.7836,9,0.1
2021-01-22,1,323791,46.1341,4748,54.0
2021-01-22,2,372584,53.0862,4020,45.8
2021-01-22,9,5472,0.7797,9,0.1
2021-01-23,9,5523,0.7824,9,0.1
2021-01-23,1,325637,46.1323,4768,54.0
2021-01-23,2,374716,53.0852,4042,45.8
2021-01-24,1,326948,46.1324,4788,54.0
2021-01-24,2,376221,53.0848,4062,45.8
2021-01-24,9,5548,0.7828,9,0.1
2021-01-25,9,5557,0.7822,10,0.1
2021-01-25,1,327747,46.1338,4848,54.0
2021-01-25,2,377123,53.084,4112,45.8
2021-01-26,1,328616,46.1276,4947,53.9
2021-01-26,2,378217,53.0901,4205,45.8
2021-01-26,9,5573,0.7823,10,0.1
2021-01-27,1,330249,46.1367,5015,53.8
2021-01-27,2,379966,53.0823,4289,46.0
2021-01-27,9,5591,0.7811,12,0.1
2021-01-28,9,5543,0.7725,14,0.1
2021-01-28,1,331078,46.1379,5068,53.8
2021-01-28,2,380962,53.0896,4335,46.0
2021-01-29,9,5563,0.77,14,0.1
2021-01-29,1,333437,46.151,5092,53.8
2021-01-29,2,383491,53.079,4355,46.0
2021-01-30,9,5578,0.7697,14,0.1
2021-01-30,1,334541,46.16,5137,53.6
2021-01-30,2,384623,53.0703,4423,46.1
2021-01-31,1,335959,46.157,5175,53.6
2021-01-31,2,386289,53.0718,4461,46.2
2021-01-31,9,5613,0.7712,14,0.1
2021-02-01,1,336526,46.1509,5238,53.7
2021-02-01,2,387033,53.0773,4501,46.1
2021-02-01,9,5628,0.7718,14,0.1
2021-02-02,9,5646,0.772,1,0.0
2021-02-02,1,337542,46.1526,5323,53.7
2021-02-02,2,388172,53.0754,4576,46.2
2021-02-03,9,5513,0.7519,1,996.7
2021-02-03,1,338495,46.1658,5395,53.7
2021-02-03,2,389208,53.0823,4637,46.2
2021-02-04,9,5533,0.7514,1,980.1
2021-02-04,1,339978,46.1695,5480,53.7
2021-02-04,2,390859,53.0792,4721,46.2
2021-02-05,1,341249,46.1752,5584,53.6
2021-02-05,2,392231,53.0737,4820,46.3
2021-02-05,9,5551,0.7511,1,961.0
2021-02-06,1,342716,46.1749,5618,53.6
2021-02-06,2,393902,53.0713,4842,46.2
2021-02-06,9,5595,0.7538,3,0.0
2021-02-07,9,5626,0.7556,3,0.0
2021-02-07,1,343884,46.1837,5625,53.7
2021-02-07,2,395090,53.0607,4841,46.2
2021-02-08,9,5629,0.7547,3,0.0
2021-02-08,1,344466,46.1858,5682,53.7
2021-02-08,2,395731,53.0594,4881,46.1
2021-02-09,9,5648,0.7556,3,0.0
2021-02-09,1,345232,46.1872,5724,53.8
2021-02-09,2,396582,53.0571,4904,46.1
2021-02-10,1,346651,46.1949,5773,53.7
2021-02-10,2,398133,53.0555,4956,46.1
2021-02-10,9,5625,0.7496,2,0.0
2021-02-11,1,347391,46.1936,5825,53.8
2021-02-11,2,399010,53.0575,4984,46.0
2021-02-11,9,5632,0.7489,3,0.0
2021-02-12,9,5661,0.7505,4,0.0
2021-02-12,1,348431,46.1939,5860,53.7
2021-02-12,2,400187,53.0556,5029,46.1
2021-02-13,1,349254,46.1933,5869,53.8
2021-02-13,2,401151,53.0573,5029,46.1
2021-02-13,9,5666,0.7494,4,0.0
2021-02-14,9,5676,0.7494,4,0.0
2021-02-14,1,349886,46.1946,5883,53.8
2021-02-14,2,401856,53.056,5046,46.1
2021-02-15,1,350457,46.2002,5885,53.8
2021-02-15,2,402422,53.0507,5048,46.1
2021-02-15,9,5682,0.749,4,0.0
2021-02-16,1,350928,46.2037,5889,53.7
2021-02-16,2,402905,53.0471,5061,46.2
2021-02-16,9,5690,0.7492,4,0.0
2021-02-17,9,5689,0.7483,4,0.0
2021-02-17,1,351325,46.2086,5910,53.8
2021-02-17,2,403289,53.0432,5071,46.1
2021-02-18,9,5702,0.749,4,0.0
2021-02-18,1,351797,46.21,5957,53.8
2021-02-18,2,403802,53.041,5096,46.0
2021-02-19,9,5728,0.751,4,0.0
2021-02-19,1,352436,46.2106,5960,53.8
2021-02-19,2,404509,53.0383,5100,46.0
2021-02-20,1,353103,46.2172,5991,53.9
2021-02-20,2,405164,53.0314,5120,46.0
2021-02-20,9,5741,0.7514,4,0.0
2021-02-21,1,353645,46.2198,5999,53.8
2021-02-21,2,405746,53.0292,5130,46.0
2021-02-21,9,5746,0.751,4,0.0
2021-02-22,9,5745,0.7499,4,0.0
2021-02-22,1,354105,46.2224,6015,53.9
2021-02-22,2,406239,53.0277,5134,46.0
2021-02-23,1,354690,46.2248,6045,53.9
2021-02-23,2,406873,53.0256,5149,45.9
2021-02-23,9,5752,0.7496,4,0.0
2021-02-24,9,5765,0.7497,4,0.0
2021-02-24,1,355425,46.2224,6082,53.9
2021-02-24,2,407756,53.0279,5180,45.9
2021-02-25,1,356393,46.2284,6110,53.9
2021-02-25,2,408742,53.0187,5207,45.9
2021-02-25,9,5805,0.753,4,0.0
2021-02-26,1,357129,46.2295,6132,53.8
2021-02-26,2,409561,53.0167,5241,46.0
2021-02-26,9,5823,0.7538,4,0.0
2021-02-27,9,5893,0.7615,4,0.0
2021-02-27,1,357733,46.2255,6137,53.8
2021-02-27,2,410261,53.013,5252,46.0
2021-02-28,1,358278,46.2292,6145,53.8
2021-02-28,2,410817,53.0084,5262,46.1
2021-02-28,9,5909,0.7624,4,0.0
2021-03-01,9,5906,0.7614,4,0.0
2021-03-01,1,358631,46.2336,6149,53.8
2021-03-01,2,411156,53.005,5268,46.1
2021-03-02,1,358940,46.2351,6156,53.8
2021-03-02,2,411480,53.0028,5276,46.1
2021-03-02,9,5917,0.7622,4,0.0
2021-03-03,9,5719,0.7352,3,0.0
2021-03-03,1,359789,46.2492,6169,53.8
2021-03-03,2,412427,53.0156,5287,46.1
2021-03-04,2,413194,53.011,5308,46.1525
2021-03-04,1,360507,46.2515,6190,53.8214
2021-03-04,9,5748,0.7374,3,0.0261
