date_stamp,race,cnt_confirmed,pct_confirmed,cnt_death,pct_death
2020-04-08,2,1140,26.1348,,
2020-04-08,1,320,7.3361,,
2020-04-08,0,32,0.7336,,
2020-04-08,3,106,2.4301,,
2020-04-08,9,2764,63.3654,,
2020-04-09,0,51,0.7968,,
2020-04-09,9,1716,19.6159,,
2020-04-09,3,186,3.9207,,
2020-04-09,1,668,12.7774,,
2020-04-09,2,2013,43.4398,,
2020-04-10,3,224,4.6072,,
2020-04-10,9,1469,30.2139,,
2020-04-10,0,61,1.2546,,
2020-04-10,1,803,16.5158,,
2020-04-10,2,2305,47.4085,,
2020-04-11,3,224,4.3801,,
2020-04-11,0,61,1.1928,,
2020-04-11,1,801,15.6629,,
2020-04-11,2,2305,45.0724,,
2020-04-11,9,1723,33.6918,,
2020-04-12,3,266,4.825,,
2020-04-12,0,73,1.3241,,
2020-04-12,1,922,16.7241,,
2020-04-12,2,2504,45.4199,,
2020-04-12,9,1748,31.7069,,
2020-04-13,0,73,1.3012,,
2020-04-13,9,1848,32.9412,,
2020-04-13,3,266,4.7415,,
2020-04-13,1,919,16.3815,,
2020-04-13,2,2504,44.6346,,
2020-04-14,9,1378,23.6648,,
2020-04-14,3,358,6.148,,
2020-04-14,0,83,1.4254,,
2020-04-14,1,1143,19.6291,,
2020-04-14,2,2861,49.1327,,
2020-04-15,3,350,5.7575,,
2020-04-15,0,88,1.4476,,
2020-04-15,1,1218,20.0362,,
2020-04-15,2,2972,48.8896,,
2020-04-15,9,1451,23.8691,,
2020-04-16,3,378,11.9318,,
2020-04-16,0,104,3.2828,,
2020-04-16,1,1298,40.9722,,
2020-04-16,2,3094,50.8965,,
2020-04-16,9,1388,43.8131,,
2020-04-17,0,114,1.7302,,
2020-04-17,1,1383,20.9895,,
2020-04-17,2,3195,48.4899,,
2020-04-17,,397,6.0404,,
2020-04-17,9,1500,22.75,,
2020-04-18,0,123,1.819,,
2020-04-18,9,1516,22.4194,,
2020-04-18,1,1437,21.2511,,
2020-04-18,2,3282,48.5359,,
2020-04-18,,404,5.9746,,
2020-04-19,9,1704,24.1018,,
2020-04-19,0,130,1.8388,,
2020-04-19,1,1470,20.7921,,
2020-04-19,2,3347,47.3409,,
2020-04-19,,419,5.9264,,
2020-04-20,0,138,1.9066,,
2020-04-20,1,1512,20.8897,,
2020-04-20,2,3406,47.0572,,
2020-04-20,,432,5.9685,,
2020-04-20,9,1750,24.1779,,
2020-04-21,0,151,2.0422,,
2020-04-21,1,1582,21.3957,,
2020-04-21,2,3535,47.809,,
2020-04-21,,456,6.1672,,
2020-04-21,9,1670,22.5859,,
2020-04-22,0,168,2.1423,,
2020-04-22,1,1620,20.658,,
2020-04-22,2,3637,46.3785,,
2020-04-22,,489,6.2484,,
2020-04-22,9,1928,24.5728,,
2020-04-23,3,515,6.2303,,
2020-04-23,2,3718,44.9794,,
2020-04-23,9,2188,26.4699,,
2020-04-23,0,176,2.1292,,
2020-04-23,1,1669,20.1911,,
2020-04-24,3,531,6.0853,,
2020-04-24,0,183,2.0972,,
2020-04-24,1,1705,19.5393,,
2020-04-24,2,3803,43.5824,,
2020-04-24,9,2504,28.6959,,
2020-04-25,3,564,6.1378,,
2020-04-25,0,189,2.0568,,
2020-04-25,2,3912,42.5726,,
2020-04-25,9,2751,29.938,,
2020-04-25,1,1773,19.2948,,
2020-04-26,3,588,6.0825,,
2020-04-26,0,193,1.9965,,
2020-04-26,1,1930,19.9648,,
2020-04-26,2,4028,41.6675,,
2020-04-26,9,2928,30.2886,,
2020-04-27,3,609,6.1404,,
2020-04-27,0,203,2.0468,,
2020-04-27,1,1983,19.994,,
2020-04-27,2,4108,41.4196,,
2020-04-27,9,3015,30.3993,,
2020-04-28,3,645,6.4166,,
2020-04-28,0,223,2.2185,,
2020-04-28,1,2059,20.4835,,
2020-04-28,2,4257,42.3498,,
2020-04-28,9,2868,28.5316,,
2020-04-29,3,688,6.6371,,
2020-04-29,2,4427,42.7069,,
2020-04-29,1,2154,20.7795,,
2020-04-29,9,2858,27.5709,,
2020-04-29,0,239,2.3056,,
2020-04-30,3,719,6.6977,,
2020-04-30,0,259,2.4127,,
2020-04-30,1,2233,20.8011,,
2020-04-30,2,4597,42.8225,,
2020-04-30,9,2927,27.266,,
2020-05-01,1,2447,20.5786,,
2020-05-01,3,761,6.3998,,
2020-05-01,0,274,2.3043,,
2020-05-01,2,4937,41.5188,,
2020-05-01,9,3472,29.1986,,
2020-05-02,1,2578,20.3617,,
2020-05-02,9,3861,30.4952,,
2020-05-02,3,799,6.3107,,
2020-05-02,0,294,2.3221,,
2020-05-02,2,5129,40.5102,,
2020-05-03,3,840,6.3747,,
2020-05-03,0,295,2.2387,,
2020-05-03,1,2630,19.959,,
2020-05-03,2,5227,39.6676,,
2020-05-03,9,4185,31.7599,,
2020-05-04,3,876,6.4549,,
2020-05-04,0,297,2.1885,,
2020-05-04,1,2670,19.6743,,
2020-05-04,2,5358,39.4812,,
2020-05-04,9,4370,32.201,,
2020-05-05,1,2770,20.2337,,
2020-05-05,9,4196,30.6501,,
2020-05-05,3,906,6.618,,
2020-05-05,0,311,2.2717,,
2020-05-05,2,5507,40.2264,,
2020-05-06,9,4252,30.5065,,
2020-05-06,3,937,6.7226,,
2020-05-06,0,320,2.2959,,
2020-05-06,1,2854,20.4764,,
2020-05-06,2,5575,39.9986,,
2020-05-07,3,979,6.9452,,
2020-05-07,0,326,2.3127,,
2020-05-07,1,2913,20.6654,,
2020-05-07,2,5700,40.437,,
2020-05-07,9,4178,29.6396,,
2020-05-08,3,1022,7.0771,,
2020-05-08,0,334,2.3129,,
2020-05-08,1,2994,20.7326,,
2020-05-08,2,5859,40.572,,
2020-05-08,9,4232,29.3054,,
2020-05-09,3,1047,7.0897,,
2020-05-09,0,341,2.309,,
2020-05-09,1,3043,20.6054,,
2020-05-09,2,5968,40.4117,,
2020-05-09,9,4369,29.5842,,
2020-05-10,3,1062,7.0871,,
2020-05-10,0,342,2.2823,,
2020-05-10,1,3087,20.6006,,
2020-05-10,2,6016,40.1468,,
2020-05-10,9,4478,29.8832,,
2020-05-11,9,4802,30.8929,,
2020-05-11,3,1085,6.9802,,
2020-05-11,0,342,2.2002,,
2020-05-11,1,3178,20.4452,,
2020-05-11,2,6137,39.4815,,
2020-05-12,3,1144,7.1069,,
2020-05-12,0,345,2.1414,,
2020-05-12,1,3396,21.0788,,
2020-05-12,2,6402,39.7368,,
2020-05-12,9,4823,29.9361,,
2020-05-13,3,1215,7.4221,,
2020-05-13,0,348,2.1258,,
2020-05-13,1,3518,21.4905,,
2020-05-13,2,6611,40.3849,,
2020-05-13,9,4678,28.5767,,
2020-05-14,3,1292,7.737,,
2020-05-14,0,353,2.1139,,
2020-05-14,1,3572,21.3905,,
2020-05-14,2,6767,40.5234,,
2020-05-14,9,4715,28.2352,,
2020-05-15,3,1398,8.2381,,
2020-05-15,2,6849,40.3595,,
2020-05-15,9,4757,28.0318,,
2020-05-15,0,357,2.1037,,
2020-05-15,1,3609,21.2669,,
2020-05-16,3,1458,8.4336,,
2020-05-16,0,362,2.0939,,
2020-05-16,1,3663,21.1881,,
2020-05-16,2,6991,40.4385,,
2020-05-16,9,4814,27.8459,,
2020-05-17,3,1497,8.6094,,
2020-05-17,0,364,2.0934,,
2020-05-17,2,7045,40.5164,,
2020-05-17,9,4795,27.5765,,
2020-05-17,1,3687,21.2043,,
2020-05-18,3,1543,8.567,,
2020-05-18,0,366,2.0321,,
2020-05-18,1,3747,20.804,,
2020-05-18,2,7099,39.4148,,
2020-05-18,9,5256,29.1822,,
2020-05-19,3,1650,8.9781,,
2020-05-19,0,368,2.0024,,
2020-05-19,1,3810,20.7313,,
2020-05-19,2,7258,39.4929,,
2020-05-19,9,5292,28.7953,,
2020-05-20,3,1718,9.2705,,
2020-05-20,0,375,2.0235,,
2020-05-20,1,3866,20.8612,,
2020-05-20,2,7386,39.8554,,
2020-05-20,9,5187,27.9894,,
2020-05-21,3,1770,9.335,,
2020-05-21,0,381,2.0094,,
2020-05-21,1,3932,20.7373,,
2020-05-21,2,7618,40.1772,,
2020-05-21,9,5260,27.7412,,
2020-05-22,9,5354,27.6065,,
2020-05-22,3,1854,9.5597,,
2020-05-22,0,384,1.98,,
2020-05-22,1,4006,20.6559,,
2020-05-22,2,7796,40.198,,
2020-05-23,3,1954,9.8742,,
2020-05-23,0,385,1.9455,,
2020-05-23,1,4075,20.5922,,
2020-05-23,2,7933,40.0879,,
2020-05-23,9,5442,27.5001,,
2020-05-24,3,2002,9.9379,,
2020-05-24,0,387,1.9211,,
2020-05-24,1,4139,20.546,,
2020-05-24,2,8040,39.9106,,
2020-05-24,9,5577,27.6843,,
2020-05-25,3,2066,10.0257,,
2020-05-25,0,390,1.8926,,
2020-05-25,1,4203,20.396,,
2020-05-25,2,8135,39.4769,,
2020-05-25,9,5813,28.2089,,
2020-05-26,3,2172,10.3601,,
2020-05-26,2,8273,39.461,,
2020-05-26,9,5860,27.9513,,
2020-05-26,0,394,1.8793,,
2020-05-26,1,4266,20.3482,,
2020-05-27,3,2316,10.8702,,
2020-05-27,0,397,1.8633,,
2020-05-27,1,4383,20.5717,,
2020-05-27,2,8465,39.7306,,
2020-05-27,9,5745,26.9642,,
2020-05-28,3,2469,11.3889,,
2020-05-28,0,402,1.8543,,
2020-05-28,2,8696,40.1126,,
2020-05-28,9,5652,26.0713,,
2020-05-28,1,4460,20.5729,,
2020-05-29,3,2565,11.6142,,
2020-05-29,0,406,1.8384,,
2020-05-29,1,4511,20.4256,,
2020-05-29,2,8908,40.3351,,
2020-05-29,9,5695,25.7867,,
2020-05-30,3,2713,12.0225,,
2020-05-30,0,410,1.8169,,
2020-05-30,1,5124,22.7067,,
2020-05-30,2,9822,43.5257,,
2020-05-30,9,4497,19.9282,,
2020-05-31,3,2799,12.1664,,
2020-05-31,0,411,1.7865,,
2020-05-31,1,5202,22.6115,,
2020-05-31,2,9934,43.18,,
2020-05-31,9,4660,20.2556,,
2020-06-01,9,4896,20.7863,,
2020-06-01,3,2866,12.1678,,
2020-06-01,0,413,1.7534,,
2020-06-01,1,5265,22.3529,,
2020-06-01,2,10114,42.9396,,
2020-06-02,9,4895,20.0821,,
2020-06-02,3,3345,13.7231,,
2020-06-02,0,417,1.7108,,
2020-06-02,1,5378,22.0636,,
2020-06-02,2,10340,42.4205,,
2020-06-03,3,3546,14.2857,,
2020-06-03,0,423,1.7041,,
2020-06-03,1,5472,22.045,,
2020-06-03,2,10589,42.6597,,
2020-06-03,9,4792,19.3055,,
2020-06-04,3,3613,14.383,,
2020-06-04,0,427,1.6998,,
2020-06-04,1,5551,22.0979,,
2020-06-04,2,10736,42.7389,,
2020-06-04,9,4793,19.0804,,
2020-06-05,3,3666,14.3652,,
2020-06-05,0,434,1.7006,,
2020-06-05,1,5717,22.402,,
2020-06-05,2,10989,43.0603,,
2020-06-05,9,4714,18.4718,,
2020-06-06,3,3833,14.7022,,
2020-06-06,2,11179,42.8791,,
2020-06-06,9,4836,18.5493,,
2020-06-06,0,439,1.6839,,
2020-06-06,1,5784,22.1856,,
2020-06-07,3,3837,14.5446,,
2020-06-07,0,441,1.6717,,
2020-06-07,1,5858,22.2054,,
2020-06-07,2,11315,42.8907,,
2020-06-07,9,4930,18.6877,,
2020-06-08,3,3926,14.571,,
2020-06-08,0,451,1.6738,,
2020-06-08,2,11451,42.4993,,
2020-06-08,9,5201,19.303,,
2020-06-08,1,5915,21.9529,,
2020-06-09,3,4091,14.8359,,
2020-06-09,0,457,1.6573,,
2020-06-09,1,6052,21.9474,,
2020-06-09,2,11778,42.7126,,
2020-06-09,9,5197,18.8468,,
2020-06-10,3,4213,15.1172,,
2020-06-10,0,461,1.6542,,
2020-06-10,1,6185,22.1931,,
2020-06-10,2,12004,43.0729,,
2020-06-10,9,5006,17.9626,,
2020-06-11,3,4379,15.4517,,
2020-06-11,0,464,1.6373,,
2020-06-11,1,6319,22.2971,,
2020-06-11,2,12204,43.0628,,
2020-06-11,9,4974,17.5512,,
2020-06-12,3,4579,15.7213,,
2020-06-12,0,467,1.6034,,
2020-06-12,1,6396,21.9598,,
2020-06-12,2,12617,43.3187,,
2020-06-12,9,5067,17.3968,,
2020-06-13,9,5012,16.9663,,
2020-06-13,3,4720,15.9778,,
2020-06-13,0,467,1.5809,,
2020-06-13,1,6500,22.0033,,
2020-06-13,2,12842,43.4718,,
2020-06-14,3,4893,16.0785,,
2020-06-14,0,469,1.5411,,
2020-06-14,1,6570,21.5891,,
2020-06-14,2,12989,42.682,,
2020-06-14,9,5511,18.1092,,
2020-06-15,3,4960,15.9178,,
2020-06-15,0,472,1.5148,,
2020-06-15,1,6632,21.2837,,
2020-06-15,2,13117,42.0956,,
2020-06-15,9,5979,19.1881,,
2020-06-16,3,5072,15.9347,,
2020-06-16,0,484,1.5206,,
2020-06-16,1,6712,21.087,,
2020-06-16,2,13346,41.929,,
2020-06-16,9,6216,19.5287,,
2020-06-17,3,5209,16.2057,,
2020-06-17,2,13596,42.2985,,
2020-06-17,9,6050,18.8221,,
2020-06-17,0,487,1.5151,,
2020-06-17,1,6801,21.1586,,
2020-06-18,3,5360,16.327,,
2020-06-18,0,492,1.4987,,
2020-06-18,1,6895,21.0028,,
2020-06-18,2,13903,42.3498,,
2020-06-18,9,6179,18.8218,,
2020-06-19,3,5525,16.2419,,
2020-06-19,0,501,1.4728,,
2020-06-19,2,14235,41.8467,,
2020-06-19,9,6681,19.6402,,
2020-06-19,1,7075,20.7984,,
2020-06-20,3,5679,16.4867,,
2020-06-20,0,503,1.4603,,
2020-06-20,1,7218,20.9545,,
2020-06-20,2,14477,42.0281,,
2020-06-20,9,6569,19.0704,,
2020-06-21,3,5779,16.4634,,
2020-06-21,0,512,1.4586,,
2020-06-21,1,7312,20.8307,,
2020-06-21,2,14657,41.7555,,
2020-06-21,9,6842,19.4918,,
2020-06-22,3,5902,16.6006,,
2020-06-22,0,520,1.4626,,
2020-06-22,1,7404,20.8252,,
2020-06-22,2,14869,41.8221,,
2020-06-22,9,6858,19.2895,,
2020-06-23,3,6208,17.1005,,
2020-06-23,0,523,1.4407,,
2020-06-23,1,8010,22.0643,,
2020-06-23,2,15690,43.2196,,
2020-06-23,9,5872,16.175,,
2020-06-24,9,6228,16.7262,,
2020-06-24,3,6368,17.1022,,
2020-06-24,0,528,1.418,,
2020-06-24,1,8117,21.7994,,
2020-06-24,2,15994,42.9542,,
2020-06-25,1,8235,21.6517,193,34.0
2020-06-25,3,6448,16.9533,32,5.6
2020-06-25,5,39,0.1025,1,0.1
2020-06-25,4,61,0.1604,1,0.1
2020-06-25,0,537,1.4119,11,1.9
2020-06-25,2,16340,42.9616,327,57.6
2020-06-25,9,6374,16.7587,2,0.3
2020-06-26,1,8390,21.2707,198,34.3
2020-06-26,3,6592,16.7123,32,5.5
2020-06-26,5,39,0.0989,1,0.1
2020-06-26,4,60,0.1521,0,0.0
2020-06-26,0,544,1.3792,11,1.9
2020-06-26,2,16774,42.5261,333,57.7
2020-06-26,9,7045,17.8608,2,0.3
2020-06-27,9,6962,17.3305,2,0.3
2020-06-27,5,40,0.0996,1,0.1
2020-06-27,4,61,0.1518,0,0.0
2020-06-27,0,556,1.384,11,1.8
2020-06-27,1,8549,21.281,201,34.4
2020-06-27,2,17261,42.9677,335,57.3
2020-06-27,3,6743,16.7853,34,5.8
2020-06-29,9,7972,18.8477,2,0.3
2020-06-29,5,41,0.0969,1,0.1
2020-06-29,4,60,0.1419,0,0.0
2020-06-29,0,578,1.3665,11,1.8
2020-06-29,1,8872,20.9755,206,34.7
2020-06-29,2,17771,42.0148,338,57.0
2020-06-29,3,7003,16.5567,34,5.7
2020-06-30,9,8393,19.2903,2,0.3
2020-06-30,3,7124,16.3736,36,5.9
2020-06-30,5,42,0.0965,1,0.1
2020-06-30,4,61,0.1402,0,0.0
2020-06-30,0,586,1.3468,11,1.8
2020-06-30,1,9048,20.7957,212,35.0
2020-06-30,2,18255,41.9568,342,56.6
2020-07-01,9,8159,18.0051,2,0.3
2020-07-01,5,42,0.0927,1,0.1
2020-07-01,4,72,0.1589,0,0.0
2020-07-01,0,598,1.3197,11,1.8
2020-07-01,1,9676,21.3528,215,35.3
2020-07-01,2,19194,42.3568,344,56.4
2020-07-01,3,7574,16.7141,36,5.9
2020-07-02,9,8782,18.7289,4,0.6
2020-07-02,5,45,0.096,1,0.1
2020-07-02,4,72,0.1536,0,0.0
2020-07-02,0,615,1.3116,11,1.7
2020-07-02,1,9850,21.0066,217,35.0
2020-07-02,2,19775,42.1732,351,56.6
2020-07-02,3,7751,16.5302,36,5.8
2020-07-03,9,9424,19.3464,5,0.7
2020-07-03,5,46,0.0944,1,0.1
2020-07-03,4,71,0.1458,0,0.0
2020-07-03,0,625,1.2831,11,1.7
2020-07-03,1,10097,20.728,221,34.9
2020-07-03,2,20445,41.9712,356,56.2
2020-07-03,3,8004,16.4313,39,6.1
2020-07-04,9,10016,19.9761,6,0.9
2020-07-04,5,48,0.0957,1,0.1
2020-07-04,4,72,0.1436,0,0.0
2020-07-04,3,8172,16.2984,39,6.1
2020-07-04,0,628,1.2525,11,1.7
2020-07-04,1,10343,20.6282,223,35.0
2020-07-04,2,20861,41.6055,357,56.0
2020-07-05,9,10843,21.0826,6,0.9
2020-07-05,3,8266,16.072,39,6.0
2020-07-05,5,48,0.0933,1,0.1
2020-07-05,4,72,0.14,0,0.0
2020-07-05,0,632,1.2288,11,1.7
2020-07-05,1,10459,20.336,228,35.2
2020-07-05,2,21111,41.0472,361,55.8
2020-07-06,9,10810,20.7267,6,0.9
2020-07-06,3,8449,16.1998,38,5.8
2020-07-06,5,48,0.092,1,0.1
2020-07-06,4,72,0.1381,0,0.0
2020-07-06,0,639,1.2252,11,1.6
2020-07-06,1,10640,20.4007,231,35.3
2020-07-06,2,21497,41.2175,366,56.0
2020-07-07,9,11114,20.7684,7,1.0
2020-07-07,3,8571,16.0164,39,5.8
2020-07-07,5,48,0.0897,1,0.1
2020-07-07,4,71,0.1327,0,0.0
2020-07-07,0,663,1.2389,12,1.8
2020-07-07,1,10872,20.3162,234,35.1
2020-07-07,2,22175,41.4378,372,55.9
2020-07-08,9,11309,20.1997,5,0.7
2020-07-08,5,48,0.0857,1,0.1
2020-07-08,4,78,0.1393,0,0.0
2020-07-08,0,677,1.2092,12,1.7
2020-07-08,1,11560,20.648,241,35.1
2020-07-08,2,23336,41.6818,386,56.3
2020-07-08,3,8978,16.0362,40,5.8
2020-07-09,9,11688,20.2948,5,0.7
2020-07-09,3,9149,15.8862,45,6.3
2020-07-09,5,50,0.0868,1,0.1
2020-07-09,4,78,0.1354,0,0.0
2020-07-09,0,688,1.1946,13,1.8
2020-07-09,1,11825,20.5327,249,35.0
2020-07-09,2,24113,41.8694,397,55.9
2020-07-10,9,12556,21.0862,4,0.5
2020-07-10,5,53,0.089,1,0.1
2020-07-10,4,78,0.131,0,0.0
2020-07-10,0,694,1.1655,12,1.6
2020-07-10,1,12100,20.3204,258,35.6
2020-07-10,2,24754,41.5712,402,55.6
2020-07-10,3,9311,15.6367,46,6.3
2020-07-11,9,12787,20.9602,4,0.5
2020-07-11,5,56,0.0918,1,0.1
2020-07-11,4,78,0.1279,0,0.0
2020-07-11,0,705,1.1556,12,1.6
2020-07-11,1,12323,20.1997,261,35.3
2020-07-11,2,25559,41.8959,411,55.6
2020-07-11,3,9498,15.569,49,6.6
2020-07-12,9,13044,21.0523,3,0.4
2020-07-12,5,56,0.0904,1,0.1
2020-07-12,4,78,0.1259,0,0.0
2020-07-12,0,710,1.1459,12,1.6
2020-07-12,1,12551,20.2566,263,35.4
2020-07-12,2,25886,41.7786,413,55.7
2020-07-12,3,9635,15.5504,49,6.6
2020-07-13,9,14912,22.8452,6,0.8
2020-07-13,3,10012,15.3384,49,6.5
2020-07-13,5,56,0.0858,1,0.1
2020-07-13,4,83,0.1272,0,0.0
2020-07-13,0,721,1.1046,12,1.6
2020-07-13,1,12883,19.7368,266,35.5
2020-07-13,2,26607,40.762,415,55.4
2020-07-14,9,15180,22.7286,6,0.7
2020-07-14,3,10157,15.2078,49,6.3
2020-07-14,5,56,0.0838,1,0.1
2020-07-14,4,84,0.1258,0,0.0
2020-07-14,0,729,1.0915,12,1.5
2020-07-14,1,13150,19.6892,273,35.5
2020-07-14,2,27432,41.0732,426,55.5
2020-07-15,9,14342,20.7671,5,0.6
2020-07-15,3,10575,15.3125,50,6.3
2020-07-15,5,57,0.0825,1,0.1
2020-07-15,4,91,0.1318,0,0.0
2020-07-15,0,741,1.073,13,1.6
2020-07-15,1,14151,20.4906,280,35.7
2020-07-15,2,29104,42.1425,434,55.4
2020-07-16,9,15316,21.409,4,0.5
2020-07-16,3,10850,15.1663,50,6.2
2020-07-16,5,57,0.0797,1,0.1
2020-07-16,4,92,0.1286,0,0.0
2020-07-16,0,760,1.0623,13,1.6
2020-07-16,1,14422,20.1594,282,35.4
2020-07-16,2,30043,41.9947,446,56.0
2020-07-17,9,16298,22.0783,3,0.3
2020-07-17,5,58,0.0786,2,0.2
2020-07-17,4,91,0.1233,0,0.0
2020-07-17,0,766,1.0377,13,1.5
2020-07-17,1,14737,19.9637,289,35.4
2020-07-17,2,30936,41.9079,457,56.0
2020-07-17,3,10933,14.8106,51,6.2
2020-07-18,9,17268,22.621,4,0.4
2020-07-18,3,11196,14.6667,51,6.0
2020-07-18,5,60,0.0786,2,0.2
2020-07-18,4,90,0.1179,0,0.0
2020-07-18,0,774,1.0139,13,1.5
2020-07-18,1,15111,19.7954,300,35.7
2020-07-18,2,31837,41.7064,468,55.8
2020-07-19,9,18207,23.3079,4,0.4
2020-07-19,5,60,0.0768,2,0.2
2020-07-19,4,92,0.1178,0,0.0
2020-07-19,0,788,1.0088,14,1.6
2020-07-19,1,15317,19.6083,304,36.0
2020-07-19,2,32383,41.4555,468,55.5
2020-07-19,3,11268,14.4249,51,6.0
2020-07-20,9,19179,24.0477,6,0.7
2020-07-20,5,61,0.0765,2,0.2
2020-07-20,4,94,0.1179,0,0.0
2020-07-20,0,793,0.9943,14,1.6
2020-07-20,1,15478,19.4072,305,36.0
2020-07-20,2,32833,41.1678,469,55.3
2020-07-20,3,11316,14.1886,51,6.0
2020-07-21,9,19300,23.5527,4,0.4
2020-07-21,5,65,0.0793,2,0.2
2020-07-21,4,97,0.1184,0,0.0
2020-07-21,0,814,0.9934,15,1.7
2020-07-21,1,15752,19.2229,315,36.1
2020-07-21,2,34124,41.6431,481,55.2
2020-07-21,3,11792,14.3903,54,6.1
2020-07-22,9,19972,23.6587,8,0.9
2020-07-22,5,69,0.0817,2,0.2
2020-07-22,4,97,0.1149,0,0.0
2020-07-22,0,832,0.9856,15,1.6
2020-07-22,1,16107,19.0803,319,35.9
2020-07-22,2,35281,41.7937,489,55.0
2020-07-22,3,12059,14.285,55,6.1
2020-07-23,9,19232,22.1091,10,1.0
2020-07-23,3,12567,14.447,59,6.3
2020-07-23,5,67,0.077,2,0.2
2020-07-23,4,107,0.123,2,0.2
2020-07-23,0,845,0.9714,15,1.6
2020-07-23,1,17171,19.7397,325,35.1
2020-07-23,2,36998,42.5328,512,55.3
2020-07-24,9,19853,22.2872,8,0.8
2020-07-24,3,12673,14.2269,60,6.3
2020-07-24,5,70,0.0786,2,0.2
2020-07-24,4,108,0.1212,2,0.2
2020-07-24,0,865,0.9711,15,1.5
2020-07-24,1,17519,19.667,328,34.9
2020-07-24,2,37990,42.648,523,55.7
2020-07-25,9,20219,22.2686,8,0.8
2020-07-25,3,12733,14.0237,60,6.2
2020-07-25,5,71,0.0782,2,0.2
2020-07-25,4,108,0.1189,2,0.2
2020-07-25,0,885,0.9747,15,1.5
2020-07-25,1,17834,19.6418,335,34.7
2020-07-25,2,38946,42.894,542,56.2
2020-07-26,9,22109,23.5362,9,0.9
2020-07-26,5,73,0.0777,2,0.2
2020-07-26,4,111,0.1182,2,0.2
2020-07-26,0,898,0.956,15,1.5
2020-07-26,1,18149,19.3206,336,34.7
2020-07-26,2,39810,42.3799,543,56.1
2020-07-26,3,12786,13.6114,60,6.2
2020-07-27,9,22748,23.5757,14,1.4
2020-07-27,3,13397,13.8845,61,6.6
2020-07-27,5,71,0.0736,2,0.2
2020-07-27,4,112,0.1161,2,0.2
2020-07-27,0,909,0.9421,15,1.5
2020-07-27,1,18408,19.0778,337,34.3
2020-07-27,2,40844,42.3302,547,55.7
2020-07-28,9,23404,23.6299,15,1.4
2020-07-28,5,74,0.0747,15,1.4
2020-07-28,4,117,0.1181,3,0.2
2020-07-28,0,919,0.9279,15,1.4
2020-07-28,1,18749,18.93,343,33.7
2020-07-28,2,42056,42.4619,559,54.9
2020-07-28,3,13725,13.8575,62,6.5
2020-07-29,9,23588,23.3957,15,1.4
2020-07-29,5,77,0.0764,2,0.1
2020-07-29,4,119,0.118,3,0.2
2020-07-29,0,930,0.9224,15,1.4
2020-07-29,1,19079,18.9234,347,34.0
2020-07-29,2,43077,42.7258,574,56.2
2020-07-29,3,13952,13.8382,64,6.2
2020-07-30,9,23840,23.1747,16,1.5
2020-07-30,5,78,0.0758,2,0.1
2020-07-30,4,120,0.1167,3,0.2
2020-07-30,0,941,0.9147,15,1.4
2020-07-30,1,19463,18.9198,351,33.9
2020-07-30,2,44226,42.9917,581,56.2
2020-07-30,3,14203,13.8066,65,6.2
2020-07-31,9,24750,23.3581,18,1.6
2020-07-31,5,77,0.0727,2,0.1
2020-07-31,2,45421,42.8666,600,56.6
2020-07-31,1,19808,18.694,357,33.6
2020-07-31,3,14823,13.9894,65,6.1
2020-07-31,4,125,0.118,3,0.2
2020-07-31,0,955,0.9013,15,1.4
2020-08-01,9,25129,23.228,19,1.7
2020-08-01,5,78,0.0721,2,0.1
2020-08-01,4,131,0.1211,3,0.2
2020-08-01,0,972,0.8985,16,1.4
2020-08-01,1,20191,18.6636,359,33.6
2020-08-01,2,46418,42.9065,604,56.6
2020-08-01,3,15265,14.1102,64,5.9
2020-08-02,9,25710,23.4523,19,1.7
2020-08-02,5,80,0.073,2,0.1
2020-08-02,4,133,0.1213,3,0.2
2020-08-02,0,983,0.8967,16,1.4
2020-08-02,1,20401,18.6095,359,33.4
2020-08-02,2,47067,42.9338,610,56.8
2020-08-02,3,15253,13.9135,64,5.9
2020-08-03,9,25885,23.3965,21,1.9
2020-08-03,5,81,0.0732,2,0.1
2020-08-03,3,15282,13.8129,64,5.8
2020-08-03,2,47702,43.1162,622,56.9
2020-08-03,1,20564,18.5871,364,33.3
2020-08-03,0,988,0.893,16,1.4
2020-08-03,4,134,0.1211,3,0.2
2020-08-04,5,82,0.0729,2,0.1
2020-08-04,4,138,0.1227,3,0.2
2020-08-04,0,998,0.8876,15,1.3
2020-08-04,1,20847,18.5404,372,33.3
2020-08-04,2,48849,43.4441,638,57.1
2020-08-04,3,15900,14.1407,67,5.9
2020-08-04,9,25627,22.7915,20,1.7
2020-08-05,9,23668,20.7436,8,0.6
2020-08-05,5,83,0.0727,2,0.1
2020-08-05,4,142,0.1245,4,0.3
2020-08-05,0,1015,0.8896,15,1.3
2020-08-05,1,22003,19.2843,384,33.5
2020-08-05,2,51004,44.7019,661,57.7
2020-08-05,3,16183,14.1834,70,6.1
2020-08-06,9,23935,20.5716,10,0.8
2020-08-06,3,16548,14.2226,72,6.0
2020-08-06,5,82,0.0705,2,0.1
2020-08-06,4,143,0.1229,4,0.3
2020-08-06,0,1039,0.893,15,1.2
2020-08-06,1,22345,19.205,394,33.2
2020-08-06,2,52258,44.9145,689,58.0
2020-08-07,9,24510,20.6344,11,0.9
2020-08-07,5,83,0.0699,2,0.1
2020-08-07,4,145,0.1221,4,0.3
2020-08-07,0,1060,0.8924,15,1.2
2020-08-07,1,22584,19.013,403,33.4
2020-08-07,2,53435,44.9858,699,57.9
2020-08-07,3,16965,14.2825,72,5.9
2020-08-08,9,24925,20.6701,12,0.9
2020-08-08,5,84,0.0697,2,0.1
2020-08-08,4,148,0.1227,4,0.3
2020-08-08,0,1071,0.8882,15,1.2
2020-08-08,1,22800,18.9078,403,33.1
2020-08-08,2,54369,45.0877,707,58.1
2020-08-08,3,17188,14.2538,72,5.9
2020-08-09,9,25584,20.8488,12,0.9
2020-08-09,5,84,0.0685,2,0.1
2020-08-09,4,150,0.1222,4,0.3
2020-08-09,0,1085,0.8842,15,1.2
2020-08-09,1,23066,18.7969,406,33.1
2020-08-09,2,55187,44.9728,712,58.2
2020-08-09,3,17556,14.3067,72,5.8
2020-08-10,9,25882,20.8871,13,1.0
2020-08-10,5,83,0.067,2,0.1
2020-08-10,2,55873,45.0901,717,58.1
2020-08-10,1,23239,18.7541,410,33.2
2020-08-10,3,17594,14.1986,72,5.8
2020-08-10,4,152,0.1227,4,0.3
2020-08-10,0,1091,0.8804,15,1.2
2020-08-11,9,25907,20.7397,18,1.4
2020-08-11,5,83,0.0664,2,0.1
2020-08-11,4,155,0.1241,4,0.3
2020-08-11,0,1103,0.883,16,1.2
2020-08-11,1,23462,18.7824,415,32.6
2020-08-11,2,56636,45.3396,743,58.4
2020-08-11,3,17569,14.0648,73,5.7
2020-08-12,1,24484,19.3713,419,32.5
2020-08-12,3,17778,14.0657,74,5.7
2020-08-12,5,85,0.0673,2,0.1
2020-08-12,4,160,0.1266,4,0.3
2020-08-12,0,1111,0.879,16,1.2
2020-08-12,2,58694,46.4377,758,58.8
2020-08-12,9,24081,19.0525,16,1.2
2020-08-13,1,24862,19.3462,423,32.2
2020-08-13,3,18000,14.0066,74,5.6
2020-08-13,5,87,0.0677,2,0.1
2020-08-13,4,169,0.1315,4,0.3
2020-08-13,0,1122,0.8731,16,1.2
2020-08-13,2,59985,46.6769,778,59.2
2020-08-13,9,24286,18.898,16,1.2
2020-08-14,9,24817,19.023,16,1.2
2020-08-14,5,86,0.0659,2,0.1
2020-08-14,4,171,0.1311,4,0.3
2020-08-14,0,1136,0.8708,16,1.2
2020-08-14,1,25051,19.2023,426,32.1
2020-08-14,2,60956,46.7246,786,59.2
2020-08-14,3,18241,13.9823,76,5.7
2020-08-15,1,25257,19.1708,432,32.1
2020-08-15,3,18366,13.9404,76,5.6
2020-08-15,2,61902,46.9855,798,59.3
2020-08-15,0,1151,0.8736,15,1.1
2020-08-15,9,24810,18.8315,18,1.3
2020-08-15,5,88,0.0668,2,0.1
2020-08-15,4,173,0.1313,4,0.2
2020-08-16,9,26124,19.5381,20,1.4
2020-08-16,3,18394,13.7568,79,5.7
2020-08-16,5,88,0.0658,2,0.1
2020-08-16,4,175,0.1309,4,0.2
2020-08-16,0,1160,0.8676,15,1.0
2020-08-16,1,25411,19.0048,436,31.9
2020-08-16,2,62356,46.636,810,59.2
2020-08-17,9,25989,19.2877,23,1.6
2020-08-17,5,88,0.0653,2,0.1
2020-08-17,4,177,0.1314,4,0.2
2020-08-17,0,1168,0.8668,15,1.0
2020-08-17,1,25587,18.9893,439,31.6
2020-08-17,2,63075,46.811,825,59.4
2020-08-17,3,18660,13.8485,79,5.6
2020-08-18,9,25970,19.1268,25,1.7
2020-08-18,5,88,0.0648,2,0.1
2020-08-18,4,180,0.1326,4,0.2
2020-08-18,0,1185,0.8727,15,1.0
2020-08-18,1,25849,19.0377,445,31.2
2020-08-18,2,63936,47.0886,853,59.8
2020-08-18,3,18570,13.6767,82,5.7
2020-08-19,9,25123,18.2315,27,1.8
2020-08-19,5,89,0.0646,2,0.1
2020-08-19,4,188,0.1364,4,0.2
2020-08-19,0,1196,0.8679,15,1.0
2020-08-19,1,26597,19.3012,449,30.9
2020-08-19,2,65711,47.6858,873,60.1
2020-08-19,3,18896,13.7126,82,5.6
2020-08-20,1,26868,19.3052,458,30.7
2020-08-20,3,19072,13.7036,85,5.7
2020-08-20,5,90,0.0647,2,0.1
2020-08-20,4,193,0.1387,4,0.2
2020-08-20,0,1205,0.8658,15,1.0
2020-08-20,9,24971,17.9422,29,1.9
2020-08-20,2,66776,47.9799,895,60.1
2020-08-21,9,25276,17.9461,32,2.0
2020-08-21,3,19269,13.6811,90,5.8
2020-08-21,5,95,0.0675,2,0.1
2020-08-21,4,194,0.1377,4,0.2
2020-08-21,0,1219,0.8655,15,0.9
2020-08-21,1,27118,19.2539,473,30.5
2020-08-21,2,67673,48.0482,933,60.2
2020-08-22,3,19278,13.5681,89,5.6
2020-08-22,5,95,0.0669,2,0.1
2020-08-22,4,197,0.1387,4,0.2
2020-08-22,0,1232,0.8671,15,0.9
2020-08-22,1,27337,19.2402,477,30.5
2020-08-22,2,68770,48.4013,944,60.3
2020-08-22,9,25174,17.7178,32,2.0
2020-08-23,3,19423,13.4941,90,5.7
2020-08-23,4,198,0.1376,4,0.2
2020-08-23,5,96,0.0667,2,0.1
2020-08-23,0,1243,0.8636,15,0.9
2020-08-23,1,27512,19.1139,478,30.5
2020-08-23,2,69516,48.2961,946,60.3
2020-08-23,9,25949,18.028,32,2.0
2020-08-24,9,25860,17.8833,32,2.0
2020-08-24,5,96,0.0664,2,0.1
2020-08-24,4,197,0.1362,4,0.2
2020-08-24,0,1248,0.863,15,0.9
2020-08-24,1,27672,19.1364,483,30.4
2020-08-24,2,70068,48.4551,962,60.5
2020-08-24,3,19463,13.4595,90,5.6
2020-08-25,3,19387,13.332,92,5.6
2020-08-25,5,98,0.0674,2,0.1
2020-08-25,4,197,0.1355,4,0.2
2020-08-25,0,1262,0.8678,15,0.9
2020-08-25,1,27872,19.1669,493,30.2
2020-08-25,2,70860,48.7288,986,60.5
2020-08-25,9,25741,17.7015,36,2.2
2020-08-26,9,25022,16.981,35,2.1
2020-08-26,5,103,0.0699,2,0.1
2020-08-26,4,200,0.1357,4,0.2
2020-08-26,0,1276,0.8659,15,0.9
2020-08-26,1,28500,19.3413,496,30.0
2020-08-26,2,72663,49.3122,1004,60.9
2020-08-26,3,19589,13.2939,92,5.5
2020-08-27,9,25301,16.9602,38,2.2
2020-08-27,5,105,0.0704,2,0.1
2020-08-27,4,200,0.1341,4,0.2
2020-08-27,0,1284,0.8607,15,0.8
2020-08-27,1,28785,19.2956,499,29.8
2020-08-27,2,73846,49.5016,1022,61.0
2020-08-27,3,19658,13.1775,93,5.5
2020-08-28,9,25488,16.9002,15,0.8
2020-08-28,5,106,0.0703,2,0.1
2020-08-28,4,203,0.1346,4,0.2
2020-08-28,0,1306,0.866,15,0.8
2020-08-28,1,29034,19.2514,516,30.3
2020-08-28,2,74880,49.6502,1060,62.3
2020-08-28,3,19798,13.1273,89,5.2
2020-08-29,9,25575,16.7947,15,0.8
2020-08-29,5,112,0.0735,2,0.1
2020-08-29,4,202,0.1327,4,0.2
2020-08-29,0,1324,0.8695,15,0.8
2020-08-29,1,29268,19.2199,522,30.2
2020-08-29,2,75948,49.8739,1078,62.4
2020-08-29,3,19851,13.0359,89,5.1
2020-08-30,9,25715,16.7946,15,0.8
2020-08-30,3,19881,12.9844,90,5.1
2020-08-30,5,112,0.0731,2,0.1
2020-08-30,4,204,0.1332,4,0.2
2020-08-30,0,1331,0.8693,16,0.9
2020-08-30,1,29368,19.1804,527,30.1
2020-08-30,2,76504,49.9651,1093,62.5
2020-08-31,9,25787,16.644,16,0.9
2020-08-31,3,20839,13.4503,92,5.2
2020-08-31,5,112,0.0723,2,0.1
2020-08-31,4,204,0.1317,4,0.2
2020-08-31,0,1340,0.8649,16,0.9
2020-08-31,1,29496,19.0379,531,30.2
2020-08-31,2,77155,49.7989,1093,62.3
2020-09-01,9,25923,16.5823,16,0.8
2020-09-01,3,20989,13.4262,92,5.1
2020-09-01,5,113,0.0723,2,0.1
2020-09-01,4,206,0.1318,4,0.2
2020-09-01,0,1351,0.8642,16,0.8
2020-09-01,1,29689,18.9914,536,30.0
2020-09-01,2,78058,49.9319,1115,62.6
2020-09-02,9,25017,15.8505,17,0.9
2020-09-02,5,115,0.0729,2,0.1
2020-09-02,4,208,0.1318,4,0.2
2020-09-02,0,1377,0.8725,17,0.9
2020-09-02,1,30177,19.1198,539,29.9
2020-09-02,2,79780,50.5477,1128,62.7
2020-09-02,3,21157,13.4048,90,5.0
2020-09-03,9,25244,15.8224,16,0.8
2020-09-03,3,21296,13.3479,91,5.0
2020-09-03,5,119,0.0746,2,0.1
2020-09-03,4,215,0.1348,4,0.2
2020-09-03,0,1399,0.8769,18,0.9
2020-09-03,1,30391,19.0484,542,29.8
2020-09-03,2,80882,50.6951,1142,62.9
2020-09-04,9,24867,15.4841,16,0.8
2020-09-04,5,121,0.0753,2,0.1
2020-09-04,4,215,0.1339,4,0.2
2020-09-04,0,1419,0.8836,18,0.9
2020-09-04,1,30607,19.0583,547,29.7
2020-09-04,2,82029,51.0775,1158,63.0
2020-09-04,3,21339,13.2873,92,5.0
2020-09-05,9,25389,15.6373,16,0.8
2020-09-05,5,120,0.0739,2,0.1
2020-09-05,4,217,0.1337,4,0.2
2020-09-05,0,1436,0.8844,18,0.9
2020-09-05,1,30826,18.986,549,29.4
2020-09-05,2,82967,51.1,1181,63.4
2020-09-05,3,21407,13.1847,92,4.9
2020-09-06,9,25800,15.7196,16,0.8
2020-09-06,5,121,0.0737,2,0.1
2020-09-06,4,218,0.1328,4,0.2
2020-09-06,0,1452,0.8847,18,0.9
2020-09-06,1,31000,18.8879,549,29.4
2020-09-06,2,83815,51.0675,1184,63.4
2020-09-06,3,21720,13.2337,92,4.9
2020-09-07,9,25907,15.6908,16,0.8
2020-09-07,5,122,0.0739,2,0.1
2020-09-07,2,84449,51.1474,1189,63.6
2020-09-07,1,31120,18.8482,549,29.3
2020-09-07,3,21837,13.2258,91,4.8
2020-09-07,4,218,0.132,4,0.2
2020-09-07,0,1456,0.8818,18,0.9
2020-09-08,9,25861,15.602,17,0.8
2020-09-08,5,123,0.0742,2,0.1
2020-09-08,4,220,0.1327,4,0.2
2020-09-08,0,1467,0.885,18,0.9
2020-09-08,1,31249,18.8526,556,29.3
2020-09-08,2,84961,51.2573,1207,63.6
2020-09-08,3,21873,13.1961,92,4.8
2020-09-09,9,24960,14.9832,20,1.0
2020-09-09,5,124,0.0744,2,0.1
2020-09-09,4,222,0.1333,4,0.2
2020-09-09,0,1485,0.8914,18,0.9
2020-09-09,1,31637,18.9913,560,29.0
2020-09-09,2,86311,51.8114,1234,63.9
2020-09-09,3,21848,13.1151,93,4.8
2020-09-10,9,25101,14.92,23,1.1
2020-09-10,5,125,0.0743,2,0.1
2020-09-10,3,22073,13.1202,94,4.7
2020-09-10,2,87392,51.9458,1281,64.4
2020-09-10,1,31823,18.9156,564,28.3
2020-09-10,0,1503,0.8934,20,1.0
2020-09-10,4,220,0.1308,4,0.2
2020-09-11,5,126,0.0742,2,0.0
2020-09-11,4,226,0.1331,4,0.1
2020-09-11,0,1520,0.8949,20,0.9
2020-09-11,1,32042,18.8639,574,28.3
2020-09-11,2,88570,52.1432,1307,64.5
2020-09-11,3,22099,13.0102,96,4.7
2020-09-11,9,25276,14.8806,22,1.0
2020-09-12,9,25193,14.7421,17,0.8
2020-09-12,5,128,0.0749,2,0.0
2020-09-12,4,227,0.1328,4,0.1
2020-09-12,0,1527,0.8936,20,0.9
2020-09-12,1,32224,18.8565,584,28.2
2020-09-12,2,89460,52.3492,1341,64.9
2020-09-12,3,22132,12.9509,96,4.6
2020-09-13,9,25522,14.8536,17,0.8
2020-09-13,3,22157,12.8952,96,4.6
2020-09-13,5,132,0.0768,2,0.0
2020-09-13,4,229,0.1333,4,0.1
2020-09-13,0,1541,0.8968,20,0.9
2020-09-13,1,32340,18.8216,589,28.3
2020-09-13,2,89903,52.3227,1350,64.9
2020-09-14,9,26296,15.0889,19,0.9
2020-09-14,5,132,0.0757,2,0.0
2020-09-14,4,230,0.132,4,0.1
2020-09-14,0,1561,0.8957,20,0.9
2020-09-14,1,32563,18.6849,590,28.1
2020-09-14,2,91086,52.266,1365,65.0
2020-09-14,3,22406,12.8568,97,4.6
2020-09-15,9,26140,14.9175,17,0.7
2020-09-15,5,133,0.0759,2,0.0
2020-09-15,4,231,0.1318,4,0.1
2020-09-15,0,1573,0.8977,20,0.9
2020-09-15,1,32758,18.6942,596,28.0
2020-09-15,2,91962,52.4804,1391,65.3
2020-09-15,3,22434,12.8025,97,4.5
2020-09-16,9,25592,14.4517,19,0.8
2020-09-16,5,134,0.0757,2,0.0
2020-09-16,4,237,0.1338,4,0.1
2020-09-16,0,1592,0.899,20,0.9
2020-09-16,1,33154,18.7219,599,27.8
2020-09-16,2,93765,52.9486,1408,65.4
2020-09-16,3,22613,12.7694,99,4.6
2020-09-17,9,25547,14.341,19,0.8
2020-09-17,5,136,0.0763,2,0.0
2020-09-17,4,238,0.1336,4,0.1
2020-09-17,0,1622,0.9105,20,0.9
2020-09-17,1,33291,18.6881,602,27.8
2020-09-17,2,94707,53.1644,1417,65.4
2020-09-17,3,22599,12.6861,100,4.6
2020-09-18,9,26197,14.5138,21,0.9
2020-09-18,3,22716,12.5853,101,4.5
2020-09-18,5,137,0.0759,2,0.0
2020-09-18,4,238,0.1319,4,0.1
2020-09-18,0,1641,0.9092,20,0.9
2020-09-18,1,33512,18.5665,604,27.5
2020-09-18,2,96056,53.2175,1444,65.7
2020-09-19,9,26036,14.3497,22,0.9
2020-09-19,3,22681,12.5006,101,4.5
2020-09-19,5,138,0.0761,2,0.0
2020-09-19,4,242,0.1334,4,0.1
2020-09-19,0,1657,0.9133,20,0.9
2020-09-19,1,33663,18.5533,609,27.4
2020-09-19,2,97022,53.4736,1458,65.7
2020-09-20,9,26754,14.5787,22,0.9
2020-09-20,3,22856,12.4546,101,4.5
2020-09-20,5,139,0.0757,2,0.0
2020-09-20,4,245,0.1335,4,0.1
2020-09-20,0,1686,0.9187,20,0.9
2020-09-20,1,33861,18.4515,610,27.5
2020-09-20,2,97973,53.3872,1459,65.7
2020-09-21,9,26875,14.5736,25,1.1
2020-09-21,5,139,0.0754,2,0.0
2020-09-21,4,247,0.1339,4,0.1
2020-09-21,0,1693,0.9181,20,0.8
2020-09-21,1,33954,18.4123,611,27.3
2020-09-21,2,98566,53.4497,1469,65.7
2020-09-21,3,22935,12.437,102,4.5
2020-09-22,9,26721,14.4322,13,0.5
2020-09-22,3,22908,12.3728,100,4.4
2020-09-22,5,144,0.0778,2,0.0
2020-09-22,4,247,0.1334,4,0.1
2020-09-22,0,1704,0.9203,20,0.8
2020-09-22,1,34086,18.4101,622,27.5
2020-09-22,2,99338,53.6533,1500,66.3
2020-09-23,9,25936,13.8911,12,0.5
2020-09-23,5,144,0.0771,2,0.0
2020-09-23,4,254,0.136,4,0.1
2020-09-23,0,1719,0.9207,21,0.9
2020-09-23,1,34474,18.464,624,27.4
2020-09-23,2,101155,54.1779,1513,66.5
2020-09-23,3,23027,12.3331,99,4.3
2020-09-24,9,25891,13.8053,8,0.3
2020-09-24,5,144,0.0768,2,0.0
2020-09-24,4,255,0.136,4,0.1
2020-09-24,0,1730,0.9225,21,0.9
2020-09-24,1,34597,18.4474,633,27.4
2020-09-24,2,101871,54.3185,1541,66.7
2020-09-24,3,23056,12.2936,101,4.3
2020-09-25,9,27142,14.3264,10,0.4
2020-09-25,5,145,0.0765,2,0.0
2020-09-25,4,251,0.1325,4,0.1
2020-09-25,0,1744,0.9205,22,0.9
2020-09-25,1,34523,18.2224,642,27.2
2020-09-25,2,102487,54.096,1569,66.7
2020-09-25,3,23162,12.2257,103,4.3
2020-09-26,9,27250,14.2752,13,0.5
2020-09-26,3,23233,12.1708,103,4.3
2020-09-26,5,145,0.076,2,0.0
2020-09-26,4,251,0.1315,4,0.1
2020-09-26,0,1773,0.9288,23,0.9
2020-09-26,1,34699,18.1774,645,27.1
2020-09-26,2,103540,54.2404,1584,66.7
2020-09-27,9,27843,14.4268,12,0.5
2020-09-27,3,23370,12.1091,103,4.3
2020-09-27,5,149,0.0772,2,0.0
2020-09-27,4,256,0.1326,4,0.1
2020-09-27,0,1788,0.9264,23,0.9
2020-09-27,1,34911,18.0891,647,27.2
2020-09-27,2,104678,54.2387,1586,66.7
2020-09-28,9,27823,14.3616,13,0.5
2020-09-28,3,23369,12.0625,103,4.3
2020-09-28,5,149,0.0769,2,0.0
2020-09-28,4,256,0.1321,4,0.1
2020-09-28,0,1798,0.9281,23,0.9
2020-09-28,1,35036,18.0848,649,27.1
2020-09-28,2,105301,54.354,1595,66.7
2020-09-29,9,27808,14.289,13,0.5
2020-09-29,3,23364,12.0055,104,4.2
2020-09-29,5,150,0.0771,2,0.0
2020-09-29,4,260,0.1336,4,0.1
2020-09-29,0,1810,0.9301,23,0.9
2020-09-29,1,35154,18.0637,658,27.1
2020-09-29,2,106065,54.501,1616,66.7
2020-09-30,9,26762,13.6444,10,0.4
2020-09-30,5,151,0.077,2,0.0
2020-09-30,4,264,0.1346,4,0.1
2020-09-30,0,1816,0.9259,23,0.9
2020-09-30,1,35639,18.1703,667,27.1
2020-09-30,2,107989,55.0574,1643,66.9
2020-09-30,3,23518,11.9905,105,4.2
2020-10-01,9,26933,13.6417,11,0.4
2020-10-01,3,23609,11.958,106,4.2
2020-10-01,5,151,0.0765,2,0.0
2020-10-01,4,264,0.1337,4,0.1
2020-10-01,0,1822,0.9228,23,0.9
2020-10-01,1,35791,18.1283,673,26.9
2020-10-01,2,108862,55.139,1682,67.2
2020-10-02,9,27093,13.6555,13,0.5
2020-10-02,5,151,0.0761,2,0.0
2020-10-02,4,264,0.1331,4,0.1
2020-10-02,0,1831,0.9229,23,0.9
2020-10-02,1,35919,18.1041,674,26.7
2020-10-02,2,109561,55.2214,1694,67.3
2020-10-02,3,23584,11.8869,105,4.1
2020-10-03,9,27375,13.7153,11,0.4
2020-10-03,5,152,0.0762,2,0.0
2020-10-03,4,266,0.1333,4,0.1
2020-10-03,0,1835,0.9194,23,0.8
2020-10-03,1,36035,18.0541,684,26.7
2020-10-03,2,110266,55.2449,1731,67.6
2020-10-03,3,23666,11.857,105,4.1
2020-10-04,9,27812,13.8224,12,0.4
2020-10-04,5,152,0.0755,2,0.0
2020-10-04,4,267,0.1327,4,0.1
2020-10-04,0,1846,0.9174,23,0.8
2020-10-04,1,36155,17.9688,690,26.7
2020-10-04,2,111153,55.2423,1740,67.5
2020-10-04,3,23825,11.8409,106,4.1
2020-10-05,9,28699,14.0889,13,0.5
2020-10-05,5,156,0.0766,2,0.0
2020-10-05,4,268,0.1316,4,0.1
2020-10-05,0,1861,0.9136,23,0.8
2020-10-05,1,36354,17.8469,691,26.6
2020-10-05,2,112368,55.1637,1757,67.6
2020-10-05,3,23993,11.7787,107,4.1
2020-10-06,9,29092,14.1653,13,0.4
2020-10-06,3,24040,11.7054,107,4.0
2020-10-06,5,158,0.0769,2,0.0
2020-10-06,4,267,0.13,4,0.1
2020-10-06,0,1877,0.9139,23,0.8
2020-10-06,1,36534,17.7889,694,26.4
2020-10-06,2,113407,55.2195,1778,67.8
2020-10-07,9,28682,13.8256,13,0.4
2020-10-07,3,24178,11.6546,107,4.0
2020-10-07,5,159,0.0766,2,0.0
2020-10-07,4,272,0.1311,4,0.1
2020-10-07,0,1880,0.9062,23,0.8
2020-10-07,1,36948,17.8101,695,26.3
2020-10-07,2,115336,55.5957,1798,68.0
2020-10-08,9,29151,13.9181,15,0.5
2020-10-08,3,24321,11.612,110,4.0
2020-10-08,5,161,0.0769,2,0.0
2020-10-08,4,274,0.1308,4,0.1
2020-10-08,0,1889,0.9019,23,0.8
2020-10-08,1,37106,17.7162,725,26.8
2020-10-08,2,116545,55.6441,1826,67.5
2020-10-09,9,28907,13.6998,17,0.6
2020-10-09,5,160,0.0758,2,0.0
2020-10-09,4,276,0.1308,4,0.1
2020-10-09,0,1903,0.9019,23,0.8
2020-10-09,1,37390,17.7201,730,26.7
2020-10-09,2,117751,55.8054,1845,67.5
2020-10-09,3,24616,11.6662,111,4.0
2020-10-10,9,29298,13.7776,17,0.6
2020-10-10,3,24677,11.6046,111,4.0
2020-10-10,5,160,0.0752,2,0.0
2020-10-10,4,278,0.1307,4,0.1
2020-10-10,0,1911,0.8987,23,0.8
2020-10-10,1,37540,17.6535,734,26.6
2020-10-10,2,118785,55.8597,1867,67.6
2020-10-11,9,29989,13.9668,18,0.6
2020-10-11,5,160,0.0745,2,0.0
2020-10-11,4,280,0.1304,4,0.1
2020-10-11,0,1920,0.8942,23,0.8
2020-10-11,1,37697,17.5566,738,26.6
2020-10-11,2,119806,55.7972,1871,67.6
2020-10-11,3,24865,11.5804,111,4.0
2020-10-12,9,31151,14.3103,18,0.6
2020-10-12,5,162,0.0744,2,0.0
2020-10-12,4,281,0.1291,4,0.1
2020-10-12,0,1934,0.8885,24,0.8
2020-10-12,1,37956,17.4364,739,26.6
2020-10-12,2,121114,55.638,1875,67.5
2020-10-12,3,25084,11.5232,112,4.0
2020-10-13,9,31296,14.3016,18,0.6
2020-10-13,5,165,0.0754,2,0.0
2020-10-13,4,282,0.1289,4,0.1
2020-10-13,0,1945,0.8888,24,0.8
2020-10-13,1,38063,17.3939,744,26.5
2020-10-13,2,121978,55.7412,1893,67.6
2020-10-13,3,25100,11.4701,112,4.0
2020-10-14,9,30394,13.7818,20,0.7
2020-10-14,5,166,0.0753,2,0.0
2020-10-14,2,123977,56.2157,1912,67.6
2020-10-14,1,38411,17.417,752,26.5
2020-10-14,3,25345,11.4924,113,3.9
2020-10-14,4,285,0.1292,4,0.1
2020-10-14,0,1960,0.8887,25,0.8
2020-10-15,9,30733,13.7923,20,0.6
2020-10-15,5,168,0.0754,2,0.0
2020-10-15,4,286,0.1284,4,0.1
2020-10-15,0,1971,0.8845,25,0.8
2020-10-15,1,38664,17.3516,757,26.4
2020-10-15,2,125536,56.3379,1944,67.8
2020-10-15,3,25469,11.4299,112,3.9
2020-10-16,9,30701,13.7369,21,0.7
2020-10-16,5,168,0.0752,2,0.0
2020-10-16,4,284,0.1271,4,0.1
2020-10-16,0,1985,0.8882,25,0.8
2020-10-16,1,38757,17.3415,758,26.4
2020-10-16,2,126119,56.4309,1949,67.8
2020-10-16,3,25479,11.4004,112,3.9
2020-10-17,9,31489,13.9246,24,0.8
2020-10-17,5,169,0.0747,2,0.0
2020-10-17,3,25642,11.339,112,3.8
2020-10-17,2,127613,56.4312,1975,68.0
2020-10-17,1,38948,17.223,761,26.2
2020-10-17,0,1992,0.8809,25,0.8
2020-10-17,4,286,0.1265,4,0.1
2020-10-18,5,170,0.0743,2,0.0
2020-10-18,4,288,0.1259,4,0.1
2020-10-18,0,2011,0.8791,25,0.8
2020-10-18,1,39164,17.1213,763,26.2
2020-10-18,2,128959,56.377,1978,67.9
2020-10-18,3,25854,11.3026,113,3.8
2020-10-18,9,32298,14.1197,24,0.8
2020-10-19,9,33606,14.4815,26,0.8
2020-10-19,5,173,0.0745,2,0.0
2020-10-19,4,292,0.1258,4,0.1
2020-10-19,0,2027,0.8735,25,0.8
2020-10-19,1,39460,17.0041,765,26.1
2020-10-19,2,130509,56.2391,1987,68.0
2020-10-19,3,25994,11.2014,113,3.8
2020-10-20,9,33770,14.4583,30,1.0
2020-10-20,3,26137,11.1903,116,3.9
2020-10-20,5,172,0.0736,2,0.0
2020-10-20,4,295,0.1263,4,0.1
2020-10-20,0,2038,0.8725,25,0.8
2020-10-20,1,39625,16.965,766,25.9
2020-10-20,2,131532,56.314,2009,68.0
2020-10-21,9,33206,14.0786,31,1.0
2020-10-21,5,174,0.0738,2,0.0
2020-10-21,4,298,0.1263,4,0.1
2020-10-21,0,2056,0.8717,26,0.8
2020-10-21,1,40038,16.9753,765,25.7
2020-10-21,2,133715,56.6923,2026,68.2
2020-10-21,3,26374,11.182,116,3.9
2020-10-22,9,33248,13.9752,29,0.9
2020-10-22,5,176,0.074,2,0.0
2020-10-22,4,300,0.1261,4,0.1
2020-10-22,0,2073,0.8713,27,0.8
2020-10-22,1,40366,16.9671,770,25.5
2020-10-22,2,135291,56.8672,2061,68.4
2020-10-22,3,26453,11.1191,118,3.9
2020-10-23,9,34313,14.2075,32,1.0
2020-10-23,5,178,0.0737,2,0.0
2020-10-23,4,301,0.1246,4,0.1
2020-10-23,0,2098,0.8687,27,0.8
2020-10-23,1,40676,16.8422,777,25.2
2020-10-23,2,137154,56.7895,2114,68.7
2020-10-23,3,26793,11.0938,120,3.9
2020-10-24,9,35021,14.3478,31,1.0
2020-10-24,5,180,0.0737,3,0.0
2020-10-24,2,138628,56.7945,2137,68.9
2020-10-24,1,40918,16.7637,776,25.0
2020-10-24,3,26919,11.0284,122,3.9
2020-10-24,4,303,0.1241,4,0.1
2020-10-24,0,2118,0.8677,27,0.8
2020-10-25,9,36220,14.6292,34,1.0
2020-10-25,5,179,0.0723,3,0.0
2020-10-25,4,309,0.1248,4,0.1
2020-10-25,0,2147,0.8672,27,0.8
2020-10-25,1,41249,16.6604,778,24.8
2020-10-25,2,140340,56.6831,2163,69.0
2020-10-25,3,27143,10.963,122,3.8
2020-10-26,1,41529,16.6205,782,24.7
2020-10-26,3,27191,10.8822,124,3.9
2020-10-26,5,180,0.072,3,0.0
2020-10-26,4,312,0.1249,4,0.1
2020-10-26,0,2167,0.8673,27,0.8
2020-10-26,2,141495,56.6284,2186,69.1
2020-10-26,9,36992,14.8047,37,1.1
2020-10-27,1,41762,16.5871,786,24.5
2020-10-27,3,27322,10.8518,125,3.8
2020-10-27,5,183,0.0727,3,0.0
2020-10-27,4,314,0.1247,4,0.1
2020-10-27,0,2180,0.8659,27,0.8
2020-10-27,2,142790,56.7136,2220,69.2
2020-10-27,9,37223,14.7843,42,1.3
2020-10-28,9,36408,14.3215,39,1.2
2020-10-28,5,183,0.072,3,0.0
2020-10-28,4,318,0.1251,4,0.1
2020-10-28,0,2196,0.8638,27,0.8
2020-10-28,1,42260,16.6234,791,24.4
2020-10-28,2,145295,57.1533,2247,69.3
2020-10-28,3,27560,10.841,130,4.0
2020-10-29,1,42536,16.5587,792,24.2
2020-10-29,3,27706,10.7856,130,3.9
2020-10-29,2,147024,57.2345,2261,69.2
2020-10-29,0,2221,0.8646,27,0.8
2020-10-29,9,36888,14.36,46,1.4
2020-10-29,5,184,0.0716,3,0.0
2020-10-29,4,321,0.125,4,0.1
2020-10-30,9,37552,14.4716,49,1.4
2020-10-30,3,27824,10.7227,131,3.9
2020-10-30,5,185,0.0713,3,0.0
2020-10-30,4,324,0.1249,4,0.1
2020-10-30,0,2248,0.8663,27,0.8
2020-10-30,1,42808,16.4971,798,23.8
2020-10-30,2,148547,57.2462,2329,69.7
2020-10-31,9,37592,14.4212,50,1.4
2020-10-31,5,187,0.0717,3,0.0
2020-10-31,4,325,0.1247,4,0.1
2020-10-31,0,2253,0.8643,27,0.8
2020-10-31,1,42948,16.4759,798,23.7
2020-10-31,2,149449,57.3322,2338,69.7
2020-10-31,3,27918,10.71,133,3.9
2020-11-01,9,37825,14.4687,50,1.4
2020-11-01,5,188,0.0719,3,0.0
2020-11-01,4,326,0.1247,4,0.1
2020-11-01,0,2264,0.866,27,0.8
2020-11-01,1,43013,16.4532,798,23.7
2020-11-01,2,149853,57.3214,2338,69.7
2020-11-01,3,27957,10.694,133,3.9
2020-11-02,9,38799,14.664,54,1.5
2020-11-02,5,189,0.0714,3,0.0
2020-11-02,4,330,0.1247,4,0.1
2020-11-02,0,2280,0.8617,27,0.7
2020-11-02,1,43330,16.3765,800,23.6
2020-11-02,2,151454,57.2417,2356,69.7
2020-11-02,3,28205,10.66,135,3.9
2020-11-03,1,43502,16.3322,808,23.3
2020-11-03,3,28222,10.5956,138,3.9
2020-11-03,5,189,0.071,3,0.0
2020-11-03,4,332,0.1246,4,0.1
2020-11-03,0,2301,0.8639,27,0.7
2020-11-03,9,39216,14.7231,54,1.5
2020-11-03,2,152595,57.2897,2420,70.0
2020-11-04,9,39182,14.5225,53,1.5
2020-11-04,3,28513,10.5681,139,3.9
2020-11-04,5,190,0.0704,3,0.0
2020-11-04,4,339,0.1256,4,0.1
2020-11-04,0,2331,0.864,27,0.7
2020-11-04,1,44059,16.3301,811,23.3
2020-11-04,2,155188,57.5192,2441,70.1
2020-11-05,3,28625,10.5328,138,3.9
2020-11-05,5,189,0.0695,3,0.0
2020-11-05,4,342,0.1258,4,0.1
2020-11-05,0,2353,0.8658,27,0.7
2020-11-05,1,44392,16.3343,818,23.3
2020-11-05,2,156821,57.7034,2465,70.2
2020-11-05,9,39049,14.3683,54,1.5
2020-11-06,3,28675,10.4981,139,3.9
2020-11-06,4,340,0.1245,4,0.1
2020-11-06,5,190,0.0696,3,0.0
2020-11-06,0,2362,0.8647,27,0.7
2020-11-06,1,44485,16.2863,820,23.1
2020-11-06,2,157842,57.7871,2491,70.3
2020-11-06,9,39250,14.3697,57,1.6
2020-11-07,9,40606,14.5952,63,1.7
2020-11-07,5,194,0.0697,3,0.0
2020-11-07,4,347,0.1247,4,0.1
2020-11-07,0,2408,0.8655,27,0.7
2020-11-07,1,44904,16.14,828,23.0
2020-11-07,2,160630,57.7359,2525,70.3
2020-11-07,3,29126,10.4689,140,3.8
2020-11-08,3,29405,10.4328,140,3.8
2020-11-08,5,196,0.0695,3,0.0
2020-11-08,4,352,0.1249,4,0.1
2020-11-08,0,2449,0.8689,27,0.7
2020-11-08,1,45190,16.0333,830,23.0
2020-11-08,2,162480,57.6475,2526,70.2
2020-11-08,9,41779,14.8231,65,1.8
2020-11-09,9,43612,15.1552,66,1.8
2020-11-09,5,202,0.0702,3,0.0
2020-11-09,4,359,0.1248,4,0.1
2020-11-09,0,2488,0.8646,27,0.7
2020-11-09,1,45747,15.8971,832,23.0
2020-11-09,2,165481,57.5046,2538,70.3
2020-11-09,3,29881,10.3836,140,3.8
2020-11-10,9,44016,15.1911,74,2.0
2020-11-10,5,203,0.0701,3,0.0
2020-11-10,4,362,0.1249,4,0.1
2020-11-10,0,2505,0.8645,27,0.7
2020-11-10,1,45941,15.8554,840,22.8
2020-11-10,2,166733,57.5439,2583,70.3
2020-11-10,3,29989,10.35,141,3.8
2020-11-11,9,44871,15.2944,84,2.2
2020-11-11,5,204,0.0695,3,0.0
2020-11-11,4,365,0.1244,4,0.1
2020-11-11,0,2528,0.8617,28,0.7
2020-11-11,1,46294,15.7795,854,22.7
2020-11-11,2,168915,57.5753,2647,70.3
2020-11-11,3,30204,10.2951,141,3.7
2020-11-12,9,45824,15.4433,84,2.2
2020-11-12,5,207,0.0698,3,0.0
2020-11-12,4,364,0.1227,4,0.1
2020-11-12,0,2546,0.858,29,0.7
2020-11-12,1,46557,15.6903,856,22.5
2020-11-12,2,170855,57.5803,2671,70.5
2020-11-12,3,30372,10.2357,141,3.7
2020-11-13,9,46587,15.5053,88,2.2
2020-11-13,3,30777,10.2434,141,3.6
2020-11-13,5,209,0.0696,3,0.0
2020-11-13,4,370,0.1231,4,0.1
2020-11-13,0,2572,0.856,30,0.7
2020-11-13,1,46878,15.6022,863,22.4
2020-11-13,2,173065,57.6004,2723,70.6
2020-11-14,9,48037,15.7436,89,2.2
2020-11-14,3,31229,10.235,143,3.6
2020-11-14,5,210,0.0688,3,0.0
2020-11-14,4,375,0.1229,4,0.1
2020-11-14,0,2600,0.8521,30,0.7
2020-11-14,1,47238,15.4818,866,22.3
2020-11-14,2,175431,57.4957,2742,70.7
2020-11-15,9,50298,16.1763,90,2.3
2020-11-15,3,31716,10.2001,143,3.6
2020-11-15,5,210,0.0675,3,0.0
2020-11-15,4,378,0.1216,4,0.1
2020-11-15,0,2633,0.8468,30,0.7
2020-11-15,1,47680,15.3343,868,22.2
2020-11-15,2,178022,57.2534,2755,70.7
2020-11-16,9,53009,16.6231,94,2.3
2020-11-16,5,211,0.0662,3,0.0
2020-11-16,4,391,0.1226,4,0.1
2020-11-16,0,2698,0.8461,30,0.7
2020-11-16,1,48376,15.1702,875,22.3
2020-11-16,2,181900,57.042,2774,70.7
2020-11-16,3,32303,10.1299,143,3.6
2020-11-17,9,53503,16.6817,96,2.4
2020-11-17,3,32331,10.0805,144,3.6
2020-11-17,5,212,0.0661,3,0.0
2020-11-17,4,393,0.1225,4,0.1
2020-11-17,0,2711,0.8453,30,0.7
2020-11-17,1,48536,15.133,889,22.2
2020-11-17,2,183043,57.0709,2829,70.8
2020-11-18,9,54574,16.7816,102,2.5
2020-11-18,5,215,0.0661,3,0.0
2020-11-18,4,395,0.1215,4,0.0
2020-11-18,0,2736,0.8413,30,0.7
2020-11-18,1,48940,15.0492,897,22.1
2020-11-18,2,185622,57.0792,2868,70.8
2020-11-18,3,32719,10.0612,144,3.5
2020-11-19,9,55242,16.8376,109,2.6
2020-11-19,5,217,0.0661,3,0.0
2020-11-19,4,398,0.1213,4,0.0
2020-11-19,0,2766,0.8431,30,0.7
2020-11-19,1,49195,14.9945,905,21.9
2020-11-19,2,187319,57.0941,2932,71.0
2020-11-19,3,32951,10.0433,145,3.5
2020-11-20,9,56046,16.9052,112,2.6
2020-11-20,5,220,0.0664,3,0.0
2020-11-20,4,405,0.1222,4,0.0
2020-11-20,0,2789,0.8412,31,0.7
2020-11-20,1,49489,14.9274,913,21.7
2020-11-20,2,189383,57.1236,2995,71.2
2020-11-20,3,33200,10.0141,144,3.4
2020-11-21,9,56963,16.959,114,2.7
2020-11-21,5,221,0.0658,3,0.0
2020-11-21,2,191878,57.1258,3002,71.2
2020-11-21,1,49938,14.8675,913,21.6
2020-11-21,3,33659,10.0209,144,3.4
2020-11-21,4,406,0.1209,4,0.0
2020-11-21,0,2822,0.8402,31,0.7
2020-11-22,9,58339,17.1345,115,2.6
2020-11-22,5,225,0.0661,3,0.0
2020-11-22,4,405,0.119,4,0.0
2020-11-22,0,2851,0.8374,31,0.7
2020-11-22,1,50360,14.7911,918,21.5
2020-11-22,2,194277,57.0604,3050,71.4
2020-11-22,3,34019,9.9916,145,3.3
2020-11-23,9,59395,17.2384,121,2.8
2020-11-23,5,226,0.0656,3,0.0
2020-11-23,4,409,0.1187,5,0.1
2020-11-23,0,2880,0.8359,31,0.7
2020-11-23,1,50713,14.7186,926,21.5
2020-11-23,2,196536,57.0414,3069,71.3
2020-11-23,3,34391,9.9814,146,3.3
2020-11-24,9,59440,17.1864,125,2.8
2020-11-24,5,227,0.0656,3,0.0
2020-11-24,3,34412,9.9499,148,3.3
2020-11-24,2,197597,57.1331,3128,71.5
2020-11-24,1,50876,14.7103,934,21.3
2020-11-24,0,2893,0.8365,31,0.7
2020-11-24,4,409,0.1183,5,0.1
2020-11-25,5,228,0.0655,3,0.0
2020-11-25,4,413,0.1187,5,0.1
2020-11-25,0,2904,0.8345,31,0.6
2020-11-25,1,51068,14.6759,943,21.1
2020-11-25,2,198886,57.1557,3197,71.5
2020-11-25,3,34449,9.8999,150,3.3
2020-11-25,9,60024,17.2497,137,3.0
2020-11-26,9,61498,17.4524,138,3.0
2020-11-26,5,232,0.0658,3,0.0
2020-11-26,4,413,0.1172,5,0.1
2020-11-26,0,2953,0.838,31,0.6
2020-11-26,1,51505,14.6165,959,21.2
2020-11-26,2,201160,57.0867,3232,71.5
2020-11-26,3,34615,9.8233,151,3.3
2020-11-27,9,63060,17.6779,140,3.0
2020-11-27,3,34823,9.7621,151,3.3
2020-11-27,5,234,0.0656,3,0.0
2020-11-27,4,415,0.1163,5,0.1
2020-11-27,0,2994,0.8393,31,0.6
2020-11-27,1,51896,14.5483,960,21.2
2020-11-27,2,203294,56.9904,3236,71.4
2020-11-28,9,64841,17.8396,143,3.1
2020-11-28,5,238,0.0655,3,0.0
2020-11-28,4,424,0.1167,5,0.1
2020-11-28,0,3042,0.8369,31,0.6
2020-11-28,1,52492,14.4421,963,21.2
2020-11-28,2,207025,56.9586,3244,71.4
2020-11-28,3,35404,9.7407,152,3.3
2020-11-29,9,65476,17.8643,146,3.2
2020-11-29,5,237,0.0647,3,0.0
2020-11-29,4,425,0.116,5,0.1
2020-11-29,0,3066,0.8365,31,0.6
2020-11-29,1,52819,14.411,965,21.1
2020-11-29,2,208777,56.9623,3250,71.3
2020-11-29,3,35718,9.7452,154,3.3
2020-11-30,9,67876,18.1248,155,3.3
2020-11-30,5,240,0.0641,3,0.0
2020-11-30,4,436,0.1164,5,0.1
2020-11-30,0,3115,0.8318,31,0.6
2020-11-30,1,53500,14.286,970,21.0
2020-11-30,2,212921,56.8558,3283,71.3
2020-11-30,3,36405,9.7211,155,3.3
2020-12-01,9,69300,18.2279,161,3.4
2020-12-01,5,242,0.0637,3,0.0
2020-12-01,4,441,0.116,5,0.1
2020-12-01,0,3179,0.8362,31,0.6
2020-12-01,1,53995,14.2023,974,21.0
2020-12-01,2,216249,56.8798,3308,71.3
2020-12-01,3,36780,9.6742,156,3.3
2020-12-02,9,69293,18.0317,149,3.1
2020-12-02,3,37091,9.652,157,3.3
2020-12-02,5,244,0.0635,3,0.0
2020-12-02,4,444,0.1155,5,0.1
2020-12-02,0,3213,0.8361,32,0.6
2020-12-02,1,54637,14.2178,989,21.0
2020-12-02,2,219363,57.0834,3353,71.5
2020-12-03,9,69719,17.9572,146,3.0
2020-12-03,3,37267,9.5987,159,3.3
2020-12-03,5,252,0.0649,3,0.0
2020-12-03,4,447,0.1151,5,0.1
2020-12-03,0,3240,0.8345,34,0.7
2020-12-03,1,55222,14.2232,998,20.8
2020-12-03,2,222105,57.2064,3436,71.8
2020-12-04,9,70534,17.9655,150,3.0
2020-12-04,3,37584,9.5729,162,3.3
2020-12-04,5,255,0.065,3,0.0
2020-12-04,4,456,0.1161,5,0.1
2020-12-04,0,3277,0.8347,34,0.6
2020-12-04,1,55816,14.2167,1013,20.7
2020-12-04,2,224686,57.2291,3509,71.9
2020-12-05,9,71864,18.078,153,3.1
2020-12-05,5,256,0.0644,3,0.0
2020-12-05,4,456,0.1147,5,0.1
2020-12-05,0,3311,0.8329,34,0.6
2020-12-05,1,56328,14.1698,1017,20.7
2020-12-05,2,227472,57.2225,3530,71.9
2020-12-05,3,37835,9.5177,163,3.3
2020-12-06,9,72128,18.0053,158,3.1
2020-12-06,3,38081,9.5061,165,3.3
2020-12-06,5,257,0.0642,3,0.0
2020-12-06,4,457,0.1141,5,0.1
2020-12-06,0,3328,0.8308,34,0.6
2020-12-06,1,56789,14.1762,1025,20.7
2020-12-06,2,229554,57.3034,3553,71.8
2020-12-07,9,73654,18.0202,163,3.2
2020-12-07,5,261,0.0639,3,0.0
2020-12-07,4,475,0.1162,5,0.0
2020-12-07,0,3389,0.8292,34,0.6
2020-12-07,1,57622,14.0978,1032,20.6
2020-12-07,2,234609,57.3995,3604,71.9
2020-12-07,3,38720,9.4732,168,3.3
2020-12-08,9,75136,18.116,174,3.4
2020-12-08,5,264,0.0637,3,0.0
2020-12-08,4,479,0.1155,5,0.0
2020-12-08,0,3431,0.8272,34,0.6
2020-12-08,1,58273,14.0502,1042,20.3
2020-12-08,2,238097,57.4075,3680,72.0
2020-12-08,3,39069,9.4199,171,3.3
2020-12-09,9,77213,18.2553,178,3.4
2020-12-09,5,270,0.0638,3,0.0
2020-12-09,4,486,0.1149,6,0.1
2020-12-09,0,3493,0.8258,34,0.6
2020-12-09,1,59041,13.9589,1052,20.3
2020-12-09,2,242736,57.3896,3726,72.0
2020-12-09,3,39723,9.3916,172,3.3
2020-12-10,9,78387,18.2732,190,3.6
2020-12-10,5,275,0.0641,3,0.0
2020-12-10,2,246467,57.4551,3769,71.9
2020-12-10,1,59676,13.9114,1060,20.2
2020-12-10,3,40135,9.3561,178,3.3
2020-12-10,4,500,0.1166,6,0.1
2020-12-10,0,3533,0.8236,34,0.6
2020-12-11,9,80432,18.4366,202,3.7
2020-12-11,5,280,0.0642,3,0.0
2020-12-11,4,510,0.1169,6,0.1
2020-12-11,0,3588,0.8224,34,0.6
2020-12-11,1,60429,13.8515,1068,20.0
2020-12-11,2,250436,57.405,3834,71.9
2020-12-11,3,40587,9.3034,180,3.3
2020-12-12,9,83051,18.7494,212,3.9
2020-12-12,5,281,0.0634,3,0.0
2020-12-12,4,518,0.1169,6,0.1
2020-12-12,0,3614,0.8159,34,0.6
2020-12-12,1,60910,13.7509,1077,19.9
2020-12-12,2,253644,57.2621,3888,72.0
2020-12-12,3,40935,9.2414,180,3.3
2020-12-13,9,86343,19.0055,210,3.8
2020-12-13,5,296,0.0652,3,0.0
2020-12-13,3,41799,9.2006,182,3.3
2020-12-13,2,259743,57.1737,3945,72.2
2020-12-13,1,61902,13.6256,1082,19.8
2020-12-13,0,3695,0.8133,34,0.6
2020-12-13,4,527,0.116,6,0.1
2020-12-14,5,313,0.0674,3,0.0
2020-12-14,4,533,0.1147,6,0.1
2020-12-14,0,3768,0.811,34,0.6
2020-12-14,1,62734,13.5021,1095,19.7
2020-12-14,2,265171,57.0722,4007,72.3
2020-12-14,3,42542,9.1562,182,3.2
2020-12-14,9,89563,19.2764,214,3.8
2020-12-15,9,92045,19.465,222,3.9
2020-12-15,5,317,0.067,3,0.0
2020-12-15,4,538,0.1138,6,0.1
2020-12-15,0,3836,0.8112,34,0.6
2020-12-15,1,63377,13.4025,1100,19.5
2020-12-15,2,269599,57.0127,4063,72.3
2020-12-15,3,43163,9.1278,187,3.3
2020-12-16,9,95922,19.8069,230,4.0
2020-12-16,3,43818,9.048,187,3.2
2020-12-16,5,323,0.0667,3,0.0
2020-12-16,4,551,0.1138,6,0.1
2020-12-16,0,3927,0.8109,34,0.5
2020-12-16,1,64275,13.2721,1107,19.5
2020-12-16,2,275469,56.8816,4101,72.3
2020-12-17,9,97883,19.8453,239,4.0
2020-12-17,5,330,0.0669,3,0.0
2020-12-17,4,568,0.1152,6,0.1
2020-12-17,0,4001,0.8112,35,0.5
2020-12-17,1,65064,13.1914,1127,19.2
2020-12-17,2,281008,56.973,4247,72.6
2020-12-17,3,44376,8.997,188,3.2
2020-12-18,9,101186,20.0905,262,4.3
2020-12-18,5,340,0.0675,3,0.0
2020-12-18,4,582,0.1156,6,0.1
2020-12-18,0,4072,0.8085,35,0.5
2020-12-18,1,65817,13.068,1138,19.0
2020-12-18,2,286695,56.9233,4318,72.4
2020-12-18,3,44959,8.9266,198,3.3
2020-12-19,9,102595,20.1167,266,4.4
2020-12-19,5,346,0.0678,4,0.0
2020-12-19,4,588,0.1153,6,0.0
2020-12-19,0,4131,0.81,35,0.5
2020-12-19,1,66408,13.0212,1142,18.9
2020-12-19,2,290516,56.9641,4361,72.4
2020-12-19,3,45414,8.9047,203,3.3
2020-12-20,9,104981,20.2008,274,4.5
2020-12-20,3,46164,8.883,204,3.3
2020-12-20,5,348,0.067,3,0.0
2020-12-20,4,606,0.1166,6,0.0
2020-12-20,0,4189,0.8061,35,0.5
2020-12-20,1,67213,12.9334,1148,18.9
2020-12-20,2,296186,56.9932,4401,72.4
2020-12-21,9,107744,20.3453,287,4.6
2020-12-21,3,46847,8.8461,210,3.4
2020-12-21,5,353,0.0667,4,0.0
2020-12-21,4,629,0.1188,6,0.0
2020-12-21,0,4253,0.8031,35,0.5
2020-12-21,1,68006,12.8415,1154,18.8
2020-12-21,2,301746,56.9786,4440,72.3
2020-12-22,9,108559,20.3287,316,5.0
2020-12-22,3,47063,8.813,211,3.3
2020-12-22,5,354,0.0663,4,0.0
2020-12-22,4,638,0.1195,6,0.0
2020-12-22,0,4280,0.8015,35,0.5
2020-12-22,1,68417,12.8117,1168,18.6
2020-12-22,2,304708,57.0594,4529,72.2
2020-12-23,9,109097,20.1569,313,4.9
2020-12-23,3,47402,8.758,213,3.3
2020-12-23,5,358,0.0661,4,0.0
2020-12-23,4,654,0.1208,7,0.1
2020-12-23,0,4333,0.8006,36,0.5
2020-12-23,1,69326,12.8087,1182,18.5
2020-12-23,2,310070,57.2888,4625,72.4
2020-12-24,9,109449,20.0274,297,4.6
2020-12-24,5,361,0.0661,4,0.0
2020-12-24,4,665,0.1217,7,0.1
2020-12-24,0,4379,0.8013,36,0.5
2020-12-24,1,70025,12.8134,1192,18.5
2020-12-24,2,313893,57.4373,4678,72.7
2020-12-24,3,47725,8.7329,217,3.3
2020-12-25,9,109852,19.7673,269,4.1
2020-12-25,3,48406,8.7104,217,3.3
2020-12-25,5,371,0.0668,4,0.0
2020-12-25,4,676,0.1216,7,0.1
2020-12-25,0,4469,0.8042,36,0.5
2020-12-25,1,71041,12.7834,1195,18.5
2020-12-25,2,320912,57.7463,4708,73.1
2020-12-26,9,111266,19.8373,263,4.0
2020-12-26,5,375,0.0669,4,0.0
2020-12-26,4,686,0.1223,7,0.1
2020-12-26,0,4506,0.8034,36,0.5
2020-12-26,1,71510,12.7493,1197,18.5
2020-12-26,2,323763,57.7229,4719,73.2
2020-12-26,3,48786,8.6979,217,3.3
2020-12-27,9,111436,19.7554,262,4.0
2020-12-27,5,376,0.0667,4,0.0
2020-12-27,4,691,0.1225,8,0.1
2020-12-27,0,4523,0.8018,36,0.5
2020-12-27,1,71856,12.7386,1206,18.5
2020-12-27,2,326253,57.8381,4776,73.3
2020-12-27,3,48945,8.677,220,3.3
2020-12-28,9,111573,19.6503,269,4.0
2020-12-28,5,376,0.0662,4,0.0
2020-12-28,4,703,0.1238,8,0.1
2020-12-28,0,4556,0.8024,37,0.5
2020-12-28,1,72233,12.7217,1219,18.5
2020-12-28,2,329219,57.9823,4827,73.2
2020-12-28,3,49132,8.6532,224,3.4
2020-12-29,9,111221,19.4242,272,4.0
2020-12-29,5,377,0.0658,4,0.0
2020-12-29,2,333414,58.2292,4926,73.4
2020-12-29,1,72916,12.7344,1235,18.4
2020-12-29,3,49367,8.6217,228,3.3
2020-12-29,4,707,0.1235,8,0.1
2020-12-29,0,4587,0.8011,37,0.5
2020-12-30,9,110624,19.0465,266,3.9
2020-12-30,5,388,0.0668,4,0.0
2020-12-30,4,716,0.1233,8,0.1
2020-12-30,0,4675,0.8049,37,0.5
2020-12-30,1,74248,12.7835,1250,18.3
2020-12-30,2,340235,58.5795,5014,73.6
2020-12-30,3,49923,8.5954,231,3.3
2020-12-31,9,110977,18.9122,271,3.9
2020-12-31,5,395,0.0673,4,0.0
2020-12-31,4,728,0.1241,8,0.1
2020-12-31,0,4735,0.8069,37,0.5
2020-12-31,1,75093,12.797,1262,18.2
2020-12-31,2,344506,58.7091,5091,73.7
2020-12-31,3,50368,8.5835,234,3.3
2021-01-01,9,111691,18.7533,266,3.8
2021-01-01,5,403,0.0677,4,0.0
2021-01-01,3,51001,8.5632,234,3.3
2021-01-01,2,351011,58.9358,5139,73.8
2021-01-01,1,75954,12.7529,1267,18.2
2021-01-01,0,4781,0.8027,37,0.5
2021-01-01,4,741,0.1244,8,0.1
2021-01-02,5,406,0.0672,4,0.0
2021-01-02,4,756,0.1251,8,0.1
2021-01-02,0,4844,0.8018,37,0.5
2021-01-02,1,76770,12.7075,1272,18.2
2021-01-02,2,355707,58.879,5149,73.8
2021-01-02,3,51542,8.5316,237,3.4
2021-01-02,9,114107,18.8878,263,3.7
2021-01-03,9,114691,18.8544,269,3.8
2021-01-03,5,411,0.0676,4,0.0
2021-01-03,4,761,0.1251,8,0.1
2021-01-03,0,4879,0.8021,37,0.5
2021-01-03,1,77223,12.6949,1283,18.2
2021-01-03,2,358470,58.9301,5186,73.8
2021-01-03,3,51862,8.5258,238,3.3
2021-01-04,9,115187,18.8137,289,4.0
2021-01-04,3,52072,8.505,242,3.3
2021-01-04,5,412,0.0673,4,0.0
2021-01-04,4,764,0.1248,8,0.1
2021-01-04,0,4908,0.8016,37,0.5
2021-01-04,1,77671,12.6862,1303,18.1
2021-01-04,2,361236,59.0014,5285,73.7
2021-01-05,9,115192,18.6501,299,4.1
2021-01-05,5,416,0.0674,4,0.0
2021-01-05,4,771,0.1248,8,0.1
2021-01-05,0,4946,0.8008,37,0.5
2021-01-05,1,78347,12.6847,1311,18.0
2021-01-05,2,365612,59.1941,5358,73.7
2021-01-05,3,52365,8.4781,250,3.4
2021-01-06,9,116188,18.583,320,4.3
2021-01-06,5,420,0.0672,4,0.0
2021-01-06,4,784,0.1254,8,0.1
2021-01-06,0,5039,0.8059,37,0.5
2021-01-06,1,79331,12.6881,1327,17.9
2021-01-06,2,370618,59.2764,5433,73.6
2021-01-06,3,52857,8.4539,252,3.4
2021-01-07,9,117823,18.5771,322,4.2
2021-01-07,5,427,0.0673,4,0.0
2021-01-07,4,800,0.1261,8,0.1
2021-01-07,0,5153,0.8125,37,0.4
2021-01-07,1,80309,12.6623,1348,17.9
2021-01-07,2,376212,59.3173,5516,73.6
2021-01-07,3,53513,8.4374,257,3.4
2021-01-08,4,809,0.1263,9,0.1
2021-01-08,3,53930,8.4186,259,3.3
2021-01-08,5,432,0.0674,4,0.0
2021-01-08,0,5206,0.8127,37,0.4
2021-01-08,1,80851,12.621,1362,17.8
2021-01-08,2,379927,59.3074,5610,73.6
2021-01-08,9,119451,18.6466,337,4.4
2021-01-09,9,121027,18.7218,346,4.4
2021-01-09,3,54289,8.398,261,3.3
2021-01-09,5,436,0.0674,4,0.0
2021-01-09,4,812,0.1256,9,0.1
2021-01-09,0,5277,0.8163,37,0.4
2021-01-09,1,81461,12.6013,1370,17.7
2021-01-09,2,383148,59.2695,5677,73.6
2021-01-10,9,122942,18.8022,351,4.5
2021-01-10,3,54750,8.3732,264,3.3
2021-01-10,5,441,0.0674,4,0.0
2021-01-10,4,823,0.1259,9,0.1
2021-01-10,0,5345,0.8174,37,0.4
2021-01-10,1,82149,12.5635,1391,17.8
2021-01-10,2,387419,59.2502,5729,73.5
2021-01-11,9,124006,18.8632,364,4.6
2021-01-11,3,55010,8.3679,268,3.4
2021-01-11,5,443,0.0674,4,0.0
2021-01-11,4,823,0.1252,9,0.1
2021-01-11,0,5389,0.8197,37,0.4
2021-01-11,1,82552,12.5574,1405,17.8
2021-01-11,2,389173,59.1992,5778,73.4
2021-01-12,9,124940,18.9053,379,4.7
2021-01-12,5,448,0.0678,4,0.0
2021-01-12,4,829,0.1254,9,0.1
2021-01-12,0,5418,0.8198,37,0.4
2021-01-12,1,82902,12.5443,1428,17.8
2021-01-12,2,391218,59.1971,5882,73.4
2021-01-12,3,55119,8.3403,272,3.3
2021-01-13,9,124152,18.6555,362,4.4
2021-01-13,3,55439,8.3304,275,3.3
2021-01-13,5,451,0.0678,4,0.0
2021-01-13,4,837,0.1258,9,0.1
2021-01-13,0,5468,0.8216,39,0.4
2021-01-13,1,83751,12.5847,1454,17.8
2021-01-13,2,395401,59.4142,6005,73.6
2021-01-14,9,125152,18.666,377,4.5
2021-01-14,5,452,0.0674,4,0.0
2021-01-14,4,843,0.1257,9,0.1
2021-01-14,0,5536,0.8257,39,0.4
2021-01-14,1,84250,12.5656,1462,17.7
2021-01-14,2,398507,59.4359,6062,73.6
2021-01-14,3,55742,8.3137,279,3.3
2021-01-15,9,126274,18.6785,381,4.5
2021-01-15,5,459,0.0679,4,0.0
2021-01-15,4,851,0.1259,9,0.1
2021-01-15,0,5607,0.8294,40,0.4
2021-01-15,1,84822,12.5469,1474,17.7
2021-01-15,2,401882,59.4466,6119,73.6
2021-01-15,3,56144,8.3048,284,3.4
2021-01-16,9,127116,18.6703,379,4.5
2021-01-16,5,462,0.0679,4,0.0
2021-01-16,4,862,0.1266,9,0.1
2021-01-16,0,5668,0.8325,41,0.4
2021-01-16,1,85350,12.5359,1488,17.8
2021-01-16,2,404894,59.4692,6149,73.5
2021-01-16,3,56495,8.2978,285,3.4
2021-01-17,9,128260,18.7153,382,4.5
2021-01-17,5,464,0.0677,4,0.0
2021-01-17,2,407366,59.4416,6173,73.5
2021-01-17,1,85850,12.527,1497,17.8
2021-01-17,3,56787,8.2862,285,3.3
2021-01-17,4,872,0.1272,9,0.1
2021-01-17,0,5722,0.8349,41,0.4
2021-01-18,9,128969,18.7523,390,4.6
2021-01-18,5,465,0.0676,4,0.0
2021-01-18,4,876,0.1274,9,0.1
2021-01-18,0,5763,0.8379,41,0.4
2021-01-18,1,86113,12.521,1501,17.8
2021-01-18,2,408682,59.423,6200,73.5
2021-01-18,3,56883,8.2709,285,3.3
2021-01-19,9,129083,18.7129,397,4.6
2021-01-19,5,466,0.0676,4,0.0
2021-01-19,4,874,0.1267,9,0.1
2021-01-19,0,5788,0.8391,41,0.4
2021-01-19,1,86387,12.5233,1506,17.7
2021-01-19,2,410223,59.4692,6228,73.5
2021-01-19,3,56987,8.2613,285,3.3
2021-01-20,9,130355,18.7753,407,4.7
2021-01-20,5,467,0.0673,4,0.0
2021-01-20,3,57213,8.2405,288,3.3
2021-01-20,2,412767,59.4516,6290,73.5
2021-01-20,1,86780,12.4991,1517,17.7
2021-01-20,0,5829,0.8396,41,0.4
2021-01-20,4,880,0.1267,9,0.1
2021-01-21,5,467,0.0669,4,0.0
2021-01-21,4,881,0.1263,9,0.1
2021-01-21,0,5868,0.8409,41,0.4
2021-01-21,1,87203,12.4972,1535,17.6
2021-01-21,2,415062,59.483,6386,73.5
2021-01-21,3,57319,8.2144,293,3.3
2021-01-21,9,130983,18.7713,416,4.7
2021-01-22,9,129660,18.4741,390,4.4
2021-01-22,5,470,0.067,4,0.0
2021-01-22,4,894,0.1274,9,0.1
2021-01-22,0,5924,0.8441,42,0.4
2021-01-22,1,88106,12.5534,1558,17.7
2021-01-22,2,419166,59.7233,6477,73.7
2021-01-22,3,57627,8.2108,297,3.3
2021-01-23,9,130636,18.5069,395,4.4
2021-01-23,3,57817,8.1908,297,3.3
2021-01-23,5,473,0.067,4,0.0
2021-01-23,4,894,0.1267,9,0.1
2021-01-23,0,5957,0.8439,42,0.4
2021-01-23,1,88545,12.544,1564,17.7
2021-01-23,2,421554,59.7207,6508,73.7
2021-01-24,9,131392,18.5394,400,4.5
2021-01-24,5,477,0.0673,4,0.0
2021-01-24,4,898,0.1267,9,0.1
2021-01-24,0,5995,0.8459,42,0.4
2021-01-24,1,88903,12.5442,1567,17.6
2021-01-24,2,423101,59.6996,6537,73.7
2021-01-24,3,57951,8.1769,300,3.3
2021-01-25,9,131992,18.5792,404,4.5
2021-01-25,5,478,0.0673,4,0.0
2021-01-25,4,899,0.1265,9,0.1
2021-01-25,0,6025,0.8481,42,0.4
2021-01-25,1,89092,12.5406,1574,17.5
2021-01-25,2,423928,59.6723,6636,73.9
2021-01-25,3,58013,8.1659,301,3.3
2021-01-26,9,132250,18.5639,419,4.5
2021-01-26,5,481,0.0675,5,0.0
2021-01-26,4,899,0.1262,9,0.0
2021-01-26,0,6053,0.8497,45,0.4
2021-01-26,1,89324,12.5384,1609,17.5
2021-01-26,2,425336,59.7042,6775,73.9
2021-01-26,3,58063,8.1503,300,3.2
2021-01-27,4,908,0.1269,9,0.0
2021-01-27,3,58243,8.1367,303,3.2
2021-01-27,5,482,0.0673,5,0.0
2021-01-27,0,6104,0.8527,46,0.4
2021-01-27,1,90099,12.5871,1634,17.5
2021-01-27,2,428745,59.8968,6906,74.1
2021-01-27,9,131225,18.3325,413,4.4
2021-01-28,9,129498,18.0464,408,4.3
2021-01-28,3,58444,8.1446,310,3.2
2021-01-28,5,489,0.0681,5,0.0
2021-01-28,4,916,0.1277,9,0.0
2021-01-28,0,6120,0.8529,47,0.4
2021-01-28,1,90734,12.6444,1645,17.4
2021-01-28,2,431382,60.116,6993,74.2
2021-01-29,9,130422,18.0517,412,4.3
2021-01-29,3,58668,8.1202,314,3.3
2021-01-29,5,495,0.0685,5,0.0
2021-01-29,4,919,0.1272,9,0.0
2021-01-29,0,6162,0.8529,48,0.5
2021-01-29,1,91212,12.6247,1649,17.4
2021-01-29,2,434613,60.1548,7024,74.2
2021-01-30,9,131036,18.0804,422,4.4
2021-01-30,3,58804,8.1138,318,3.3
2021-01-30,5,498,0.0687,5,0.0
2021-01-30,4,923,0.1274,9,0.0
2021-01-30,0,6191,0.8542,49,0.5
2021-01-30,1,91475,12.6217,1657,17.3
2021-01-30,2,435815,60.1338,7114,74.3
2021-01-31,9,131844,18.1139,423,4.3
2021-01-31,5,502,0.069,5,0.0
2021-01-31,4,927,0.1274,9,0.0
2021-01-31,0,6229,0.8558,49,0.5
2021-01-31,1,91824,12.6156,1675,17.3
2021-01-31,2,437584,60.1192,7169,74.2
2021-01-31,3,58951,8.0992,320,3.3
2021-02-01,9,132125,18.1195,435,4.4
2021-02-01,3,59037,8.0963,324,3.3
2021-02-01,5,502,0.0688,5,0.0
2021-02-01,4,928,0.1273,9,0.0
2021-02-01,0,6252,0.8574,49,0.5
2021-02-01,1,91975,12.6134,1685,17.2
2021-02-01,2,438368,60.1174,7246,74.2
2021-02-02,9,132526,18.1205,444,4.4
2021-02-02,5,503,0.0688,5,0.0
2021-02-02,4,934,0.1277,9,0.0
2021-02-02,0,6279,0.8585,50,0.5
2021-02-02,1,92224,12.6099,1703,17.2
2021-02-02,2,439809,60.1358,7361,74.3
2021-02-02,3,59085,8.0788,328,3.3
2021-02-03,9,130790,17.8379,432,4.3
2021-02-03,5,504,0.0687,5,0.0
2021-02-03,4,937,0.1278,9,0.0
2021-02-03,0,6302,0.8595,51,0.5
2021-02-03,1,92873,12.6665,1724,17.1
2021-02-03,2,442562,60.359,7474,74.4
2021-02-03,3,59248,8.0806,338,3.3
2021-02-04,9,131681,17.8825,441,4.3
2021-02-04,5,509,0.0691,5,0.0
2021-02-04,4,940,0.1277,9,0.0
2021-02-04,0,6328,0.8594,53,0.5
2021-02-04,1,93191,12.6555,1748,17.1
2021-02-04,2,444381,60.3475,7604,74.5
2021-02-04,3,59340,8.0584,342,3.3
2021-02-05,9,132164,17.8834,458,4.4
2021-02-05,5,512,0.0693,6,0.0
2021-02-05,4,945,0.1279,9,0.0
2021-02-05,0,6366,0.8614,53,0.5
2021-02-05,1,93510,12.6531,1777,17.0
2021-02-05,2,446056,60.3569,7754,74.5
2021-02-05,3,59478,8.0481,348,3.3
2021-02-06,9,132825,17.8958,462,4.4
2021-02-06,3,59610,8.0314,347,3.3
2021-02-06,5,513,0.0691,6,0.0
2021-02-06,4,948,0.1277,9,0.0
2021-02-06,0,6401,0.8624,53,0.5
2021-02-06,1,93814,12.6398,1782,17.0
2021-02-06,2,448102,60.3738,7804,74.5
2021-02-07,9,133490,17.9277,462,4.4
2021-02-07,5,515,0.0692,6,0.0
2021-02-07,4,950,0.1276,9,0.0
2021-02-07,0,6419,0.8621,53,0.5
2021-02-07,1,94051,12.6311,1785,17.0
2021-02-07,2,449475,60.3646,7807,74.5
2021-02-07,3,59700,8.0177,347,3.3
2021-02-08,9,133758,17.9342,471,4.4
2021-02-08,5,516,0.0692,6,0.0
2021-02-08,4,950,0.1274,9,0.0
2021-02-08,0,6432,0.8624,55,0.5
2021-02-08,1,94162,12.6252,1795,16.9
2021-02-08,2,450289,60.3745,7882,74.5
2021-02-08,3,59719,8.0071,348,3.2
2021-02-09,9,133927,17.9176,473,4.4
2021-02-09,5,516,0.069,6,0.0
2021-02-09,4,952,0.1274,9,0.0
2021-02-09,0,6450,0.8629,55,0.5
2021-02-09,1,94364,12.6246,1807,16.9
2021-02-09,2,451503,60.4048,7928,74.5
2021-02-09,3,59750,7.9937,353,3.3
2021-02-10,4,962,0.1282,9,0.0
2021-02-10,3,59936,7.9871,358,3.3
2021-02-10,5,517,0.0689,6,0.0
2021-02-10,0,6488,0.8646,56,0.5
2021-02-10,1,95163,12.6815,1840,17.1
2021-02-10,2,455259,60.6681,8039,74.9
2021-02-10,9,132084,17.6016,423,3.9
2021-02-11,9,132120,17.5684,417,3.8
2021-02-11,3,59981,7.9758,365,3.3
2021-02-11,5,521,0.0693,6,0.0
2021-02-11,4,964,0.1282,9,0.0
2021-02-11,0,6507,0.8653,56,0.5
2021-02-11,1,95375,12.6823,1862,17.2
2021-02-11,2,456565,60.7108,8097,74.8
2021-02-12,9,132498,17.5662,427,3.9
2021-02-12,5,524,0.0695,6,0.0
2021-02-12,4,969,0.1285,9,0.0
2021-02-12,0,6539,0.8669,57,0.5
2021-02-12,1,95645,12.6803,1875,17.2
2021-02-12,2,458042,60.7258,8153,74.8
2021-02-12,3,60062,7.9628,366,3.3
2021-02-13,9,132741,17.5567,428,3.9
2021-02-13,5,530,0.0701,6,0.0
2021-02-13,4,971,0.1284,9,0.0
2021-02-13,0,6555,0.867,57,0.5
2021-02-13,1,95850,12.6774,1876,17.2
2021-02-13,2,459302,60.7485,8159,74.8
2021-02-13,3,60122,7.9519,367,3.3
2021-02-14,9,133082,17.5705,434,3.9696
2021-02-14,0,6560,0.8661,57,0.5214
2021-02-14,4,971,0.1282,9,0.0823
2021-02-14,3,60164,7.9433,369,3.3751
2021-02-14,1,95983,12.6724,1877,17.1682
2021-02-14,2,460125,60.7492,8181,74.8285
2021-02-14,5,533,0.0704,6,0.0549
