date_stamp,iso3166_1,subdivision_code,us_state_fips,us_state_postal,us_admin2_code,us_county_fips,cnt_confirmed,cnt_deaths,cnt_recovered
2020-04-02,US,66,66,GU,00066,00066,82,3,0
2020-04-02,US,72,72,PR,00072,00072,316,12,0
2020-04-02,US,78,78,VI,00078,00078,30,0,0
2020-04-02,US,01,01,AL,01000,,0,5,0
2020-04-02,US,01,01,AL,01001,01001,12,0,0
2020-04-02,US,01,01,AL,01003,01003,29,1,0
2020-04-02,US,01,01,AL,01007,01007,4,0,0
2020-04-02,US,01,01,AL,01009,01009,9,0,0
2020-04-02,US,01,01,AL,01011,01011,2,0,0
2020-04-02,US,01,01,AL,01013,01013,1,0,0
2020-04-02,US,01,01,AL,01015,01015,12,0,0
2020-04-02,US,01,01,AL,01017,01017,75,4,0
2020-04-02,US,01,01,AL,01019,01019,3,0,0
2020-04-02,US,01,01,AL,01021,01021,14,0,0
2020-04-02,US,01,01,AL,01023,01023,5,0,0
2020-04-02,US,01,01,AL,01025,01025,2,0,0
2020-04-02,US,01,01,AL,01027,01027,7,0,0
2020-04-02,US,01,01,AL,01029,01029,6,0,0
2020-04-02,US,01,01,AL,01031,01031,4,0,0
2020-04-02,US,01,01,AL,01033,01033,5,0,0
2020-04-02,US,01,01,AL,01035,01035,0,0,0
2020-04-02,US,01,01,AL,01037,01037,5,0,0
2020-04-02,US,01,01,AL,01039,01039,3,0,0
2020-04-02,US,01,01,AL,01041,01041,1,0,0
2020-04-02,US,01,01,AL,01043,01043,9,1,0
2020-04-02,US,01,01,AL,01045,01045,1,0,0
2020-04-02,US,01,01,AL,01047,01047,4,0,0
2020-04-02,US,01,01,AL,01049,01049,8,0,0
2020-04-02,US,01,01,AL,01051,01051,18,0,0
2020-04-02,US,01,01,AL,01053,01053,1,0,0
2020-04-02,US,01,01,AL,01055,01055,15,1,0
2020-04-02,US,01,01,AL,01057,01057,1,0,0
2020-04-02,US,01,01,AL,01059,01059,6,0,0
2020-04-02,US,01,01,AL,01063,01063,3,0,0
2020-04-02,US,01,01,AL,01065,01065,3,0,0
2020-04-02,US,01,01,AL,01069,01069,11,0,0
2020-04-02,US,01,01,AL,01071,01071,14,1,0
2020-04-02,US,01,01,AL,01073,01073,339,4,0
2020-04-02,US,01,01,AL,01075,01075,1,0,0
2020-04-02,US,01,01,AL,01077,01077,14,1,0
2020-04-02,US,01,01,AL,01079,01079,5,0,0
2020-04-02,US,01,01,AL,01081,01081,103,2,0
2020-04-02,US,01,01,AL,01083,01083,23,0,0
2020-04-02,US,01,01,AL,01085,01085,2,0,0
2020-04-02,US,01,01,AL,01087,01087,5,0,0
2020-04-02,US,01,01,AL,01089,01089,132,1,0
2020-04-02,US,01,01,AL,01091,01091,6,0,0
2020-04-02,US,01,01,AL,01093,01093,13,2,0
2020-04-02,US,01,01,AL,01095,01095,7,0,0
2020-04-02,US,01,01,AL,01097,01097,72,3,0
2020-04-02,US,01,01,AL,01099,01099,4,0,0
2020-04-02,US,01,01,AL,01101,01101,47,1,0
2020-04-02,US,01,01,AL,01103,01103,23,0,0
2020-04-02,US,01,01,AL,01107,01107,9,0,0
2020-04-02,US,01,01,AL,01109,01109,6,0,0
2020-04-02,US,01,01,AL,01111,01111,7,0,0
2020-04-02,US,01,01,AL,01113,01113,4,0,0
2020-04-02,US,01,01,AL,01115,01115,28,0,0
2020-04-02,US,01,01,AL,01117,01117,113,3,0
2020-04-02,US,01,01,AL,01119,01119,6,0,0
2020-04-02,US,01,01,AL,01121,01121,9,0,0
2020-04-02,US,01,01,AL,01123,01123,17,1,0
2020-04-02,US,01,01,AL,01125,01125,39,0,0
2020-04-02,US,01,01,AL,01127,01127,34,0,0
2020-04-02,US,01,01,AL,01129,01129,3,1,0
2020-04-02,US,01,01,AL,01131,01131,5,0,0
2020-04-02,US,01,01,AL,01133,01133,2,0,0
2020-04-02,US,02,02,AK,02000,,4,2,0
2020-04-02,US,02,02,AK,02020,02020,67,1,0
2020-04-02,US,02,02,AK,02090,02090,40,0,0
2020-04-02,US,02,02,AK,02110,02110,10,0,0
2020-04-02,US,02,02,AK,02122,02122,8,0,0
2020-04-02,US,02,02,AK,02130,02130,14,0,0
2020-04-02,US,04,04,AZ,04000,,0,3,0
2020-04-02,US,04,04,AZ,04001,04001,35,0,0
2020-04-02,US,04,04,AZ,04003,04003,4,0,0
2020-04-02,US,04,04,AZ,04005,04005,146,5,0
2020-04-02,US,04,04,AZ,04007,04007,2,0,0
2020-04-02,US,04,04,AZ,04009,04009,2,0,0
2020-04-02,US,04,04,AZ,04011,04011,1,0,0
2020-04-02,US,04,04,AZ,04012,04012,2,0,0
2020-04-02,US,04,04,AZ,04013,04013,961,12,0
2020-04-02,US,04,04,AZ,04015,04015,8,0,0
2020-04-02,US,04,04,AZ,04017,04017,198,1,0
2020-04-02,US,04,04,AZ,04019,04019,237,11,0
2020-04-02,US,04,04,AZ,04021,04021,69,0,0
2020-04-02,US,04,04,AZ,04023,04023,3,0,0
2020-04-02,US,04,04,AZ,04025,04025,34,0,0
2020-04-02,US,04,04,AZ,04027,04027,13,0,0
2020-04-02,US,05,05,AR,05000,,43,6,0
2020-04-02,US,05,05,AR,05001,05001,1,0,0
2020-04-02,US,05,05,AR,05003,05003,1,0,0
2020-04-02,US,05,05,AR,05005,05005,1,0,0
2020-04-02,US,05,05,AR,05007,05007,40,0,0
2020-04-02,US,05,05,AR,05009,05009,1,0,0
2020-04-02,US,05,05,AR,05011,05011,4,0,0
2020-04-02,US,05,05,AR,05015,05015,1,0,0
2020-04-02,US,05,05,AR,05017,05017,2,0,0
2020-04-02,US,05,05,AR,05019,05019,26,0,0
2020-04-02,US,05,05,AR,05023,05023,63,2,0
2020-04-02,US,05,05,AR,05025,05025,5,0,0
2020-04-02,US,05,05,AR,05027,05027,1,0,0
2020-04-02,US,05,05,AR,05029,05029,1,1,0
2020-04-02,US,05,05,AR,05031,05031,12,0,0
2020-04-02,US,05,05,AR,05033,05033,1,0,0
2020-04-02,US,05,05,AR,05035,05035,32,0,0
2020-04-02,US,05,05,AR,05037,05037,1,0,0
2020-04-02,US,05,05,AR,05041,05041,2,0,0
2020-04-02,US,05,05,AR,05043,05043,1,0,0
2020-04-02,US,05,05,AR,05045,05045,37,1,0
2020-04-02,US,05,05,AR,05051,05051,37,0,0
2020-04-02,US,05,05,AR,05053,05053,3,0,0
2020-04-02,US,05,05,AR,05055,05055,1,0,0
2020-04-02,US,05,05,AR,05057,05057,1,0,0
2020-04-02,US,05,05,AR,05059,05059,5,0,0
2020-04-02,US,05,05,AR,05061,05061,1,0,0
2020-04-02,US,05,05,AR,05063,05063,3,0,0
2020-04-02,US,05,05,AR,05069,05069,49,0,0
2020-04-02,US,05,05,AR,05071,05071,6,0,0
2020-04-02,US,05,05,AR,05075,05075,1,0,0
2020-04-02,US,05,05,AR,05077,05077,1,0,0
2020-04-02,US,05,05,AR,05079,05079,6,0,0
2020-04-02,US,05,05,AR,05085,05085,7,0,0
2020-04-02,US,05,05,AR,05091,05091,7,0,0
2020-04-02,US,05,05,AR,05099,05099,1,0,0
2020-04-02,US,05,05,AR,05101,05101,1,0,0
2020-04-02,US,05,05,AR,05105,05105,1,0,0
2020-04-02,US,05,05,AR,05109,05109,1,0,0
2020-04-02,US,05,05,AR,05111,05111,5,0,0
2020-04-02,US,05,05,AR,05113,05113,5,0,0
2020-04-02,US,05,05,AR,05115,05115,6,0,0
2020-04-02,US,05,05,AR,05119,05119,115,2,0
2020-04-02,US,05,05,AR,05121,05121,1,0,0
2020-04-02,US,05,05,AR,05123,05123,1,0,0
2020-04-02,US,05,05,AR,05125,05125,16,0,0
2020-04-02,US,05,05,AR,05127,05127,1,0,0
2020-04-02,US,05,05,AR,05129,05129,2,0,0
2020-04-02,US,05,05,AR,05131,05131,8,0,0
2020-04-02,US,05,05,AR,05133,05133,1,0,0
2020-04-02,US,05,05,AR,05137,05137,5,0,0
2020-04-02,US,05,05,AR,05139,05139,10,0,0
2020-04-02,US,05,05,AR,05141,05141,20,0,0
2020-04-02,US,05,05,AR,05143,05143,23,0,0
2020-04-02,US,05,05,AR,05145,05145,15,0,0
2020-04-02,US,05,05,AR,05147,05147,1,0,0
2020-04-02,US,06,06,CA,06000,,0,0,0
2020-04-02,US,06,06,CA,06001,06001,359,8,0
2020-04-02,US,06,06,CA,06003,06003,1,0,0
2020-04-02,US,06,06,CA,06005,06005,3,0,0
2020-04-02,US,06,06,CA,06007,06007,9,0,0
2020-04-02,US,06,06,CA,06009,06009,3,0,0
2020-04-02,US,06,06,CA,06011,06011,1,0,0
2020-04-02,US,06,06,CA,06013,06013,250,3,0
2020-04-02,US,06,06,CA,06017,06017,18,0,0
2020-04-02,US,06,06,CA,06019,06019,82,0,0
2020-04-02,US,06,06,CA,06021,06021,2,0,0
2020-04-02,US,06,06,CA,06023,06023,28,0,0
2020-04-02,US,06,06,CA,06025,06025,43,1,0
2020-04-02,US,06,06,CA,06027,06027,9,0,0
2020-04-02,US,06,06,CA,06029,06029,142,1,0
2020-04-02,US,06,06,CA,06031,06031,5,0,0
2020-04-02,US,06,06,CA,06037,06037,4045,78,0
2020-04-02,US,06,06,CA,06039,06039,25,1,0
2020-04-02,US,06,06,CA,06041,06041,108,6,0
2020-04-02,US,06,06,CA,06045,06045,4,0,0
2020-04-02,US,06,06,CA,06047,06047,12,0,0
2020-04-02,US,06,06,CA,06051,06051,18,1,0
2020-04-02,US,06,06,CA,06053,06053,48,2,0
2020-04-02,US,06,06,CA,06055,06055,18,1,0
2020-04-02,US,06,06,CA,06057,06057,26,0,0
2020-04-02,US,06,06,CA,06059,06059,656,13,0
2020-04-02,US,06,06,CA,06061,06061,90,2,0
2020-04-02,US,06,06,CA,06063,06063,1,0,0
2020-04-02,US,06,06,CA,06065,06065,493,14,0
2020-04-02,US,06,06,CA,06067,06067,314,9,0
2020-04-02,US,06,06,CA,06069,06069,23,1,0
2020-04-02,US,06,06,CA,06071,06071,254,6,0
2020-04-02,US,06,06,CA,06073,06073,849,15,0
2020-04-02,US,06,06,CA,06075,06075,450,7,0
2020-04-02,US,06,06,CA,06077,06077,173,9,0
2020-04-02,US,06,06,CA,06079,06079,89,0,0
2020-04-02,US,06,06,CA,06081,06081,453,10,0
2020-04-02,US,06,06,CA,06083,06083,111,1,0
2020-04-02,US,06,06,CA,06085,06085,1019,36,0
2020-04-02,US,06,06,CA,06087,06087,54,1,0
2020-04-02,US,06,06,CA,06089,06089,7,1,0
2020-04-02,US,06,06,CA,06093,06093,3,0,0
2020-04-02,US,06,06,CA,06095,06095,54,0,0
2020-04-02,US,06,06,CA,06097,06097,91,2,0
2020-04-02,US,06,06,CA,06099,06099,50,0,0
2020-04-02,US,06,06,CA,06101,06101,14,1,0
2020-04-02,US,06,06,CA,06107,06107,74,2,0
2020-04-02,US,06,06,CA,06109,06109,2,0,0
2020-04-02,US,06,06,CA,06111,06111,160,5,0
2020-04-02,US,06,06,CA,06113,06113,28,1,0
2020-04-02,US,06,06,CA,06115,06115,8,0,0
2020-04-02,US,08,08,CO,08000,,128,5,0
2020-04-02,US,08,08,CO,08001,08001,212,2,0
2020-04-02,US,08,08,CO,08003,08003,4,0,0
2020-04-02,US,08,08,CO,08005,08005,381,7,0
2020-04-02,US,08,08,CO,08007,08007,1,0,0
2020-04-02,US,08,08,CO,08009,08009,3,0,0
2020-04-02,US,08,08,CO,08013,08013,114,2,0
2020-04-02,US,08,08,CO,08014,08014,21,2,0
2020-04-02,US,08,08,CO,08015,08015,17,1,0
2020-04-02,US,08,08,CO,08019,08019,6,0,0
2020-04-02,US,08,08,CO,08023,08023,3,0,0
2020-04-02,US,08,08,CO,08025,08025,1,1,0
2020-04-02,US,08,08,CO,08029,08029,1,0,0
2020-04-02,US,08,08,CO,08031,08031,586,8,0
2020-04-02,US,08,08,CO,08035,08035,158,0,0
2020-04-02,US,08,08,CO,08037,08037,295,4,0
2020-04-02,US,08,08,CO,08039,08039,5,0,0
2020-04-02,US,08,08,CO,08041,08041,314,14,0
2020-04-02,US,08,08,CO,08043,08043,2,0,0
2020-04-02,US,08,08,CO,08045,08045,34,1,0
2020-04-02,US,08,08,CO,08049,08049,4,0,0
2020-04-02,US,08,08,CO,08051,08051,84,1,0
2020-04-02,US,08,08,CO,08053,08053,1,0,0
2020-04-02,US,08,08,CO,08055,08055,1,0,0
2020-04-02,US,08,08,CO,08059,08059,356,7,0
2020-04-02,US,08,08,CO,08063,08063,4,0,0
2020-04-02,US,08,08,CO,08065,08065,2,0,0
2020-04-02,US,08,08,CO,08067,08067,23,0,0
2020-04-02,US,08,08,CO,08069,08069,107,7,0
2020-04-02,US,08,08,CO,08073,08073,1,0,0
2020-04-02,US,08,08,CO,08075,08075,6,0,0
2020-04-02,US,08,08,CO,08077,08077,14,0,0
2020-04-02,US,08,08,CO,08079,08079,2,0,0
2020-04-02,US,08,08,CO,08081,08081,4,0,0
2020-04-02,US,08,08,CO,08083,08083,1,0,0
2020-04-02,US,08,08,CO,08085,08085,13,0,0
2020-04-02,US,08,08,CO,08087,08087,5,0,0
2020-04-02,US,08,08,CO,08089,08089,3,0,0
2020-04-02,US,08,08,CO,08093,08093,3,0,0
2020-04-02,US,08,08,CO,08095,08095,1,0,0
2020-04-02,US,08,08,CO,08097,08097,33,2,0
2020-04-02,US,08,08,CO,08101,08101,22,2,0
2020-04-02,US,08,08,CO,08105,08105,5,0,0
2020-04-02,US,08,08,CO,08107,08107,19,0,0
2020-04-02,US,08,08,CO,08109,08109,1,0,0
2020-04-02,US,08,08,CO,08113,08113,4,0,0
2020-04-02,US,08,08,CO,08117,08117,34,0,0
2020-04-02,US,08,08,CO,08119,08119,7,1,0
2020-04-02,US,08,08,CO,08121,08121,1,0,0
2020-04-02,US,08,08,CO,08123,08123,293,13,0
2020-04-02,US,08,08,CO,08125,08125,2,0,0
2020-04-02,US,09,09,CT,09000,,174,1,0
2020-04-02,US,09,09,CT,09001,09001,2132,65,0
2020-04-02,US,09,09,CT,09003,09003,539,13,0
2020-04-02,US,09,09,CT,09005,09005,141,2,0
2020-04-02,US,09,09,CT,09007,09007,74,3,0
2020-04-02,US,09,09,CT,09009,09009,647,17,0
2020-04-02,US,09,09,CT,09011,09011,29,1,0
2020-04-02,US,09,09,CT,09013,09013,67,10,0
2020-04-02,US,09,09,CT,09015,09015,21,0,0
2020-04-02,US,10,10,DE,10000,,0,0,0
2020-04-02,US,10,10,DE,10001,10001,43,2,0
2020-04-02,US,10,10,DE,10003,10003,245,7,0
2020-04-02,US,10,10,DE,10005,10005,105,3,0
2020-04-02,US,11,11,DC,11001,11001,653,12,0
2020-04-02,US,12,12,FL,12000,,17,21,0
2020-04-02,US,12,12,FL,12001,12001,95,0,0
2020-04-02,US,12,12,FL,12003,12003,11,0,0
2020-04-02,US,12,12,FL,12005,12005,15,0,0
2020-04-02,US,12,12,FL,12007,12007,5,0,0
2020-04-02,US,12,12,FL,12009,12009,49,0,0
2020-04-02,US,12,12,FL,12011,12011,1481,17,0
2020-04-02,US,12,12,FL,12013,12013,1,0,0
2020-04-02,US,12,12,FL,12015,12015,38,0,0
2020-04-02,US,12,12,FL,12017,12017,27,2,0
2020-04-02,US,12,12,FL,12019,12019,58,6,0
2020-04-02,US,12,12,FL,12021,12021,178,2,0
2020-04-02,US,12,12,FL,12023,12023,4,0,0
2020-04-02,US,12,12,FL,12031,12031,286,9,0
2020-04-02,US,12,12,FL,12033,12033,101,0,0
2020-04-02,US,12,12,FL,12035,12035,25,1,0
2020-04-02,US,12,12,FL,12039,12039,2,0,0
2020-04-02,US,12,12,FL,12043,12043,3,1,0
2020-04-02,US,12,12,FL,12045,12045,1,0,0
2020-04-02,US,12,12,FL,12049,12049,1,0,0
2020-04-02,US,12,12,FL,12051,12051,4,0,0
2020-04-02,US,12,12,FL,12053,12053,34,0,0
2020-04-02,US,12,12,FL,12055,12055,24,1,0
2020-04-02,US,12,12,FL,12057,12057,404,5,0
2020-04-02,US,12,12,FL,12059,12059,1,0,0
2020-04-02,US,12,12,FL,12061,12061,41,0,0
2020-04-02,US,12,12,FL,12063,12063,4,0,0
2020-04-02,US,12,12,FL,12069,12069,82,2,0
2020-04-02,US,12,12,FL,12071,12071,275,10,0
2020-04-02,US,12,12,FL,12073,12073,35,0,0
2020-04-02,US,12,12,FL,12075,12075,2,0,0
2020-04-02,US,12,12,FL,12079,12079,2,0,0
2020-04-02,US,12,12,FL,12081,12081,89,3,0
2020-04-02,US,12,12,FL,12083,12083,33,0,0
2020-04-02,US,12,12,FL,12085,12085,34,0,0
2020-04-02,US,12,12,FL,12086,12086,2886,20,0
2020-04-02,US,12,12,FL,12087,12087,38,0,0
2020-04-02,US,12,12,FL,12089,12089,16,0,0
2020-04-02,US,12,12,FL,12091,12091,51,1,0
2020-04-02,US,12,12,FL,12093,12093,1,0,0
2020-04-02,US,12,12,FL,12095,12095,541,5,0
2020-04-02,US,12,12,FL,12097,12097,170,4,0
2020-04-02,US,12,12,FL,12099,12099,737,27,0
2020-04-02,US,12,12,FL,12101,12101,66,2,0
2020-04-02,US,12,12,FL,12103,12103,273,6,0
2020-04-02,US,12,12,FL,12105,12105,103,2,0
2020-04-02,US,12,12,FL,12107,12107,14,0,0
2020-04-02,US,12,12,FL,12109,12109,102,2,0
2020-04-02,US,12,12,FL,12111,12111,48,3,0
2020-04-02,US,12,12,FL,12113,12113,47,2,0
2020-04-02,US,12,12,FL,12115,12115,110,7,0
2020-04-02,US,12,12,FL,12117,12117,145,0,0
2020-04-02,US,12,12,FL,12119,12119,66,2,0
2020-04-02,US,12,12,FL,12121,12121,7,0,0
2020-04-02,US,12,12,FL,12125,12125,1,0,0
2020-04-02,US,12,12,FL,12127,12127,102,1,0
2020-04-02,US,12,12,FL,12129,12129,2,0,0
2020-04-02,US,12,12,FL,12131,12131,19,0,0
2020-04-02,US,12,12,FL,12133,12133,1,0,0
2020-04-02,US,13,13,GA,13000,,783,2,0
2020-04-02,US,13,13,GA,13001,13001,3,0,0
2020-04-02,US,13,13,GA,13005,13005,6,0,0
2020-04-02,US,13,13,GA,13007,13007,4,1,0
2020-04-02,US,13,13,GA,13009,13009,7,1,0
2020-04-02,US,13,13,GA,13011,13011,3,0,0
2020-04-02,US,13,13,GA,13013,13013,20,2,0
2020-04-02,US,13,13,GA,13015,13015,147,4,0
2020-04-02,US,13,13,GA,13017,13017,3,0,0
2020-04-02,US,13,13,GA,13019,13019,3,0,0
2020-04-02,US,13,13,GA,13021,13021,24,1,0
2020-04-02,US,13,13,GA,13023,13023,1,0,0
2020-04-02,US,13,13,GA,13027,13027,3,0,0
2020-04-02,US,13,13,GA,13029,13029,10,1,0
2020-04-02,US,13,13,GA,13031,13031,3,0,0
2020-04-02,US,13,13,GA,13033,13033,8,0,0
2020-04-02,US,13,13,GA,13035,13035,9,0,0
2020-04-02,US,13,13,GA,13037,13037,10,1,0
2020-04-02,US,13,13,GA,13039,13039,6,0,0
2020-04-02,US,13,13,GA,13043,13043,1,0,0
2020-04-02,US,13,13,GA,13045,13045,133,2,0
2020-04-02,US,13,13,GA,13047,13047,4,0,0
2020-04-02,US,13,13,GA,13049,13049,1,0,0
2020-04-02,US,13,13,GA,13051,13051,44,2,0
2020-04-02,US,13,13,GA,13053,13053,2,0,0
2020-04-02,US,13,13,GA,13055,13055,3,0,0
2020-04-02,US,13,13,GA,13057,13057,92,4,0
2020-04-02,US,13,13,GA,13059,13059,54,7,0
2020-04-02,US,13,13,GA,13061,13061,5,0,0
2020-04-02,US,13,13,GA,13063,13063,148,5,0
2020-04-02,US,13,13,GA,13065,13065,2,0,0
2020-04-02,US,13,13,GA,13067,13067,329,17,0
2020-04-02,US,13,13,GA,13069,13069,9,0,0
2020-04-02,US,13,13,GA,13071,13071,23,1,0
2020-04-02,US,13,13,GA,13073,13073,27,0,0
2020-04-02,US,13,13,GA,13075,13075,1,0,0
2020-04-02,US,13,13,GA,13077,13077,44,2,0
2020-04-02,US,13,13,GA,13081,13081,21,0,0
2020-04-02,US,13,13,GA,13083,13083,1,0,0
2020-04-02,US,13,13,GA,13085,13085,11,0,0
2020-04-02,US,13,13,GA,13087,13087,9,0,0
2020-04-02,US,13,13,GA,13089,13089,396,6,0
2020-04-02,US,13,13,GA,13091,13091,3,0,0
2020-04-02,US,13,13,GA,13093,13093,11,0,0
2020-04-02,US,13,13,GA,13095,13095,507,29,0
2020-04-02,US,13,13,GA,13097,13097,60,3,0
2020-04-02,US,13,13,GA,13099,13099,41,1,0
2020-04-02,US,13,13,GA,13103,13103,6,0,0
2020-04-02,US,13,13,GA,13107,13107,1,0,0
2020-04-02,US,13,13,GA,13111,13111,6,0,0
2020-04-02,US,13,13,GA,13113,13113,52,4,0
2020-04-02,US,13,13,GA,13115,13115,71,2,0
2020-04-02,US,13,13,GA,13117,13117,51,1,0
2020-04-02,US,13,13,GA,13119,13119,5,0,0
2020-04-02,US,13,13,GA,13121,13121,712,22,0
2020-04-02,US,13,13,GA,13123,13123,1,0,0
2020-04-02,US,13,13,GA,13127,13127,20,0,0
2020-04-02,US,13,13,GA,13129,13129,20,1,0
2020-04-02,US,13,13,GA,13131,13131,2,0,0
2020-04-02,US,13,13,GA,13133,13133,8,0,0
2020-04-02,US,13,13,GA,13135,13135,282,6,0
2020-04-02,US,13,13,GA,13137,13137,2,0,0
2020-04-02,US,13,13,GA,13139,13139,72,0,0
2020-04-02,US,13,13,GA,13143,13143,6,0,0
2020-04-02,US,13,13,GA,13145,13145,5,0,0
2020-04-02,US,13,13,GA,13147,13147,3,0,0
2020-04-02,US,13,13,GA,13149,13149,2,1,0
2020-04-02,US,13,13,GA,13151,13151,108,2,0
2020-04-02,US,13,13,GA,13153,13153,47,5,0
2020-04-02,US,13,13,GA,13155,13155,5,0,0
2020-04-02,US,13,13,GA,13157,13157,11,0,0
2020-04-02,US,13,13,GA,13159,13159,2,0,0
2020-04-02,US,13,13,GA,13161,13161,0,0,0
2020-04-02,US,13,13,GA,13163,13163,2,0,0
2020-04-02,US,13,13,GA,13165,13165,1,0,0
2020-04-02,US,13,13,GA,13167,13167,1,0,0
2020-04-02,US,13,13,GA,13169,13169,5,0,0
2020-04-02,US,13,13,GA,13171,13171,7,0,0
2020-04-02,US,13,13,GA,13173,13173,1,0,0
2020-04-02,US,13,13,GA,13175,13175,14,0,0
2020-04-02,US,13,13,GA,13177,13177,100,7,0
2020-04-02,US,13,13,GA,13179,13179,7,0,0
2020-04-02,US,13,13,GA,13181,13181,5,0,0
2020-04-02,US,13,13,GA,13183,13183,1,0,0
2020-04-02,US,13,13,GA,13185,13185,25,1,0
2020-04-02,US,13,13,GA,13187,13187,7,0,0
2020-04-02,US,13,13,GA,13193,13193,2,0,0
2020-04-02,US,13,13,GA,13195,13195,4,1,0
2020-04-02,US,13,13,GA,13199,13199,9,0,0
2020-04-02,US,13,13,GA,13201,13201,4,0,0
2020-04-02,US,13,13,GA,13205,13205,39,1,0
2020-04-02,US,13,13,GA,13207,13207,6,0,0
2020-04-02,US,13,13,GA,13211,13211,2,0,0
2020-04-02,US,13,13,GA,13213,13213,6,0,0
2020-04-02,US,13,13,GA,13215,13215,25,0,0
2020-04-02,US,13,13,GA,13217,13217,36,0,0
2020-04-02,US,13,13,GA,13219,13219,18,0,0
2020-04-02,US,13,13,GA,13221,13221,1,1,0
2020-04-02,US,13,13,GA,13223,13223,33,0,0
2020-04-02,US,13,13,GA,13225,13225,7,1,0
2020-04-02,US,13,13,GA,13227,13227,8,1,0
2020-04-02,US,13,13,GA,13229,13229,10,0,0
2020-04-02,US,13,13,GA,13231,13231,2,0,0
2020-04-02,US,13,13,GA,13233,13233,16,0,0
2020-04-02,US,13,13,GA,13235,13235,4,0,0
2020-04-02,US,13,13,GA,13237,13237,2,0,0
2020-04-02,US,13,13,GA,13241,13241,2,0,0
2020-04-02,US,13,13,GA,13243,13243,4,0,0
2020-04-02,US,13,13,GA,13245,13245,41,1,0
2020-04-02,US,13,13,GA,13247,13247,54,2,0
2020-04-02,US,13,13,GA,13249,13249,3,0,0
2020-04-02,US,13,13,GA,13251,13251,2,0,0
2020-04-02,US,13,13,GA,13253,13253,6,0,0
2020-04-02,US,13,13,GA,13255,13255,18,1,0
2020-04-02,US,13,13,GA,13257,13257,5,0,0
2020-04-02,US,13,13,GA,13259,13259,1,0,0
2020-04-02,US,13,13,GA,13261,13261,45,3,0
2020-04-02,US,13,13,GA,13263,13263,1,0,0
2020-04-02,US,13,13,GA,13267,13267,2,0,0
2020-04-02,US,13,13,GA,13269,13269,2,0,0
2020-04-02,US,13,13,GA,13273,13273,46,2,0
2020-04-02,US,13,13,GA,13275,13275,15,0,0
2020-04-02,US,13,13,GA,13277,13277,28,0,0
2020-04-02,US,13,13,GA,13279,13279,4,0,0
2020-04-02,US,13,13,GA,13285,13285,20,1,0
2020-04-02,US,13,13,GA,13287,13287,5,0,0
2020-04-02,US,13,13,GA,13289,13289,2,0,0
2020-04-02,US,13,13,GA,13291,13291,1,0,0
2020-04-02,US,13,13,GA,13293,13293,6,0,0
2020-04-02,US,13,13,GA,13295,13295,2,0,0
2020-04-02,US,13,13,GA,13297,13297,14,0,0
2020-04-02,US,13,13,GA,13299,13299,14,2,0
2020-04-02,US,13,13,GA,13301,13301,4,0,0
2020-04-02,US,13,13,GA,13303,13303,4,0,0
2020-04-02,US,13,13,GA,13307,13307,1,0,0
2020-04-02,US,13,13,GA,13309,13309,1,0,0
2020-04-02,US,13,13,GA,13311,13311,3,0,0
2020-04-02,US,13,13,GA,13313,13313,15,1,0
2020-04-02,US,13,13,GA,13315,13315,1,0,0
2020-04-02,US,13,13,GA,13317,13317,2,0,0
2020-04-02,US,13,13,GA,13319,13319,1,0,0
2020-04-02,US,13,13,GA,13321,13321,28,1,0
2020-04-02,US,15,15,HI,15000,,18,0,0
2020-04-02,US,15,15,HI,15001,15001,18,0,0
2020-04-02,US,15,15,HI,15003,15003,182,1,0
2020-04-02,US,15,15,HI,15007,15007,12,0,0
2020-04-02,US,15,15,HI,15009,15009,26,0,0
2020-04-02,US,16,16,ID,16000,,9,0,0
2020-04-02,US,16,16,ID,16001,16001,312,3,0
2020-04-02,US,16,16,ID,16003,16003,1,0,0
2020-04-02,US,16,16,ID,16005,16005,4,0,0
2020-04-02,US,16,16,ID,16011,16011,2,0,0
2020-04-02,US,16,16,ID,16013,16013,256,2,0
2020-04-02,US,16,16,ID,16017,16017,1,0,0
2020-04-02,US,16,16,ID,16019,16019,2,0,0
2020-04-02,US,16,16,ID,16025,16025,1,0,0
2020-04-02,US,16,16,ID,16027,16027,68,1,0
2020-04-02,US,16,16,ID,16031,16031,1,1,0
2020-04-02,US,16,16,ID,16037,16037,2,0,0
2020-04-02,US,16,16,ID,16039,16039,3,0,0
2020-04-02,US,16,16,ID,16043,16043,1,0,0
2020-04-02,US,16,16,ID,16045,16045,4,0,0
2020-04-02,US,16,16,ID,16047,16047,1,0,0
2020-04-02,US,16,16,ID,16049,16049,2,0,0
2020-04-02,US,16,16,ID,16051,16051,3,0,0
2020-04-02,US,16,16,ID,16053,16053,7,0,0
2020-04-02,US,16,16,ID,16055,16055,31,0,0
2020-04-02,US,16,16,ID,16057,16057,1,0,0
2020-04-02,US,16,16,ID,16063,16063,5,0,0
2020-04-02,US,16,16,ID,16065,16065,4,0,0
2020-04-02,US,16,16,ID,16067,16067,1,0,0
2020-04-02,US,16,16,ID,16069,16069,14,2,0
2020-04-02,US,16,16,ID,16073,16073,1,0,0
2020-04-02,US,16,16,ID,16075,16075,3,0,0
2020-04-02,US,16,16,ID,16081,16081,3,0,0
2020-04-02,US,16,16,ID,16083,16083,31,0,0
2020-04-02,US,16,16,ID,16085,16085,2,0,0
2020-04-02,US,17,17,IL,17000,,43,1,0
2020-04-02,US,17,17,IL,17001,17001,2,0,0
2020-04-02,US,17,17,IL,17005,17005,3,0,0
2020-04-02,US,17,17,IL,17011,17011,2,0,0
2020-04-02,US,17,17,IL,17015,17015,4,1,0
2020-04-02,US,17,17,IL,17019,17019,43,0,0
2020-04-02,US,17,17,IL,17021,17021,15,1,0
2020-04-02,US,17,17,IL,17023,17023,2,0,0
2020-04-02,US,17,17,IL,17027,17027,8,0,0
2020-04-02,US,17,17,IL,17031,17031,5575,107,0
2020-04-02,US,17,17,IL,17033,17033,1,0,0
2020-04-02,US,17,17,IL,17035,17035,1,0,0
2020-04-02,US,17,17,IL,17037,17037,16,0,0
2020-04-02,US,17,17,IL,17041,17041,8,0,0
2020-04-02,US,17,17,IL,17043,17043,448,14,0
2020-04-02,US,17,17,IL,17051,17051,2,0,0
2020-04-02,US,17,17,IL,17053,17053,1,0,0
2020-04-02,US,17,17,IL,17055,17055,1,0,0
2020-04-02,US,17,17,IL,17063,17063,5,0,0
2020-04-02,US,17,17,IL,17073,17073,4,0,0
2020-04-02,US,17,17,IL,17075,17075,2,0,0
2020-04-02,US,17,17,IL,17077,17077,6,0,0
2020-04-02,US,17,17,IL,17085,17085,3,0,0
2020-04-02,US,17,17,IL,17089,17089,154,8,0
2020-04-02,US,17,17,IL,17091,17091,55,0,0
2020-04-02,US,17,17,IL,17093,17093,36,2,0
2020-04-02,US,17,17,IL,17095,17095,1,0,0
2020-04-02,US,17,17,IL,17097,17097,540,8,0
2020-04-02,US,17,17,IL,17105,17105,5,0,0
2020-04-02,US,17,17,IL,17107,17107,1,0,0
2020-04-02,US,17,17,IL,17111,17111,81,3,0
2020-04-02,US,17,17,IL,17113,17113,32,2,0
2020-04-02,US,17,17,IL,17115,17115,2,0,0
2020-04-02,US,17,17,IL,17117,17117,1,0,0
2020-04-02,US,17,17,IL,17119,17119,29,0,0
2020-04-02,US,17,17,IL,17121,17121,2,0,0
2020-04-02,US,17,17,IL,17123,17123,1,0,0
2020-04-02,US,17,17,IL,17127,17127,1,0,0
2020-04-02,US,17,17,IL,17129,17129,1,0,0
2020-04-02,US,17,17,IL,17131,17131,1,0,0
2020-04-02,US,17,17,IL,17133,17133,4,0,0
2020-04-02,US,17,17,IL,17135,17135,2,0,0
2020-04-02,US,17,17,IL,17137,17137,5,1,0
2020-04-02,US,17,17,IL,17139,17139,1,0,0
2020-04-02,US,17,17,IL,17141,17141,1,0,0
2020-04-02,US,17,17,IL,17143,17143,11,0,0
2020-04-02,US,17,17,IL,17147,17147,1,0,0
2020-04-02,US,17,17,IL,17157,17157,8,0,0
2020-04-02,US,17,17,IL,17161,17161,21,0,0
2020-04-02,US,17,17,IL,17163,17163,55,2,0
2020-04-02,US,17,17,IL,17165,17165,1,0,0
2020-04-02,US,17,17,IL,17167,17167,18,2,0
2020-04-02,US,17,17,IL,17177,17177,3,0,0
2020-04-02,US,17,17,IL,17179,17179,5,0,0
2020-04-02,US,17,17,IL,17183,17183,2,0,0
2020-04-02,US,17,17,IL,17189,17189,1,0,0
2020-04-02,US,17,17,IL,17195,17195,6,1,0
2020-04-02,US,17,17,IL,17197,17197,384,9,0
2020-04-02,US,17,17,IL,17199,17199,1,0,0
2020-04-02,US,17,17,IL,17201,17201,24,1,0
2020-04-02,US,17,17,IL,17203,17203,3,0,0
2020-04-02,US,18,18,IN,18001,18001,1,0,0
2020-04-02,US,18,18,IN,18003,18003,46,2,0
2020-04-02,US,18,18,IN,18005,18005,15,0,0
2020-04-02,US,18,18,IN,18007,18007,0,0,0
2020-04-02,US,18,18,IN,18009,18009,1,0,0
2020-04-02,US,18,18,IN,18011,18011,32,0,0
2020-04-02,US,18,18,IN,18013,18013,3,0,0
2020-04-02,US,18,18,IN,18015,18015,2,0,0
2020-04-02,US,18,18,IN,18017,18017,2,0,0
2020-04-02,US,18,18,IN,18019,18019,49,1,0
2020-04-02,US,18,18,IN,18021,18021,1,0,0
2020-04-02,US,18,18,IN,18023,18023,1,0,0
2020-04-02,US,18,18,IN,18025,18025,1,0,0
2020-04-02,US,18,18,IN,18029,18029,22,1,0
2020-04-02,US,18,18,IN,18031,18031,59,3,0
2020-04-02,US,18,18,IN,18033,18033,2,0,0
2020-04-02,US,18,18,IN,18035,18035,25,1,0
2020-04-02,US,18,18,IN,18037,18037,3,0,0
2020-04-02,US,18,18,IN,18039,18039,27,3,0
2020-04-02,US,18,18,IN,18041,18041,11,2,0
2020-04-02,US,18,18,IN,18043,18043,34,0,0
2020-04-02,US,18,18,IN,18045,18045,2,1,0
2020-04-02,US,18,18,IN,18047,18047,45,6,0
2020-04-02,US,18,18,IN,18049,18049,1,0,0
2020-04-02,US,18,18,IN,18051,18051,4,0,0
2020-04-02,US,18,18,IN,18053,18053,11,0,0
2020-04-02,US,18,18,IN,18055,18055,8,0,0
2020-04-02,US,18,18,IN,18057,18057,207,4,0
2020-04-02,US,18,18,IN,18059,18059,37,2,0
2020-04-02,US,18,18,IN,18061,18061,18,0,0
2020-04-02,US,18,18,IN,18063,18063,116,1,0
2020-04-02,US,18,18,IN,18065,18065,6,0,0
2020-04-02,US,18,18,IN,18067,18067,24,2,0
2020-04-02,US,18,18,IN,18069,18069,3,1,0
2020-04-02,US,18,18,IN,18071,18071,19,0,0
2020-04-02,US,18,18,IN,18073,18073,11,1,0
2020-04-02,US,18,18,IN,18075,18075,1,0,0
2020-04-02,US,18,18,IN,18077,18077,3,0,0
2020-04-02,US,18,18,IN,18079,18079,23,0,0
2020-04-02,US,18,18,IN,18081,18081,126,3,0
2020-04-02,US,18,18,IN,18083,18083,4,0,0
2020-04-02,US,18,18,IN,18085,18085,5,0,0
2020-04-02,US,18,18,IN,18087,18087,2,0,0
2020-04-02,US,18,18,IN,18089,18089,215,6,0
2020-04-02,US,18,18,IN,18091,18091,14,1,0
2020-04-02,US,18,18,IN,18093,18093,12,1,0
2020-04-02,US,18,18,IN,18095,18095,62,3,0
2020-04-02,US,18,18,IN,18097,18097,1304,24,0
2020-04-02,US,18,18,IN,18099,18099,4,0,0
2020-04-02,US,18,18,IN,18103,18103,4,0,0
2020-04-02,US,18,18,IN,18105,18105,36,0,0
2020-04-02,US,18,18,IN,18107,18107,10,0,0
2020-04-02,US,18,18,IN,18109,18109,48,1,0
2020-04-02,US,18,18,IN,18111,18111,1,0,0
2020-04-02,US,18,18,IN,18113,18113,3,0,0
2020-04-02,US,18,18,IN,18115,18115,1,0,0
2020-04-02,US,18,18,IN,18117,18117,3,0,0
2020-04-02,US,18,18,IN,18119,18119,12,0,0
2020-04-02,US,18,18,IN,18127,18127,35,0,0
2020-04-02,US,18,18,IN,18129,18129,4,0,0
2020-04-02,US,18,18,IN,18133,18133,11,1,0
2020-04-02,US,18,18,IN,18135,18135,3,0,0
2020-04-02,US,18,18,IN,18137,18137,39,1,0
2020-04-02,US,18,18,IN,18139,18139,7,0,0
2020-04-02,US,18,18,IN,18141,18141,65,1,0
2020-04-02,US,18,18,IN,18143,18143,5,1,0
2020-04-02,US,18,18,IN,18145,18145,24,0,0
2020-04-02,US,18,18,IN,18147,18147,1,0,0
2020-04-02,US,18,18,IN,18149,18149,2,0,0
2020-04-02,US,18,18,IN,18151,18151,2,0,0
2020-04-02,US,18,18,IN,18153,18153,3,0,0
2020-04-02,US,18,18,IN,18155,18155,4,0,0
2020-04-02,US,18,18,IN,18157,18157,19,1,0
2020-04-02,US,18,18,IN,18159,18159,5,0,0
2020-04-02,US,18,18,IN,18163,18163,23,0,0
2020-04-02,US,18,18,IN,18167,18167,10,2,0
2020-04-02,US,18,18,IN,18169,18169,1,0,0
2020-04-02,US,18,18,IN,18171,18171,2,1,0
2020-04-02,US,18,18,IN,18173,18173,8,0,0
2020-04-02,US,18,18,IN,18175,18175,12,0,0
2020-04-02,US,18,18,IN,18177,18177,3,0,0
2020-04-02,US,18,18,IN,18179,18179,2,0,0
2020-04-02,US,18,18,IN,18181,18181,3,0,0
2020-04-02,US,18,18,IN,18183,18183,3,0,0
2020-04-02,US,19,19,IA,19000,,0,1,0
2020-04-02,US,19,19,IA,19001,19001,1,0,0
2020-04-02,US,19,19,IA,19005,19005,15,1,0
2020-04-02,US,19,19,IA,19007,19007,1,0,0
2020-04-02,US,19,19,IA,19009,19009,1,0,0
2020-04-02,US,19,19,IA,19011,19011,7,0,0
2020-04-02,US,19,19,IA,19013,19013,8,0,0
2020-04-02,US,19,19,IA,19015,19015,2,0,0
2020-04-02,US,19,19,IA,19017,19017,1,0,0
2020-04-02,US,19,19,IA,19019,19019,3,0,0
2020-04-02,US,19,19,IA,19023,19023,1,0,0
2020-04-02,US,19,19,IA,19027,19027,1,0,0
2020-04-02,US,19,19,IA,19031,19031,11,0,0
2020-04-02,US,19,19,IA,19033,19033,10,0,0
2020-04-02,US,19,19,IA,19041,19041,2,0,0
2020-04-02,US,19,19,IA,19043,19043,2,0,0
2020-04-02,US,19,19,IA,19045,19045,9,0,0
2020-04-02,US,19,19,IA,19047,19047,1,0,0
2020-04-02,US,19,19,IA,19049,19049,31,0,0
2020-04-02,US,19,19,IA,19055,19055,1,0,0
2020-04-02,US,19,19,IA,19057,19057,1,0,0
2020-04-02,US,19,19,IA,19059,19059,1,0,0
2020-04-02,US,19,19,IA,19061,19061,22,1,0
2020-04-02,US,19,19,IA,19065,19065,2,0,0
2020-04-02,US,19,19,IA,19077,19077,1,0,0
2020-04-02,US,19,19,IA,19081,19081,3,0,0
2020-04-02,US,19,19,IA,19083,19083,1,0,0
2020-04-02,US,19,19,IA,19085,19085,10,0,0
2020-04-02,US,19,19,IA,19087,19087,5,0,0
2020-04-02,US,19,19,IA,19095,19095,5,0,0
2020-04-02,US,19,19,IA,19097,19097,1,0,0
2020-04-02,US,19,19,IA,19099,19099,7,0,0
2020-04-02,US,19,19,IA,19101,19101,1,0,0
2020-04-02,US,19,19,IA,19103,19103,80,0,0
2020-04-02,US,19,19,IA,19105,19105,5,0,0
2020-04-02,US,19,19,IA,19107,19107,1,0,0
2020-04-02,US,19,19,IA,19109,19109,1,0,0
2020-04-02,US,19,19,IA,19113,19113,103,4,0
2020-04-02,US,19,19,IA,19121,19121,1,0,0
2020-04-02,US,19,19,IA,19123,19123,3,0,0
2020-04-02,US,19,19,IA,19127,19127,9,0,0
2020-04-02,US,19,19,IA,19131,19131,2,0,0
2020-04-02,US,19,19,IA,19133,19133,5,0,0
2020-04-02,US,19,19,IA,19137,19137,1,0,0
2020-04-02,US,19,19,IA,19139,19139,19,0,0
2020-04-02,US,19,19,IA,19141,19141,2,0,0
2020-04-02,US,19,19,IA,19145,19145,2,0,0
2020-04-02,US,19,19,IA,19153,19153,87,1,0
2020-04-02,US,19,19,IA,19155,19155,5,0,0
2020-04-02,US,19,19,IA,19157,19157,7,1,0
2020-04-02,US,19,19,IA,19163,19163,25,0,0
2020-04-02,US,19,19,IA,19165,19165,3,0,0
2020-04-02,US,19,19,IA,19167,19167,4,0,0
2020-04-02,US,19,19,IA,19169,19169,4,0,0
2020-04-02,US,19,19,IA,19171,19171,17,0,0
2020-04-02,US,19,19,IA,19173,19173,1,0,0
2020-04-02,US,19,19,IA,19177,19177,3,0,0
2020-04-02,US,19,19,IA,19179,19179,1,0,0
2020-04-02,US,19,19,IA,19181,19181,6,0,0
2020-04-02,US,19,19,IA,19183,19183,36,2,0
2020-04-02,US,19,19,IA,19187,19187,1,0,0
2020-04-02,US,19,19,IA,19191,19191,4,0,0
2020-04-02,US,19,19,IA,19193,19193,7,0,0
2020-04-02,US,19,19,IA,19197,19197,1,0,0
2020-04-02,US,20,20,KS,20003,20003,1,0,0
2020-04-02,US,20,20,KS,20005,20005,1,0,0
2020-04-02,US,20,20,KS,20009,20009,2,0,0
2020-04-02,US,20,20,KS,20011,20011,3,0,0
2020-04-02,US,20,20,KS,20015,20015,7,0,0
2020-04-02,US,20,20,KS,20019,20019,1,0,0
2020-04-02,US,20,20,KS,20021,20021,4,0,0
2020-04-02,US,20,20,KS,20027,20027,1,0,0
2020-04-02,US,20,20,KS,20029,20029,1,0,0
2020-04-02,US,20,20,KS,20031,20031,16,1,0
2020-04-02,US,20,20,KS,20035,20035,1,0,0
2020-04-02,US,20,20,KS,20037,20037,5,1,0
2020-04-02,US,20,20,KS,20043,20043,1,0,0
2020-04-02,US,20,20,KS,20045,20045,31,0,0
2020-04-02,US,20,20,KS,20055,20055,3,0,0
2020-04-02,US,20,20,KS,20057,20057,0,0,0
2020-04-02,US,20,20,KS,20059,20059,7,0,0
2020-04-02,US,20,20,KS,20063,20063,1,0,0
2020-04-02,US,20,20,KS,20079,20079,2,0,0
2020-04-02,US,20,20,KS,20085,20085,1,0,0
2020-04-02,US,20,20,KS,20087,20087,1,0,0
2020-04-02,US,20,20,KS,20091,20091,161,3,0
2020-04-02,US,20,20,KS,20099,20099,1,0,0
2020-04-02,US,20,20,KS,20103,20103,27,0,0
2020-04-02,US,20,20,KS,20107,20107,6,0,0
2020-04-02,US,20,20,KS,20111,20111,16,0,0
2020-04-02,US,20,20,KS,20113,20113,5,0,0
2020-04-02,US,20,20,KS,20123,20123,2,0,0
2020-04-02,US,20,20,KS,20125,20125,6,0,0
2020-04-02,US,20,20,KS,20127,20127,2,0,0
2020-04-02,US,20,20,KS,20133,20133,1,0,0
2020-04-02,US,20,20,KS,20139,20139,3,0,0
2020-04-02,US,20,20,KS,20143,20143,1,0,0
2020-04-02,US,20,20,KS,20149,20149,2,0,0
2020-04-02,US,20,20,KS,20151,20151,1,0,0
2020-04-02,US,20,20,KS,20155,20155,8,0,0
2020-04-02,US,20,20,KS,20161,20161,6,0,0
2020-04-02,US,20,20,KS,20169,20169,3,0,0
2020-04-02,US,20,20,KS,20173,20173,79,1,0
2020-04-02,US,20,20,KS,20177,20177,20,2,0
2020-04-02,US,20,20,KS,20185,20185,1,0,0
2020-04-02,US,20,20,KS,20189,20189,2,0,0
2020-04-02,US,20,20,KS,20191,20191,1,0,0
2020-04-02,US,20,20,KS,20207,20207,3,0,0
2020-04-02,US,20,20,KS,20209,20209,106,4,0
2020-04-02,US,21,21,KY,21000,,113,14,0
2020-04-02,US,21,21,KY,21003,21003,2,0,0
2020-04-02,US,21,21,KY,21005,21005,2,1,0
2020-04-02,US,21,21,KY,21009,21009,1,0,0
2020-04-02,US,21,21,KY,21015,21015,8,0,0
2020-04-02,US,21,21,KY,21017,21017,2,1,0
2020-04-02,US,21,21,KY,21019,21019,4,0,0
2020-04-02,US,21,21,KY,21021,21021,4,0,0
2020-04-02,US,21,21,KY,21023,21023,1,0,0
2020-04-02,US,21,21,KY,21025,21025,2,0,0
2020-04-02,US,21,21,KY,21027,21027,2,0,0
2020-04-02,US,21,21,KY,21029,21029,6,1,0
2020-04-02,US,21,21,KY,21031,21031,1,0,0
2020-04-02,US,21,21,KY,21035,21035,3,0,0
2020-04-02,US,21,21,KY,21037,21037,8,0,0
2020-04-02,US,21,21,KY,21041,21041,2,0,0
2020-04-02,US,21,21,KY,21047,21047,7,0,0
2020-04-02,US,21,21,KY,21049,21049,8,0,0
2020-04-02,US,21,21,KY,21059,21059,34,1,0
2020-04-02,US,21,21,KY,21061,21061,2,0,0
2020-04-02,US,21,21,KY,21067,21067,116,3,0
2020-04-02,US,21,21,KY,21073,21073,6,0,0
2020-04-02,US,21,21,KY,21081,21081,1,0,0
2020-04-02,US,21,21,KY,21085,21085,2,0,0
2020-04-02,US,21,21,KY,21091,21091,1,0,0
2020-04-02,US,21,21,KY,21093,21093,6,0,0
2020-04-02,US,21,21,KY,21097,21097,11,0,0
2020-04-02,US,21,21,KY,21101,21101,5,0,0
2020-04-02,US,21,21,KY,21107,21107,27,2,0
2020-04-02,US,21,21,KY,21111,21111,228,7,0
2020-04-02,US,21,21,KY,21113,21113,13,0,0
2020-04-02,US,21,21,KY,21117,21117,25,1,0
2020-04-02,US,21,21,KY,21123,21123,1,0,0
2020-04-02,US,21,21,KY,21125,21125,2,0,0
2020-04-02,US,21,21,KY,21127,21127,1,0,0
2020-04-02,US,21,21,KY,21135,21135,1,0,0
2020-04-02,US,21,21,KY,21141,21141,3,0,0
2020-04-02,US,21,21,KY,21143,21143,1,0,0
2020-04-02,US,21,21,KY,21145,21145,8,0,0
2020-04-02,US,21,21,KY,21147,21147,1,0,0
2020-04-02,US,21,21,KY,21149,21149,1,0,0
2020-04-02,US,21,21,KY,21151,21151,10,0,0
2020-04-02,US,21,21,KY,21155,21155,1,0,0
2020-04-02,US,21,21,KY,21157,21157,1,0,0
2020-04-02,US,21,21,KY,21159,21159,1,0,0
2020-04-02,US,21,21,KY,21161,21161,1,0,0
2020-04-02,US,21,21,KY,21165,21165,2,0,0
2020-04-02,US,21,21,KY,21167,21167,2,0,0
2020-04-02,US,21,21,KY,21173,21173,2,0,0
2020-04-02,US,21,21,KY,21177,21177,10,0,0
2020-04-02,US,21,21,KY,21179,21179,3,0,0
2020-04-02,US,21,21,KY,21181,21181,1,0,0
2020-04-02,US,21,21,KY,21185,21185,6,0,0
2020-04-02,US,21,21,KY,21191,21191,1,0,0
2020-04-02,US,21,21,KY,21197,21197,1,0,0
2020-04-02,US,21,21,KY,21199,21199,8,0,0
2020-04-02,US,21,21,KY,21203,21203,1,0,0
2020-04-02,US,21,21,KY,21209,21209,6,0,0
2020-04-02,US,21,21,KY,21211,21211,2,0,0
2020-04-02,US,21,21,KY,21213,21213,9,0,0
2020-04-02,US,21,21,KY,21215,21215,2,0,0
2020-04-02,US,21,21,KY,21217,21217,2,0,0
2020-04-02,US,21,21,KY,21225,21225,2,0,0
2020-04-02,US,21,21,KY,21227,21227,13,0,0
2020-04-02,US,21,21,KY,21229,21229,1,0,0
2020-04-02,US,21,21,KY,21231,21231,3,0,0
2020-04-02,US,21,21,KY,21233,21233,2,0,0
2020-04-02,US,21,21,KY,21239,21239,5,0,0
2020-04-02,US,22,22,LA,22000,,40,1,0
2020-04-02,US,22,22,LA,22001,22001,61,1,0
2020-04-02,US,22,22,LA,22003,22003,26,3,0
2020-04-02,US,22,22,LA,22005,22005,201,7,0
2020-04-02,US,22,22,LA,22007,22007,31,0,0
2020-04-02,US,22,22,LA,22009,22009,34,1,0
2020-04-02,US,22,22,LA,22011,22011,10,0,0
2020-04-02,US,22,22,LA,22013,22013,8,1,0
2020-04-02,US,22,22,LA,22015,22015,87,2,0
2020-04-02,US,22,22,LA,22017,22017,336,10,0
2020-04-02,US,22,22,LA,22019,22019,108,1,0
2020-04-02,US,22,22,LA,22025,22025,5,1,0
2020-04-02,US,22,22,LA,22027,22027,11,2,0
2020-04-02,US,22,22,LA,22029,22029,8,0,0
2020-04-02,US,22,22,LA,22031,22031,42,1,0
2020-04-02,US,22,22,LA,22033,22033,325,11,0
2020-04-02,US,22,22,LA,22035,22035,1,0,0
2020-04-02,US,22,22,LA,22037,22037,14,0,0
2020-04-02,US,22,22,LA,22039,22039,16,0,0
2020-04-02,US,22,22,LA,22041,22041,5,0,0
2020-04-02,US,22,22,LA,22043,22043,5,0,0
2020-04-02,US,22,22,LA,22045,22045,67,1,0
2020-04-02,US,22,22,LA,22047,22047,69,4,0
2020-04-02,US,22,22,LA,22049,22049,4,0,0
2020-04-02,US,22,22,LA,22051,22051,2178,73,0
2020-04-02,US,22,22,LA,22053,22053,13,0,0
2020-04-02,US,22,22,LA,22055,22055,247,2,0
2020-04-02,US,22,22,LA,22057,22057,158,4,0
2020-04-02,US,22,22,LA,22061,22061,13,0,0
2020-04-02,US,22,22,LA,22063,22063,33,0,0
2020-04-02,US,22,22,LA,22065,22065,1,0,0
2020-04-02,US,22,22,LA,22067,22067,4,0,0
2020-04-02,US,22,22,LA,22069,22069,4,0,0
2020-04-02,US,22,22,LA,22071,22071,3148,125,0
2020-04-02,US,22,22,LA,22073,22073,94,1,0
2020-04-02,US,22,22,LA,22075,22075,68,3,0
2020-04-02,US,22,22,LA,22077,22077,12,0,0
2020-04-02,US,22,22,LA,22079,22079,77,3,0
2020-04-02,US,22,22,LA,22081,22081,1,0,0
2020-04-02,US,22,22,LA,22083,22083,4,0,0
2020-04-02,US,22,22,LA,22085,22085,4,0,0
2020-04-02,US,22,22,LA,22087,22087,181,5,0
2020-04-02,US,22,22,LA,22089,22089,180,8,0
2020-04-02,US,22,22,LA,22091,22091,1,0,0
2020-04-02,US,22,22,LA,22093,22093,110,4,0
2020-04-02,US,22,22,LA,22095,22095,274,14,0
2020-04-02,US,22,22,LA,22097,22097,56,1,0
2020-04-02,US,22,22,LA,22099,22099,58,3,0
2020-04-02,US,22,22,LA,22101,22101,42,0,0
2020-04-02,US,22,22,LA,22103,22103,399,9,0
2020-04-02,US,22,22,LA,22105,22105,42,1,0
2020-04-02,US,22,22,LA,22109,22109,97,1,0
2020-04-02,US,22,22,LA,22111,22111,13,0,0
2020-04-02,US,22,22,LA,22113,22113,16,1,0
2020-04-02,US,22,22,LA,22115,22115,7,0,0
2020-04-02,US,22,22,LA,22117,22117,50,2,0
2020-04-02,US,22,22,LA,22119,22119,19,2,0
2020-04-02,US,22,22,LA,22121,22121,19,1,0
2020-04-02,US,22,22,LA,22125,22125,10,0,0
2020-04-02,US,22,22,LA,22127,22127,2,0,0
2020-04-02,US,23,23,ME,23000,,8,0,0
2020-04-02,US,23,23,ME,23001,23001,12,0,0
2020-04-02,US,23,23,ME,23005,23005,204,5,0
2020-04-02,US,23,23,ME,23007,23007,3,0,0
2020-04-02,US,23,23,ME,23009,23009,2,0,0
2020-04-02,US,23,23,ME,23011,23011,19,1,0
2020-04-02,US,23,23,ME,23013,23013,7,0,0
2020-04-02,US,23,23,ME,23015,23015,8,0,0
2020-04-02,US,23,23,ME,23017,23017,9,0,0
2020-04-02,US,23,23,ME,23019,23019,16,0,0
2020-04-02,US,23,23,ME,23023,23023,10,0,0
2020-04-02,US,23,23,ME,23025,23025,2,0,0
2020-04-02,US,23,23,ME,23027,23027,2,0,0
2020-04-02,US,23,23,ME,23031,23031,74,1,0
2020-04-02,US,24,24,MD,24000,,0,0,0
2020-04-02,US,24,24,MD,24001,24001,1,0,0
2020-04-02,US,24,24,MD,24003,24003,206,3,0
2020-04-02,US,24,24,MD,24005,24005,353,3,0
2020-04-02,US,24,24,MD,24009,24009,22,1,0
2020-04-02,US,24,24,MD,24011,24011,4,0,0
2020-04-02,US,24,24,MD,24013,24013,105,4,0
2020-04-02,US,24,24,MD,24015,24015,20,1,0
2020-04-02,US,24,24,MD,24017,24017,69,1,0
2020-04-02,US,24,24,MD,24019,24019,1,0,0
2020-04-02,US,24,24,MD,24021,24021,45,3,0
2020-04-02,US,24,24,MD,24023,24023,3,0,0
2020-04-02,US,24,24,MD,24025,24025,37,0,0
2020-04-02,US,24,24,MD,24027,24027,152,2,0
2020-04-02,US,24,24,MD,24029,24029,5,0,0
2020-04-02,US,24,24,MD,24031,24031,498,6,0
2020-04-02,US,24,24,MD,24033,24033,473,9,0
2020-04-02,US,24,24,MD,24035,24035,8,0,0
2020-04-02,US,24,24,MD,24037,24037,27,0,0
2020-04-02,US,24,24,MD,24039,24039,4,0,0
2020-04-02,US,24,24,MD,24041,24041,4,0,0
2020-04-02,US,24,24,MD,24043,24043,17,0,0
2020-04-02,US,24,24,MD,24045,24045,7,1,0
2020-04-02,US,24,24,MD,24047,24047,5,0,0
2020-04-02,US,24,24,MD,24510,24510,265,2,0
2020-04-02,US,25,25,MA,25000,,282,9,0
2020-04-02,US,25,25,MA,25001,25001,283,3,0
2020-04-02,US,25,25,MA,25003,25003,213,5,0
2020-04-02,US,25,25,MA,25005,25005,424,3,0
2020-04-02,US,25,25,MA,25009,25009,1039,18,0
2020-04-02,US,25,25,MA,25011,25011,85,8,0
2020-04-02,US,25,25,MA,25013,25013,546,19,0
2020-04-02,US,25,25,MA,25015,25015,102,2,0
2020-04-02,US,25,25,MA,25017,25017,1870,28,0
2020-04-02,US,25,25,MA,25021,25021,938,21,0
2020-04-02,US,25,25,MA,25023,25023,621,6,0
2020-04-02,US,25,25,MA,25025,25025,1896,19,0
2020-04-02,US,25,25,MA,25027,25027,667,13,0
2020-04-02,US,26,26,MI,26000,,226,1,0
2020-04-02,US,26,26,MI,26005,26005,5,0,0
2020-04-02,US,26,26,MI,26009,26009,4,0,0
2020-04-02,US,26,26,MI,26011,26011,1,0,0
2020-04-02,US,26,26,MI,26015,26015,4,0,0
2020-04-02,US,26,26,MI,26017,26017,16,0,0
2020-04-02,US,26,26,MI,26021,26021,40,1,0
2020-04-02,US,26,26,MI,26023,26023,5,0,0
2020-04-02,US,26,26,MI,26025,26025,25,0,0
2020-04-02,US,26,26,MI,26027,26027,6,1,0
2020-04-02,US,26,26,MI,26029,26029,5,0,0
2020-04-02,US,26,26,MI,26031,26031,3,0,0
2020-04-02,US,26,26,MI,26033,26033,1,0,0
2020-04-02,US,26,26,MI,26035,26035,1,0,0
2020-04-02,US,26,26,MI,26037,26037,43,1,0
2020-04-02,US,26,26,MI,26039,26039,1,0,0
2020-04-02,US,26,26,MI,26041,26041,4,0,0
2020-04-02,US,26,26,MI,26043,26043,1,0,0
2020-04-02,US,26,26,MI,26045,26045,37,1,0
2020-04-02,US,26,26,MI,26047,26047,6,1,0
2020-04-02,US,26,26,MI,26049,26049,349,10,0
2020-04-02,US,26,26,MI,26051,26051,2,0,0
2020-04-02,US,26,26,MI,26053,26053,3,1,0
2020-04-02,US,26,26,MI,26055,26055,9,2,0
2020-04-02,US,26,26,MI,26057,26057,5,0,0
2020-04-02,US,26,26,MI,26059,26059,24,1,0
2020-04-02,US,26,26,MI,26061,26061,1,0,0
2020-04-02,US,26,26,MI,26063,26063,4,0,0
2020-04-02,US,26,26,MI,26065,26065,128,1,0
2020-04-02,US,26,26,MI,26067,26067,5,0,0
2020-04-02,US,26,26,MI,26069,26069,1,0,0
2020-04-02,US,26,26,MI,26073,26073,8,1,0
2020-04-02,US,26,26,MI,26075,26075,67,2,0
2020-04-02,US,26,26,MI,26077,26077,34,1,0
2020-04-02,US,26,26,MI,26079,26079,7,1,0
2020-04-02,US,26,26,MI,26081,26081,125,2,0
2020-04-02,US,26,26,MI,26087,26087,21,0,0
2020-04-02,US,26,26,MI,26089,26089,1,0,0
2020-04-02,US,26,26,MI,26091,26091,24,0,0
2020-04-02,US,26,26,MI,26093,26093,113,2,0
2020-04-02,US,26,26,MI,26097,26097,1,0,0
2020-04-02,US,26,26,MI,26099,26099,1332,58,0
2020-04-02,US,26,26,MI,26101,26101,1,0,0
2020-04-02,US,26,26,MI,26103,26103,5,0,0
2020-04-02,US,26,26,MI,26107,26107,3,1,0
2020-04-02,US,26,26,MI,26111,26111,15,0,0
2020-04-02,US,26,26,MI,26113,26113,1,1,0
2020-04-02,US,26,26,MI,26115,26115,79,0,0
2020-04-02,US,26,26,MI,26117,26117,10,0,0
2020-04-02,US,26,26,MI,26121,26121,26,2,0
2020-04-02,US,26,26,MI,26123,26123,2,0,0
2020-04-02,US,26,26,MI,26125,26125,2183,119,0
2020-04-02,US,26,26,MI,26127,26127,2,0,0
2020-04-02,US,26,26,MI,26129,26129,2,0,0
2020-04-02,US,26,26,MI,26133,26133,3,0,0
2020-04-02,US,26,26,MI,26135,26135,2,0,0
2020-04-02,US,26,26,MI,26137,26137,19,0,0
2020-04-02,US,26,26,MI,26139,26139,35,0,0
2020-04-02,US,26,26,MI,26143,26143,1,0,0
2020-04-02,US,26,26,MI,26145,26145,82,0,0
2020-04-02,US,26,26,MI,26147,26147,53,0,0
2020-04-02,US,26,26,MI,26149,26149,8,0,0
2020-04-02,US,26,26,MI,26151,26151,8,1,0
2020-04-02,US,26,26,MI,26153,26153,0,0,0
2020-04-02,US,26,26,MI,26155,26155,17,0,0
2020-04-02,US,26,26,MI,26157,26157,14,2,0
2020-04-02,US,26,26,MI,26159,26159,12,1,0
2020-04-02,US,26,26,MI,26161,26161,438,8,0
2020-04-02,US,26,26,MI,26163,26163,5069,194,0
2020-04-02,US,26,26,MI,26165,26165,3,0,0
2020-04-02,US,27,27,MN,27000,,10,8,0
2020-04-02,US,27,27,MN,27003,27003,30,0,0
2020-04-02,US,27,27,MN,27007,27007,4,0,0
2020-04-02,US,27,27,MN,27009,27009,1,0,0
2020-04-02,US,27,27,MN,27011,27011,1,0,0
2020-04-02,US,27,27,MN,27013,27013,10,0,0
2020-04-02,US,27,27,MN,27015,27015,2,0,0
2020-04-02,US,27,27,MN,27017,27017,3,0,0
2020-04-02,US,27,27,MN,27019,27019,10,0,0
2020-04-02,US,27,27,MN,27021,27021,1,0,0
2020-04-02,US,27,27,MN,27025,27025,3,0,0
2020-04-02,US,27,27,MN,27027,27027,8,0,0
2020-04-02,US,27,27,MN,27029,27029,2,0,0
2020-04-02,US,27,27,MN,27033,27033,5,0,0
2020-04-02,US,27,27,MN,27035,27035,2,0,0
2020-04-02,US,27,27,MN,27037,27037,52,0,0
2020-04-02,US,27,27,MN,27039,27039,10,0,0
2020-04-02,US,27,27,MN,27041,27041,1,0,0
2020-04-02,US,27,27,MN,27043,27043,2,0,0
2020-04-02,US,27,27,MN,27047,27047,5,0,0
2020-04-02,US,27,27,MN,27049,27049,4,0,0
2020-04-02,US,27,27,MN,27053,27053,235,6,0
2020-04-02,US,27,27,MN,27059,27059,2,0,0
2020-04-02,US,27,27,MN,27061,27061,2,0,0
2020-04-02,US,27,27,MN,27063,27063,1,0,0
2020-04-02,US,27,27,MN,27067,27067,2,0,0
2020-04-02,US,27,27,MN,27071,27071,1,0,0
2020-04-02,US,27,27,MN,27079,27079,18,0,0
2020-04-02,US,27,27,MN,27081,27081,1,0,0
2020-04-02,US,27,27,MN,27083,27083,3,0,0
2020-04-02,US,27,27,MN,27087,27087,1,0,0
2020-04-02,US,27,27,MN,27091,27091,29,2,0
2020-04-02,US,27,27,MN,27093,27093,1,0,0
2020-04-02,US,27,27,MN,27099,27099,15,0,0
2020-04-02,US,27,27,MN,27103,27103,3,0,0
2020-04-02,US,27,27,MN,27109,27109,66,0,0
2020-04-02,US,27,27,MN,27111,27111,1,0,0
2020-04-02,US,27,27,MN,27123,27123,67,2,0
2020-04-02,US,27,27,MN,27129,27129,2,0,0
2020-04-02,US,27,27,MN,27131,27131,3,0,0
2020-04-02,US,27,27,MN,27137,27137,13,0,0
2020-04-02,US,27,27,MN,27139,27139,10,0,0
2020-04-02,US,27,27,MN,27141,27141,8,0,0
2020-04-02,US,27,27,MN,27143,27143,1,0,0
2020-04-02,US,27,27,MN,27145,27145,5,0,0
2020-04-02,US,27,27,MN,27147,27147,6,0,0
2020-04-02,US,27,27,MN,27155,27155,2,0,0
2020-04-02,US,27,27,MN,27157,27157,6,0,0
2020-04-02,US,27,27,MN,27161,27161,3,0,0
2020-04-02,US,27,27,MN,27163,27163,46,0,0
2020-04-02,US,27,27,MN,27165,27165,3,0,0
2020-04-02,US,27,27,MN,27167,27167,1,0,0
2020-04-02,US,27,27,MN,27169,27169,11,0,0
2020-04-02,US,27,27,MN,27171,27171,7,0,0
2020-04-02,US,27,27,MN,27173,27173,1,0,0
2020-04-02,US,28,28,MS,28001,28001,14,0,0
2020-04-02,US,28,28,MS,28003,28003,3,0,0
2020-04-02,US,28,28,MS,28005,28005,4,1,0
2020-04-02,US,28,28,MS,28007,28007,12,0,0
2020-04-02,US,28,28,MS,28009,28009,5,0,0
2020-04-02,US,28,28,MS,28011,28011,27,1,0
2020-04-02,US,28,28,MS,28013,28013,4,1,0
2020-04-02,US,28,28,MS,28015,28015,3,0,0
2020-04-02,US,28,28,MS,28017,28017,14,1,0
2020-04-02,US,28,28,MS,28019,28019,7,0,0
2020-04-02,US,28,28,MS,28021,28021,1,0,0
2020-04-02,US,28,28,MS,28023,28023,4,0,0
2020-04-02,US,28,28,MS,28025,28025,7,0,0
2020-04-02,US,28,28,MS,28027,28027,23,0,0
2020-04-02,US,28,28,MS,28029,28029,10,0,0
2020-04-02,US,28,28,MS,28031,28031,3,0,0
2020-04-02,US,28,28,MS,28033,28033,103,1,0
2020-04-02,US,28,28,MS,28035,28035,26,1,0
2020-04-02,US,28,28,MS,28037,28037,3,0,0
2020-04-02,US,28,28,MS,28039,28039,4,0,0
2020-04-02,US,28,28,MS,28043,28043,4,0,0
2020-04-02,US,28,28,MS,28045,28045,22,1,0
2020-04-02,US,28,28,MS,28047,28047,53,1,0
2020-04-02,US,28,28,MS,28049,28049,118,0,0
2020-04-02,US,28,28,MS,28051,28051,16,2,0
2020-04-02,US,28,28,MS,28053,28053,4,1,0
2020-04-02,US,28,28,MS,28057,28057,3,0,0
2020-04-02,US,28,28,MS,28059,28059,57,1,0
2020-04-02,US,28,28,MS,28061,28061,2,0,0
2020-04-02,US,28,28,MS,28063,28063,1,0,0
2020-04-02,US,28,28,MS,28067,28067,6,0,0
2020-04-02,US,28,28,MS,28069,28069,4,0,0
2020-04-02,US,28,28,MS,28071,28071,16,1,0
2020-04-02,US,28,28,MS,28073,28073,8,0,0
2020-04-02,US,28,28,MS,28075,28075,46,0,0
2020-04-02,US,28,28,MS,28077,28077,5,0,0
2020-04-02,US,28,28,MS,28079,28079,6,0,0
2020-04-02,US,28,28,MS,28081,28081,24,1,0
2020-04-02,US,28,28,MS,28083,28083,20,1,0
2020-04-02,US,28,28,MS,28085,28085,14,0,0
2020-04-02,US,28,28,MS,28087,28087,10,0,0
2020-04-02,US,28,28,MS,28089,28089,55,0,0
2020-04-02,US,28,28,MS,28091,28091,5,0,0
2020-04-02,US,28,28,MS,28093,28093,18,0,0
2020-04-02,US,28,28,MS,28095,28095,11,0,0
2020-04-02,US,28,28,MS,28097,28097,8,1,0
2020-04-02,US,28,28,MS,28099,28099,4,0,0
2020-04-02,US,28,28,MS,28101,28101,4,0,0
2020-04-02,US,28,28,MS,28103,28103,4,0,0
2020-04-02,US,28,28,MS,28105,28105,20,0,0
2020-04-02,US,28,28,MS,28107,28107,8,1,0
2020-04-02,US,28,28,MS,28109,28109,36,0,0
2020-04-02,US,28,28,MS,28111,28111,6,1,0
2020-04-02,US,28,28,MS,28113,28113,21,0,0
2020-04-02,US,28,28,MS,28115,28115,10,0,0
2020-04-02,US,28,28,MS,28117,28117,4,0,0
2020-04-02,US,28,28,MS,28119,28119,4,0,0
2020-04-02,US,28,28,MS,28121,28121,50,1,0
2020-04-02,US,28,28,MS,28123,28123,13,0,0
2020-04-02,US,28,28,MS,28125,28125,2,0,0
2020-04-02,US,28,28,MS,28127,28127,4,0,0
2020-04-02,US,28,28,MS,28129,28129,6,0,0
2020-04-02,US,28,28,MS,28133,28133,12,1,0
2020-04-02,US,28,28,MS,28135,28135,2,0,0
2020-04-02,US,28,28,MS,28137,28137,12,0,0
2020-04-02,US,28,28,MS,28139,28139,29,2,0
2020-04-02,US,28,28,MS,28141,28141,1,0,0
2020-04-02,US,28,28,MS,28143,28143,14,1,0
2020-04-02,US,28,28,MS,28145,28145,4,0,0
2020-04-02,US,28,28,MS,28147,28147,10,0,0
2020-04-02,US,28,28,MS,28149,28149,2,0,0
2020-04-02,US,28,28,MS,28151,28151,29,0,0
2020-04-02,US,28,28,MS,28153,28153,1,0,0
2020-04-02,US,28,28,MS,28155,28155,8,1,0
2020-04-02,US,28,28,MS,28157,28157,17,2,0
2020-04-02,US,28,28,MS,28159,28159,9,0,0
2020-04-02,US,28,28,MS,28161,28161,7,0,0
2020-04-02,US,28,28,MS,28163,28163,11,0,0
2020-04-02,US,29,29,MO,29000,,139,0,0
2020-04-02,US,29,29,MO,29001,29001,6,0,0
2020-04-02,US,29,29,MO,29005,29005,1,0,0
2020-04-02,US,29,29,MO,29009,29009,1,0,0
2020-04-02,US,29,29,MO,29013,29013,2,0,0
2020-04-02,US,29,29,MO,29015,29015,3,0,0
2020-04-02,US,29,29,MO,29017,29017,1,0,0
2020-04-02,US,29,29,MO,29019,29019,69,1,0
2020-04-02,US,29,29,MO,29021,29021,5,0,0
2020-04-02,US,29,29,MO,29023,29023,1,0,0
2020-04-02,US,29,29,MO,29025,29025,1,0,0
2020-04-02,US,29,29,MO,29027,29027,18,0,0
2020-04-02,US,29,29,MO,29029,29029,19,1,0
2020-04-02,US,29,29,MO,29031,29031,15,0,0
2020-04-02,US,29,29,MO,29035,29035,4,0,0
2020-04-02,US,29,29,MO,29037,29037,21,1,0
2020-04-02,US,29,29,MO,29039,29039,5,0,0
2020-04-02,US,29,29,MO,29041,29041,4,0,0
2020-04-02,US,29,29,MO,29043,29043,12,0,0
2020-04-02,US,29,29,MO,29047,29047,23,0,0
2020-04-02,US,29,29,MO,29049,29049,6,0,0
2020-04-02,US,29,29,MO,29051,29051,25,0,0
2020-04-02,US,29,29,MO,29053,29053,2,0,0
2020-04-02,US,29,29,MO,29055,29055,1,0,0
2020-04-02,US,29,29,MO,29063,29063,1,0,0
2020-04-02,US,29,29,MO,29069,29069,6,0,0
2020-04-02,US,29,29,MO,29071,29071,19,0,0
2020-04-02,US,29,29,MO,29073,29073,1,0,0
2020-04-02,US,29,29,MO,29077,29077,54,6,0
2020-04-02,US,29,29,MO,29081,29081,2,0,0
2020-04-02,US,29,29,MO,29083,29083,1,1,0
2020-04-02,US,29,29,MO,29091,29091,1,0,0
2020-04-02,US,29,29,MO,29095,29095,103,2,0
2020-04-02,US,29,29,MO,29097,29097,7,0,0
2020-04-02,US,29,29,MO,29099,29099,47,0,0
2020-04-02,US,29,29,MO,29101,29101,26,0,0
2020-04-02,US,29,29,MO,29107,29107,20,1,0
2020-04-02,US,29,29,MO,29113,29113,12,0,0
2020-04-02,US,29,29,MO,29117,29117,1,0,0
2020-04-02,US,29,29,MO,29119,29119,2,0,0
2020-04-02,US,29,29,MO,29121,29121,3,0,0
2020-04-02,US,29,29,MO,29125,29125,2,0,0
2020-04-02,US,29,29,MO,29135,29135,2,0,0
2020-04-02,US,29,29,MO,29139,29139,2,0,0
2020-04-02,US,29,29,MO,29141,29141,1,0,0
2020-04-02,US,29,29,MO,29143,29143,1,0,0
2020-04-02,US,29,29,MO,29145,29145,6,0,0
2020-04-02,US,29,29,MO,29151,29151,2,0,0
2020-04-02,US,29,29,MO,29155,29155,3,0,0
2020-04-02,US,29,29,MO,29157,29157,19,0,0
2020-04-02,US,29,29,MO,29159,29159,1,0,0
2020-04-02,US,29,29,MO,29163,29163,1,0,0
2020-04-02,US,29,29,MO,29165,29165,13,0,0
2020-04-02,US,29,29,MO,29169,29169,8,0,0
2020-04-02,US,29,29,MO,29173,29173,1,0,0
2020-04-02,US,29,29,MO,29175,29175,2,0,0
2020-04-02,US,29,29,MO,29177,29177,1,0,0
2020-04-02,US,29,29,MO,29179,29179,2,0,0
2020-04-02,US,29,29,MO,29181,29181,2,0,0
2020-04-02,US,29,29,MO,29183,29183,105,4,0
2020-04-02,US,29,29,MO,29186,29186,3,0,0
2020-04-02,US,29,29,MO,29187,29187,9,0,0
2020-04-02,US,29,29,MO,29189,29189,712,4,0
2020-04-02,US,29,29,MO,29201,29201,6,0,0
2020-04-02,US,29,29,MO,29205,29205,1,0,0
2020-04-02,US,29,29,MO,29207,29207,3,0,0
2020-04-02,US,29,29,MO,29209,29209,2,0,0
2020-04-02,US,29,29,MO,29213,29213,2,0,0
2020-04-02,US,29,29,MO,29215,29215,1,0,0
2020-04-02,US,29,29,MO,29219,29219,7,0,0
2020-04-02,US,29,29,MO,29225,29225,2,0,0
2020-04-02,US,29,29,MO,29229,29229,6,0,0
2020-04-02,US,29,29,MO,29510,29510,407,1,0
2020-04-02,US,30,30,MT,30000,,0,0,0
2020-04-02,US,30,30,MT,30007,30007,3,0,0
2020-04-02,US,30,30,MT,30009,30009,1,0,0
2020-04-02,US,30,30,MT,30013,30013,11,0,0
2020-04-02,US,30,30,MT,30023,30023,3,0,0
2020-04-02,US,30,30,MT,30029,30029,18,0,0
2020-04-02,US,30,30,MT,30031,30031,93,0,0
2020-04-02,US,30,30,MT,30041,30041,1,0,0
2020-04-02,US,30,30,MT,30043,30043,2,0,0
2020-04-02,US,30,30,MT,30047,30047,4,0,0
2020-04-02,US,30,30,MT,30049,30049,13,0,0
2020-04-02,US,30,30,MT,30051,30051,1,0,0
2020-04-02,US,30,30,MT,30053,30053,6,1,0
2020-04-02,US,30,30,MT,30057,30057,6,2,0
2020-04-02,US,30,30,MT,30059,30059,1,0,0
2020-04-02,US,30,30,MT,30063,30063,17,0,0
2020-04-02,US,30,30,MT,30065,30065,1,0,0
2020-04-02,US,30,30,MT,30067,30067,6,0,0
2020-04-02,US,30,30,MT,30081,30081,1,0,0
2020-04-02,US,30,30,MT,30085,30085,1,0,0
2020-04-02,US,30,30,MT,30093,30093,11,0,0
2020-04-02,US,30,30,MT,30101,30101,6,3,0
2020-04-02,US,30,30,MT,30111,30111,35,0,0
2020-04-02,US,31,31,NE,31000,,2,1,0
2020-04-02,US,31,31,NE,31001,31001,6,0,0
2020-04-02,US,31,31,NE,31003,31003,1,0,0
2020-04-02,US,31,31,NE,31019,31019,8,1,0
2020-04-02,US,31,31,NE,31025,31025,2,0,0
2020-04-02,US,31,31,NE,31039,31039,1,0,0
2020-04-02,US,31,31,NE,31047,31047,1,0,0
2020-04-02,US,31,31,NE,31053,31053,4,0,0
2020-04-02,US,31,31,NE,31055,31055,116,1,0
2020-04-02,US,31,31,NE,31067,31067,1,0,0
2020-04-02,US,31,31,NE,31073,31073,1,0,0
2020-04-02,US,31,31,NE,31079,31079,17,1,0
2020-04-02,US,31,31,NE,31081,31081,2,0,0
2020-04-02,US,31,31,NE,31099,31099,1,0,0
2020-04-02,US,31,31,NE,31105,31105,3,0,0
2020-04-02,US,31,31,NE,31107,31107,2,0,0
2020-04-02,US,31,31,NE,31109,31109,12,0,0
2020-04-02,US,31,31,NE,31111,31111,11,1,0
2020-04-02,US,31,31,NE,31119,31119,4,0,0
2020-04-02,US,31,31,NE,31127,31127,1,0,0
2020-04-02,US,31,31,NE,31131,31131,1,0,0
2020-04-02,US,31,31,NE,31141,31141,3,0,0
2020-04-02,US,31,31,NE,31153,31153,20,0,0
2020-04-02,US,31,31,NE,31155,31155,3,0,0
2020-04-02,US,31,31,NE,31157,31157,3,0,0
2020-04-02,US,31,31,NE,31177,31177,19,0,0
2020-04-02,US,31,31,NE,31185,31185,1,0,0
2020-04-02,US,32,32,NV,32000,,148,0,0
2020-04-02,US,32,32,NV,32003,32003,1125,34,0
2020-04-02,US,32,32,NV,32005,32005,6,0,0
2020-04-02,US,32,32,NV,32007,32007,5,0,0
2020-04-02,US,32,32,NV,32013,32013,5,0,0
2020-04-02,US,32,32,NV,32019,32019,1,0,0
2020-04-02,US,32,32,NV,32023,32023,4,0,0
2020-04-02,US,32,32,NV,32031,32031,163,4,0
2020-04-02,US,32,32,NV,32033,32033,1,0,0
2020-04-02,US,32,32,NV,32510,32510,5,0,0
2020-04-02,US,33,33,NH,33000,,0,2,0
2020-04-02,US,33,33,NH,33001,33001,13,0,0
2020-04-02,US,33,33,NH,33003,33003,14,0,0
2020-04-02,US,33,33,NH,33005,33005,8,0,0
2020-04-02,US,33,33,NH,33009,33009,38,0,0
2020-04-02,US,33,33,NH,33013,33013,33,0,0
2020-04-02,US,33,33,NH,33015,33015,170,1,0
2020-04-02,US,33,33,NH,33017,33017,35,0,0
2020-04-02,US,33,33,NH,33019,33019,5,0,0
2020-04-02,US,34,34,NJ,34000,,4866,4,0
2020-04-02,US,34,34,NJ,34001,34001,50,1,0
2020-04-02,US,34,34,NJ,34003,34003,4099,120,0
2020-04-02,US,34,34,NJ,34005,34005,294,8,0
2020-04-02,US,34,34,NJ,34007,34007,343,6,0
2020-04-02,US,34,34,NJ,34009,34009,34,0,0
2020-04-02,US,34,34,NJ,34011,34011,31,1,0
2020-04-02,US,34,34,NJ,34013,34013,2617,99,0
2020-04-02,US,34,34,NJ,34015,34015,169,2,0
2020-04-02,US,34,34,NJ,34017,34017,2270,44,0
2020-04-02,US,34,34,NJ,34019,34019,130,0,0
2020-04-02,US,34,34,NJ,34021,34021,386,4,0
2020-04-02,US,34,34,NJ,34023,34023,1766,48,0
2020-04-02,US,34,34,NJ,34025,34025,1458,38,0
2020-04-02,US,34,34,NJ,34027,34027,1082,40,0
2020-04-02,US,34,34,NJ,34029,34029,1371,38,0
2020-04-02,US,34,34,NJ,34031,34031,1750,22,0
2020-04-02,US,34,34,NJ,34033,34033,20,1,0
2020-04-02,US,34,34,NJ,34035,34035,549,17,0
2020-04-02,US,34,34,NJ,34037,34037,179,7,0
2020-04-02,US,34,34,NJ,34039,34039,2010,34,0
2020-04-02,US,34,34,NJ,34041,34041,116,3,0
2020-04-02,US,35,35,NM,35000,,1,0,0
2020-04-02,US,35,35,NM,35001,35001,148,4,0
2020-04-02,US,35,35,NM,35005,35005,10,0,0
2020-04-02,US,35,35,NM,35006,35006,5,0,0
2020-04-02,US,35,35,NM,35009,35009,5,0,0
2020-04-02,US,35,35,NM,35013,35013,21,0,0
2020-04-02,US,35,35,NM,35015,35015,4,1,0
2020-04-02,US,35,35,NM,35017,35017,1,0,0
2020-04-02,US,35,35,NM,35025,35025,2,0,0
2020-04-02,US,35,35,NM,35031,35031,29,0,0
2020-04-02,US,35,35,NM,35035,35035,1,0,0
2020-04-02,US,35,35,NM,35039,35039,4,0,0
2020-04-02,US,35,35,NM,35041,35041,1,0,0
2020-04-02,US,35,35,NM,35043,35043,32,1,0
2020-04-02,US,35,35,NM,35045,35045,52,0,0
2020-04-02,US,35,35,NM,35047,35047,1,0,0
2020-04-02,US,35,35,NM,35049,35049,48,0,0
2020-04-02,US,35,35,NM,35053,35053,3,0,0
2020-04-02,US,35,35,NM,35055,35055,12,0,0
2020-04-02,US,35,35,NM,35057,35057,3,0,0
2020-04-02,US,35,35,NM,35061,35061,5,0,0
2020-04-02,US,36,36,NY,36000,,0,675,0
2020-04-02,US,36,36,NY,36001,36001,253,2,0
2020-04-02,US,36,36,NY,36003,36003,12,1,0
2020-04-02,US,36,36,NY,36007,36007,46,4,0
2020-04-02,US,36,36,NY,36009,36009,8,0,0
2020-04-02,US,36,36,NY,36011,36011,4,0,0
2020-04-02,US,36,36,NY,36013,36013,8,1,0
2020-04-02,US,36,36,NY,36015,36015,22,0,0
2020-04-02,US,36,36,NY,36017,36017,28,0,0
2020-04-02,US,36,36,NY,36019,36019,25,0,0
2020-04-02,US,36,36,NY,36021,36021,45,1,0
2020-04-02,US,36,36,NY,36023,36023,11,0,0
2020-04-02,US,36,36,NY,36025,36025,22,0,0
2020-04-02,US,36,36,NY,36027,36027,667,5,0
2020-04-02,US,36,36,NY,36029,36029,617,12,0
2020-04-02,US,36,36,NY,36031,36031,7,0,0
2020-04-02,US,36,36,NY,36033,36033,9,0,0
2020-04-02,US,36,36,NY,36035,36035,6,0,0
2020-04-02,US,36,36,NY,36037,36037,16,1,0
2020-04-02,US,36,36,NY,36039,36039,21,0,0
2020-04-02,US,36,36,NY,36041,36041,2,0,0
2020-04-02,US,36,36,NY,36043,36043,14,2,0
2020-04-02,US,36,36,NY,36045,36045,15,0,0
2020-04-02,US,36,36,NY,36049,36049,2,0,0
2020-04-02,US,36,36,NY,36051,36051,18,1,0
2020-04-02,US,36,36,NY,36053,36053,68,2,0
2020-04-02,US,36,36,NY,36055,36055,420,9,0
2020-04-02,US,36,36,NY,36057,36057,8,0,0
2020-04-02,US,36,36,NY,36059,36059,10587,76,0
2020-04-02,US,36,36,NY,36061,36061,51809,1397,0
2020-04-02,US,36,36,NY,36063,36063,91,0,0
2020-04-02,US,36,36,NY,36065,36065,61,1,0
2020-04-02,US,36,36,NY,36067,36067,301,2,0
2020-04-02,US,36,36,NY,36069,36069,26,0,0
2020-04-02,US,36,36,NY,36071,36071,1993,19,0
2020-04-02,US,36,36,NY,36073,36073,6,0,0
2020-04-02,US,36,36,NY,36075,36075,23,0,0
2020-04-02,US,36,36,NY,36077,36077,21,1,0
2020-04-02,US,36,36,NY,36079,36079,216,0,0
2020-04-02,US,36,36,NY,36083,36083,60,0,0
2020-04-02,US,36,36,NY,36087,36087,3751,18,0
2020-04-02,US,36,36,NY,36089,36089,39,0,0
2020-04-02,US,36,36,NY,36091,36091,132,1,0
2020-04-02,US,36,36,NY,36093,36093,101,1,0
2020-04-02,US,36,36,NY,36095,36095,9,0,0
2020-04-02,US,36,36,NY,36097,36097,3,0,0
2020-04-02,US,36,36,NY,36099,36099,4,0,0
2020-04-02,US,36,36,NY,36101,36101,43,0,0
2020-04-02,US,36,36,NY,36103,36103,8746,69,0
2020-04-02,US,36,36,NY,36105,36105,143,4,0
2020-04-02,US,36,36,NY,36107,36107,8,0,0
2020-04-02,US,36,36,NY,36109,36109,80,0,0
2020-04-02,US,36,36,NY,36111,36111,240,3,0
2020-04-02,US,36,36,NY,36113,36113,18,0,0
2020-04-02,US,36,36,NY,36115,36115,12,0,0
2020-04-02,US,36,36,NY,36117,36117,27,0,0
2020-04-02,US,36,36,NY,36119,36119,11567,64,0
2020-04-02,US,36,36,NY,36121,36121,14,1,0
2020-04-02,US,36,36,NY,36123,36123,1,0,0
2020-04-02,US,37,37,NC,37001,37001,13,0,0
2020-04-02,US,37,37,NC,37003,37003,2,0,0
2020-04-02,US,37,37,NC,37005,37005,2,0,0
2020-04-02,US,37,37,NC,37007,37007,1,0,0
2020-04-02,US,37,37,NC,37013,37013,7,0,0
2020-04-02,US,37,37,NC,37015,37015,6,1,0
2020-04-02,US,37,37,NC,37017,37017,1,0,0
2020-04-02,US,37,37,NC,37019,37019,23,0,0
2020-04-02,US,37,37,NC,37021,37021,22,1,0
2020-04-02,US,37,37,NC,37023,37023,9,0,0
2020-04-02,US,37,37,NC,37025,37025,50,1,0
2020-04-02,US,37,37,NC,37027,37027,3,0,0
2020-04-02,US,37,37,NC,37031,37031,14,0,0
2020-04-02,US,37,37,NC,37033,37033,1,0,0
2020-04-02,US,37,37,NC,37035,37035,16,0,0
2020-04-02,US,37,37,NC,37037,37037,19,0,0
2020-04-02,US,37,37,NC,37039,37039,11,1,0
2020-04-02,US,37,37,NC,37041,37041,1,0,0
2020-04-02,US,37,37,NC,37043,37043,3,0,0
2020-04-02,US,37,37,NC,37045,37045,7,0,0
2020-04-02,US,37,37,NC,37047,37047,4,0,0
2020-04-02,US,37,37,NC,37049,37049,10,0,0
2020-04-02,US,37,37,NC,37051,37051,27,0,0
2020-04-02,US,37,37,NC,37053,37053,2,0,0
2020-04-02,US,37,37,NC,37055,37055,3,0,0
2020-04-02,US,37,37,NC,37057,37057,41,0,0
2020-04-02,US,37,37,NC,37059,37059,12,1,0
2020-04-02,US,37,37,NC,37061,37061,2,0,0
2020-04-02,US,37,37,NC,37063,37063,147,0,0
2020-04-02,US,37,37,NC,37065,37065,4,0,0
2020-04-02,US,37,37,NC,37067,37067,63,1,0
2020-04-02,US,37,37,NC,37069,37069,12,0,0
2020-04-02,US,37,37,NC,37071,37071,33,1,0
2020-04-02,US,37,37,NC,37073,37073,1,0,0
2020-04-02,US,37,37,NC,37077,37077,20,0,0
2020-04-02,US,37,37,NC,37079,37079,5,0,0
2020-04-02,US,37,37,NC,37081,37081,74,3,0
2020-04-02,US,37,37,NC,37083,37083,7,0,0
2020-04-02,US,37,37,NC,37085,37085,19,1,0
2020-04-02,US,37,37,NC,37087,37087,2,0,0
2020-04-02,US,37,37,NC,37089,37089,22,0,0
2020-04-02,US,37,37,NC,37091,37091,4,0,0
2020-04-02,US,37,37,NC,37093,37093,7,0,0
2020-04-02,US,37,37,NC,37097,37097,36,0,0
2020-04-02,US,37,37,NC,37099,37099,1,0,0
2020-04-02,US,37,37,NC,37101,37101,20,1,0
2020-04-02,US,37,37,NC,37105,37105,3,0,0
2020-04-02,US,37,37,NC,37107,37107,5,0,0
2020-04-02,US,37,37,NC,37109,37109,8,0,0
2020-04-02,US,37,37,NC,37111,37111,8,0,0
2020-04-02,US,37,37,NC,37113,37113,1,0,0
2020-04-02,US,37,37,NC,37117,37117,3,0,0
2020-04-02,US,37,37,NC,37119,37119,533,3,0
2020-04-02,US,37,37,NC,37121,37121,1,0,0
2020-04-02,US,37,37,NC,37123,37123,6,1,0
2020-04-02,US,37,37,NC,37125,37125,11,0,0
2020-04-02,US,37,37,NC,37127,37127,11,0,0
2020-04-02,US,37,37,NC,37129,37129,42,0,0
2020-04-02,US,37,37,NC,37131,37131,30,1,0
2020-04-02,US,37,37,NC,37133,37133,8,1,0
2020-04-02,US,37,37,NC,37135,37135,37,0,0
2020-04-02,US,37,37,NC,37137,37137,2,0,0
2020-04-02,US,37,37,NC,37139,37139,7,0,0
2020-04-02,US,37,37,NC,37143,37143,1,0,0
2020-04-02,US,37,37,NC,37145,37145,2,0,0
2020-04-02,US,37,37,NC,37147,37147,29,0,0
2020-04-02,US,37,37,NC,37149,37149,4,0,0
2020-04-02,US,37,37,NC,37151,37151,19,0,0
2020-04-02,US,37,37,NC,37155,37155,3,0,0
2020-04-02,US,37,37,NC,37157,37157,2,1,0
2020-04-02,US,37,37,NC,37159,37159,31,1,0
2020-04-02,US,37,37,NC,37161,37161,9,0,0
2020-04-02,US,37,37,NC,37163,37163,1,0,0
2020-04-02,US,37,37,NC,37165,37165,2,0,0
2020-04-02,US,37,37,NC,37167,37167,5,0,0
2020-04-02,US,37,37,NC,37169,37169,3,0,0
2020-04-02,US,37,37,NC,37171,37171,2,0,0
2020-04-02,US,37,37,NC,37175,37175,5,0,0
2020-04-02,US,37,37,NC,37179,37179,55,0,0
2020-04-02,US,37,37,NC,37181,37181,6,0,0
2020-04-02,US,37,37,NC,37183,37183,251,0,0
2020-04-02,US,37,37,NC,37187,37187,2,0,0
2020-04-02,US,37,37,NC,37189,37189,8,0,0
2020-04-02,US,37,37,NC,37191,37191,7,0,0
2020-04-02,US,37,37,NC,37193,37193,4,1,0
2020-04-02,US,37,37,NC,37195,37195,17,0,0
2020-04-02,US,37,37,NC,37197,37197,4,0,0
2020-04-02,US,38,38,ND,38000,,0,0,0
2020-04-02,US,38,38,ND,38003,38003,2,0,0
2020-04-02,US,38,38,ND,38013,38013,2,0,0
2020-04-02,US,38,38,ND,38015,38015,32,0,0
2020-04-02,US,38,38,ND,38017,38017,43,1,0
2020-04-02,US,38,38,ND,38023,38023,1,0,0
2020-04-02,US,38,38,ND,38025,38025,1,0,0
2020-04-02,US,38,38,ND,38031,38031,1,0,0
2020-04-02,US,38,38,ND,38035,38035,5,0,0
2020-04-02,US,38,38,ND,38037,38037,1,0,0
2020-04-02,US,38,38,ND,38049,38049,1,1,0
2020-04-02,US,38,38,ND,38051,38051,1,0,0
2020-04-02,US,38,38,ND,38053,38053,2,0,0
2020-04-02,US,38,38,ND,38055,38055,2,0,0
2020-04-02,US,38,38,ND,38057,38057,0,0,0
2020-04-02,US,38,38,ND,38059,38059,14,1,0
2020-04-02,US,38,38,ND,38061,38061,8,0,0
2020-04-02,US,38,38,ND,38065,38065,1,0,0
2020-04-02,US,38,38,ND,38069,38069,2,0,0
2020-04-02,US,38,38,ND,38071,38071,3,0,0
2020-04-02,US,38,38,ND,38079,38079,0,0,0
2020-04-02,US,38,38,ND,38085,38085,1,0,0
2020-04-02,US,38,38,ND,38089,38089,18,0,0
2020-04-02,US,38,38,ND,38099,38099,1,0,0
2020-04-02,US,38,38,ND,38101,38101,13,0,0
2020-04-02,US,38,38,ND,38105,38105,4,0,0
2020-04-02,US,39,39,OH,39003,39003,10,0,0
2020-04-02,US,39,39,OH,39005,39005,3,0,0
2020-04-02,US,39,39,OH,39007,39007,8,0,0
2020-04-02,US,39,39,OH,39009,39009,3,1,0
2020-04-02,US,39,39,OH,39011,39011,3,0,0
2020-04-02,US,39,39,OH,39013,39013,12,0,0
2020-04-02,US,39,39,OH,39015,39015,2,1,0
2020-04-02,US,39,39,OH,39017,39017,45,0,0
2020-04-02,US,39,39,OH,39019,39019,5,0,0
2020-04-02,US,39,39,OH,39021,39021,4,0,0
2020-04-02,US,39,39,OH,39023,39023,7,0,0
2020-04-02,US,39,39,OH,39025,39025,14,0,0
2020-04-02,US,39,39,OH,39027,39027,5,0,0
2020-04-02,US,39,39,OH,39029,39029,22,2,0
2020-04-02,US,39,39,OH,39031,39031,8,0,0
2020-04-02,US,39,39,OH,39033,39033,6,0,0
2020-04-02,US,39,39,OH,39035,39035,663,12,0
2020-04-02,US,39,39,OH,39037,39037,22,1,0
2020-04-02,US,39,39,OH,39039,39039,6,0,0
2020-04-02,US,39,39,OH,39041,39041,50,1,0
2020-04-02,US,39,39,OH,39043,39043,5,1,0
2020-04-02,US,39,39,OH,39045,39045,28,0,0
2020-04-02,US,39,39,OH,39047,39047,1,0,0
2020-04-02,US,39,39,OH,39049,39049,441,5,0
2020-04-02,US,39,39,OH,39051,39051,3,0,0
2020-04-02,US,39,39,OH,39053,39053,3,1,0
2020-04-02,US,39,39,OH,39055,39055,33,0,0
2020-04-02,US,39,39,OH,39057,39057,8,1,0
2020-04-02,US,39,39,OH,39059,39059,1,0,0
2020-04-02,US,39,39,OH,39061,39061,178,2,0
2020-04-02,US,39,39,OH,39063,39063,8,0,0
2020-04-02,US,39,39,OH,39065,39065,1,0,0
2020-04-02,US,39,39,OH,39071,39071,3,0,0
2020-04-02,US,39,39,OH,39075,39075,1,0,0
2020-04-02,US,39,39,OH,39077,39077,4,1,0
2020-04-02,US,39,39,OH,39081,39081,13,0,0
2020-04-02,US,39,39,OH,39083,39083,5,1,0
2020-04-02,US,39,39,OH,39085,39085,62,3,0
2020-04-02,US,39,39,OH,39087,39087,2,0,0
2020-04-02,US,39,39,OH,39089,39089,30,0,0
2020-04-02,US,39,39,OH,39091,39091,3,0,0
2020-04-02,US,39,39,OH,39093,39093,90,2,0
2020-04-02,US,39,39,OH,39095,39095,206,3,0
2020-04-02,US,39,39,OH,39097,39097,11,2,0
2020-04-02,US,39,39,OH,39099,39099,192,11,0
2020-04-02,US,39,39,OH,39101,39101,10,0,0
2020-04-02,US,39,39,OH,39103,39103,68,1,0
2020-04-02,US,39,39,OH,39107,39107,5,0,0
2020-04-02,US,39,39,OH,39109,39109,62,8,0
2020-04-02,US,39,39,OH,39113,39113,49,2,0
2020-04-02,US,39,39,OH,39117,39117,1,0,0
2020-04-02,US,39,39,OH,39119,39119,3,0,0
2020-04-02,US,39,39,OH,39123,39123,5,0,0
2020-04-02,US,39,39,OH,39127,39127,2,0,0
2020-04-02,US,39,39,OH,39129,39129,11,0,0
2020-04-02,US,39,39,OH,39131,39131,1,0,0
2020-04-02,US,39,39,OH,39133,39133,59,2,0
2020-04-02,US,39,39,OH,39135,39135,1,0,0
2020-04-02,US,39,39,OH,39139,39139,8,0,0
2020-04-02,US,39,39,OH,39141,39141,3,0,0
2020-04-02,US,39,39,OH,39143,39143,5,0,0
2020-04-02,US,39,39,OH,39147,39147,4,1,0
2020-04-02,US,39,39,OH,39149,39149,6,0,0
2020-04-02,US,39,39,OH,39151,39151,67,3,0
2020-04-02,US,39,39,OH,39153,39153,155,7,0
2020-04-02,US,39,39,OH,39155,39155,63,6,0
2020-04-02,US,39,39,OH,39157,39157,16,0,0
2020-04-02,US,39,39,OH,39159,39159,4,0,0
2020-04-02,US,39,39,OH,39161,39161,2,0,0
2020-04-02,US,39,39,OH,39165,39165,26,0,0
2020-04-02,US,39,39,OH,39167,39167,4,0,0
2020-04-02,US,39,39,OH,39169,39169,11,0,0
2020-04-02,US,39,39,OH,39173,39173,18,0,0
2020-04-02,US,39,39,OH,39175,39175,2,0,0
2020-04-02,US,40,40,OK,40000,,2,0,0
2020-04-02,US,40,40,OK,40001,40001,9,0,0
2020-04-02,US,40,40,OK,40005,40005,1,0,0
2020-04-02,US,40,40,OK,40009,40009,1,0,0
2020-04-02,US,40,40,OK,40013,40013,2,0,0
2020-04-02,US,40,40,OK,40015,40015,2,0,0
2020-04-02,US,40,40,OK,40017,40017,28,1,0
2020-04-02,US,40,40,OK,40019,40019,1,0,0
2020-04-02,US,40,40,OK,40021,40021,7,0,0
2020-04-02,US,40,40,OK,40023,40023,1,0,0
2020-04-02,US,40,40,OK,40027,40027,121,6,0
2020-04-02,US,40,40,OK,40031,40031,27,0,0
2020-04-02,US,40,40,OK,40033,40033,1,0,0
2020-04-02,US,40,40,OK,40035,40035,2,0,0
2020-04-02,US,40,40,OK,40037,40037,36,1,0
2020-04-02,US,40,40,OK,40039,40039,5,0,0
2020-04-02,US,40,40,OK,40041,40041,10,0,0
2020-04-02,US,40,40,OK,40047,40047,4,0,0
2020-04-02,US,40,40,OK,40049,40049,8,0,0
2020-04-02,US,40,40,OK,40051,40051,3,0,0
2020-04-02,US,40,40,OK,40055,40055,2,1,0
2020-04-02,US,40,40,OK,40065,40065,2,0,0
2020-04-02,US,40,40,OK,40071,40071,24,1,0
2020-04-02,US,40,40,OK,40073,40073,2,0,0
2020-04-02,US,40,40,OK,40075,40075,1,0,0
2020-04-02,US,40,40,OK,40077,40077,2,0,0
2020-04-02,US,40,40,OK,40079,40079,1,0,0
2020-04-02,US,40,40,OK,40081,40081,6,0,0
2020-04-02,US,40,40,OK,40083,40083,5,0,0
2020-04-02,US,40,40,OK,40085,40085,2,0,0
2020-04-02,US,40,40,OK,40087,40087,11,0,0
2020-04-02,US,40,40,OK,40097,40097,5,1,0
2020-04-02,US,40,40,OK,40101,40101,15,2,0
2020-04-02,US,40,40,OK,40103,40103,5,0,0
2020-04-02,US,40,40,OK,40105,40105,6,0,0
2020-04-02,US,40,40,OK,40109,40109,216,10,0
2020-04-02,US,40,40,OK,40111,40111,5,0,0
2020-04-02,US,40,40,OK,40113,40113,22,1,0
2020-04-02,US,40,40,OK,40115,40115,8,0,0
2020-04-02,US,40,40,OK,40117,40117,15,1,0
2020-04-02,US,40,40,OK,40119,40119,18,0,0
2020-04-02,US,40,40,OK,40121,40121,2,0,0
2020-04-02,US,40,40,OK,40123,40123,5,0,0
2020-04-02,US,40,40,OK,40125,40125,9,0,0
2020-04-02,US,40,40,OK,40131,40131,8,0,0
2020-04-02,US,40,40,OK,40133,40133,1,0,0
2020-04-02,US,40,40,OK,40135,40135,4,1,0
2020-04-02,US,40,40,OK,40137,40137,7,1,0
2020-04-02,US,40,40,OK,40139,40139,1,0,0
2020-04-02,US,40,40,OK,40143,40143,151,5,0
2020-04-02,US,40,40,OK,40145,40145,24,2,0
2020-04-02,US,40,40,OK,40147,40147,24,0,0
2020-04-02,US,40,40,OK,40153,40153,1,0,0
2020-04-02,US,41,41,OR,41003,41003,15,1,0
2020-04-02,US,41,41,OR,41005,41005,61,3,0
2020-04-02,US,41,41,OR,41007,41007,3,0,0
2020-04-02,US,41,41,OR,41009,41009,1,0,0
2020-04-02,US,41,41,OR,41017,41017,32,0,0
2020-04-02,US,41,41,OR,41019,41019,9,0,0
2020-04-02,US,41,41,OR,41023,41023,1,0,0
2020-04-02,US,41,41,OR,41027,41027,3,0,0
2020-04-02,US,41,41,OR,41029,41029,27,0,0
2020-04-02,US,41,41,OR,41033,41033,12,0,0
2020-04-02,US,41,41,OR,41035,41035,8,0,0
2020-04-02,US,41,41,OR,41039,41039,21,1,0
2020-04-02,US,41,41,OR,41041,41041,4,0,0
2020-04-02,US,41,41,OR,41043,41043,37,2,0
2020-04-02,US,41,41,OR,41045,41045,1,0,0
2020-04-02,US,41,41,OR,41047,41047,164,4,0
2020-04-02,US,41,41,OR,41049,41049,1,0,0
2020-04-02,US,41,41,OR,41051,41051,160,3,0
2020-04-02,US,41,41,OR,41053,41053,18,0,0
2020-04-02,US,41,41,OR,41057,41057,3,0,0
2020-04-02,US,41,41,OR,41059,41059,5,0,0
2020-04-02,US,41,41,OR,41061,41061,3,0,0
2020-04-02,US,41,41,OR,41063,41063,1,0,0
2020-04-02,US,41,41,OR,41065,41065,7,0,0
2020-04-02,US,41,41,OR,41067,41067,211,4,0
2020-04-02,US,41,41,OR,41071,41071,18,3,0
2020-04-02,US,42,42,PA,42000,,1,0,0
2020-04-02,US,42,42,PA,42001,42001,18,0,0
2020-04-02,US,42,42,PA,42003,42003,419,2,0
2020-04-02,US,42,42,PA,42005,42005,7,0,0
2020-04-02,US,42,42,PA,42007,42007,55,2,0
2020-04-02,US,42,42,PA,42009,42009,3,0,0
2020-04-02,US,42,42,PA,42011,42011,168,1,0
2020-04-02,US,42,42,PA,42013,42013,4,0,0
2020-04-02,US,42,42,PA,42015,42015,8,0,0
2020-04-02,US,42,42,PA,42017,42017,373,6,0
2020-04-02,US,42,42,PA,42019,42019,69,2,0
2020-04-02,US,42,42,PA,42021,42021,4,0,0
2020-04-02,US,42,42,PA,42023,42023,1,0,0
2020-04-02,US,42,42,PA,42025,42025,26,1,0
2020-04-02,US,42,42,PA,42027,42027,28,0,0
2020-04-02,US,42,42,PA,42029,42029,210,2,0
2020-04-02,US,42,42,PA,42031,42031,4,0,0
2020-04-02,US,42,42,PA,42033,42033,4,0,0
2020-04-02,US,42,42,PA,42037,42037,11,0,0
2020-04-02,US,42,42,PA,42039,42039,5,0,0
2020-04-02,US,42,42,PA,42041,42041,41,1,0
2020-04-02,US,42,42,PA,42043,42043,67,1,0
2020-04-02,US,42,42,PA,42045,42045,470,8,0
2020-04-02,US,42,42,PA,42049,42049,17,0,0
2020-04-02,US,42,42,PA,42051,42051,15,1,0
2020-04-02,US,42,42,PA,42053,42053,1,0,0
2020-04-02,US,42,42,PA,42055,42055,23,0,0
2020-04-02,US,42,42,PA,42059,42059,11,0,0
2020-04-02,US,42,42,PA,42061,42061,2,0,0
2020-04-02,US,42,42,PA,42063,42063,6,0,0
2020-04-02,US,42,42,PA,42067,42067,2,0,0
2020-04-02,US,42,42,PA,42069,42069,108,3,0
2020-04-02,US,42,42,PA,42071,42071,203,4,0
2020-04-02,US,42,42,PA,42073,42073,16,2,0
2020-04-02,US,42,42,PA,42075,42075,45,0,0
2020-04-02,US,42,42,PA,42077,42077,479,5,0
2020-04-02,US,42,42,PA,42079,42079,384,5,0
2020-04-02,US,42,42,PA,42081,42081,7,0,0
2020-04-02,US,42,42,PA,42085,42085,9,0,0
2020-04-02,US,42,42,PA,42087,42087,1,0,0
2020-04-02,US,42,42,PA,42089,42089,321,10,0
2020-04-02,US,42,42,PA,42091,42091,735,9,0
2020-04-02,US,42,42,PA,42093,42093,15,0,0
2020-04-02,US,42,42,PA,42095,42095,378,9,0
2020-04-02,US,42,42,PA,42097,42097,8,0,0
2020-04-02,US,42,42,PA,42099,42099,3,0,0
2020-04-02,US,42,42,PA,42101,42101,2100,13,0
2020-04-02,US,42,42,PA,42103,42103,68,1,0
2020-04-02,US,42,42,PA,42105,42105,2,0,0
2020-04-02,US,42,42,PA,42107,42107,54,0,0
2020-04-02,US,42,42,PA,42109,42109,3,1,0
2020-04-02,US,42,42,PA,42111,42111,3,0,0
2020-04-02,US,42,42,PA,42115,42115,3,0,0
2020-04-02,US,42,42,PA,42117,42117,2,0,0
2020-04-02,US,42,42,PA,42119,42119,2,0,0
2020-04-02,US,42,42,PA,42121,42121,3,0,0
2020-04-02,US,42,42,PA,42123,42123,1,0,0
2020-04-02,US,42,42,PA,42125,42125,38,0,0
2020-04-02,US,42,42,PA,42127,42127,17,0,0
2020-04-02,US,42,42,PA,42129,42129,84,0,0
2020-04-02,US,42,42,PA,42131,42131,1,0,0
2020-04-02,US,42,42,PA,42133,42133,102,1,0
2020-04-02,US,44,44,RI,44000,,80,12,0
2020-04-02,US,44,44,RI,44001,44001,21,0,0
2020-04-02,US,44,44,RI,44003,44003,59,0,0
2020-04-02,US,44,44,RI,44005,44005,33,0,0
2020-04-02,US,44,44,RI,44007,44007,418,0,0
2020-04-02,US,44,44,RI,44009,44009,34,0,0
2020-04-02,US,45,45,SC,45001,45001,6,0,0
2020-04-02,US,45,45,SC,45003,45003,22,1,0
2020-04-02,US,45,45,SC,45005,45005,1,0,0
2020-04-02,US,45,45,SC,45007,45007,57,3,0
2020-04-02,US,45,45,SC,45009,45009,5,0,0
2020-04-02,US,45,45,SC,45011,45011,2,0,0
2020-04-02,US,45,45,SC,45013,45013,130,2,0
2020-04-02,US,45,45,SC,45015,45015,33,0,0
2020-04-02,US,45,45,SC,45017,45017,3,1,0
2020-04-02,US,45,45,SC,45019,45019,231,1,0
2020-04-02,US,45,45,SC,45021,45021,1,0,0
2020-04-02,US,45,45,SC,45023,45023,6,0,0
2020-04-02,US,45,45,SC,45025,45025,10,0,0
2020-04-02,US,45,45,SC,45027,45027,31,1,0
2020-04-02,US,45,45,SC,45029,45029,6,0,0
2020-04-02,US,45,45,SC,45031,45031,15,0,0
2020-04-02,US,45,45,SC,45033,45033,1,0,0
2020-04-02,US,45,45,SC,45035,45035,35,0,0
2020-04-02,US,45,45,SC,45037,45037,4,0,0
2020-04-02,US,45,45,SC,45039,45039,8,0,0
2020-04-02,US,45,45,SC,45041,45041,26,5,0
2020-04-02,US,45,45,SC,45043,45043,15,0,0
2020-04-02,US,45,45,SC,45045,45045,154,1,0
2020-04-02,US,45,45,SC,45047,45047,8,0,0
2020-04-02,US,45,45,SC,45049,45049,1,0,0
2020-04-02,US,45,45,SC,45051,45051,50,4,0
2020-04-02,US,45,45,SC,45053,45053,7,0,0
2020-04-02,US,45,45,SC,45055,45055,129,2,0
2020-04-02,US,45,45,SC,45057,45057,26,0,0
2020-04-02,US,45,45,SC,45059,45059,4,0,0
2020-04-02,US,45,45,SC,45061,45061,8,1,0
2020-04-02,US,45,45,SC,45063,45063,70,1,0
2020-04-02,US,45,45,SC,45065,45065,1,0,0
2020-04-02,US,45,45,SC,45067,45067,2,1,0
2020-04-02,US,45,45,SC,45069,45069,3,0,0
2020-04-02,US,45,45,SC,45071,45071,4,0,0
2020-04-02,US,45,45,SC,45073,45073,5,0,0
2020-04-02,US,45,45,SC,45075,45075,24,0,0
2020-04-02,US,45,45,SC,45077,45077,15,0,0
2020-04-02,US,45,45,SC,45079,45079,200,3,0
2020-04-02,US,45,45,SC,45081,45081,2,0,0
2020-04-02,US,45,45,SC,45083,45083,50,0,0
2020-04-02,US,45,45,SC,45085,45085,66,3,0
2020-04-02,US,45,45,SC,45087,45087,5,0,0
2020-04-02,US,45,45,SC,45089,45089,6,0,0
2020-04-02,US,45,45,SC,45091,45091,66,1,0
2020-04-02,US,46,46,SD,46000,,0,0,0
2020-04-02,US,46,46,SD,46003,46003,1,0,0
2020-04-02,US,46,46,SD,46005,46005,21,1,0
2020-04-02,US,46,46,SD,46009,46009,1,0,0
2020-04-02,US,46,46,SD,46011,46011,2,0,0
2020-04-02,US,46,46,SD,46013,46013,6,0,0
2020-04-02,US,46,46,SD,46019,46019,0,0,0
2020-04-02,US,46,46,SD,46023,46023,1,0,0
2020-04-02,US,46,46,SD,46025,46025,1,0,0
2020-04-02,US,46,46,SD,46027,46027,3,0,0
2020-04-02,US,46,46,SD,46029,46029,6,0,0
2020-04-02,US,46,46,SD,46035,46035,3,0,0
2020-04-02,US,46,46,SD,46039,46039,1,0,0
2020-04-02,US,46,46,SD,46047,46047,1,0,0
2020-04-02,US,46,46,SD,46049,46049,1,0,0
2020-04-02,US,46,46,SD,46057,46057,1,0,0
2020-04-02,US,46,46,SD,46065,46065,3,0,0
2020-04-02,US,46,46,SD,46067,46067,2,0,0
2020-04-02,US,46,46,SD,46077,46077,0,0,0
2020-04-02,US,46,46,SD,46079,46079,1,0,0
2020-04-02,US,46,46,SD,46081,46081,9,0,0
2020-04-02,US,46,46,SD,46083,46083,17,0,0
2020-04-02,US,46,46,SD,46085,46085,1,0,0
2020-04-02,US,46,46,SD,46087,46087,2,0,0
2020-04-02,US,46,46,SD,46091,46091,1,0,0
2020-04-02,US,46,46,SD,46093,46093,1,0,0
2020-04-02,US,46,46,SD,46099,46099,54,0,0
2020-04-02,US,46,46,SD,46103,46103,6,1,0
2020-04-02,US,46,46,SD,46109,46109,2,0,0
2020-04-02,US,46,46,SD,46115,46115,1,0,0
2020-04-02,US,46,46,SD,46121,46121,1,0,0
2020-04-02,US,46,46,SD,46125,46125,2,0,0
2020-04-02,US,46,46,SD,46127,46127,3,0,0
2020-04-02,US,46,46,SD,46135,46135,10,0,0
2020-04-02,US,47,47,TN,47000,,254,1,0
2020-04-02,US,47,47,TN,47001,47001,10,0,0
2020-04-02,US,47,47,TN,47003,47003,6,0,0
2020-04-02,US,47,47,TN,47005,47005,4,0,0
2020-04-02,US,47,47,TN,47007,47007,2,0,0
2020-04-02,US,47,47,TN,47009,47009,32,0,0
2020-04-02,US,47,47,TN,47011,47011,18,0,0
2020-04-02,US,47,47,TN,47013,47013,4,0,0
2020-04-02,US,47,47,TN,47015,47015,4,0,0
2020-04-02,US,47,47,TN,47017,47017,5,0,0
2020-04-02,US,47,47,TN,47019,47019,1,0,0
2020-04-02,US,47,47,TN,47021,47021,11,0,0
2020-04-02,US,47,47,TN,47023,47023,3,0,0
2020-04-02,US,47,47,TN,47025,47025,2,0,0
2020-04-02,US,47,47,TN,47027,47027,1,0,0
2020-04-02,US,47,47,TN,47029,47029,1,0,0
2020-04-02,US,47,47,TN,47031,47031,3,0,0
2020-04-02,US,47,47,TN,47035,47035,16,0,0
2020-04-02,US,47,47,TN,47037,47037,785,5,0
2020-04-02,US,47,47,TN,47039,47039,0,0,0
2020-04-02,US,47,47,TN,47043,47043,20,0,0
2020-04-02,US,47,47,TN,47045,47045,5,0,0
2020-04-02,US,47,47,TN,47047,47047,14,0,0
2020-04-02,US,47,47,TN,47049,47049,1,0,0
2020-04-02,US,47,47,TN,47051,47051,8,0,0
2020-04-02,US,47,47,TN,47053,47053,6,0,0
2020-04-02,US,47,47,TN,47055,47055,3,0,0
2020-04-02,US,47,47,TN,47057,47057,3,0,0
2020-04-02,US,47,47,TN,47059,47059,16,1,0
2020-04-02,US,47,47,TN,47061,47061,8,0,0
2020-04-02,US,47,47,TN,47063,47063,3,0,0
2020-04-02,US,47,47,TN,47065,47065,61,5,0
2020-04-02,US,47,47,TN,47069,47069,4,0,0
2020-04-02,US,47,47,TN,47071,47071,2,0,0
2020-04-02,US,47,47,TN,47073,47073,7,0,0
2020-04-02,US,47,47,TN,47075,47075,2,0,0
2020-04-02,US,47,47,TN,47079,47079,4,0,0
2020-04-02,US,47,47,TN,47081,47081,1,0,0
2020-04-02,US,47,47,TN,47083,47083,1,0,0
2020-04-02,US,47,47,TN,47085,47085,2,0,0
2020-04-02,US,47,47,TN,47089,47089,6,0,0
2020-04-02,US,47,47,TN,47091,47091,2,0,0
2020-04-02,US,47,47,TN,47093,47093,92,1,0
2020-04-02,US,47,47,TN,47097,47097,2,0,0
2020-04-02,US,47,47,TN,47099,47099,2,0,0
2020-04-02,US,47,47,TN,47101,47101,2,0,0
2020-04-02,US,47,47,TN,47103,47103,2,0,0
2020-04-02,US,47,47,TN,47105,47105,9,0,0
2020-04-02,US,47,47,TN,47107,47107,3,0,0
2020-04-02,US,47,47,TN,47109,47109,3,0,0
2020-04-02,US,47,47,TN,47111,47111,5,0,0
2020-04-02,US,47,47,TN,47113,47113,13,0,0
2020-04-02,US,47,47,TN,47115,47115,13,1,0
2020-04-02,US,47,47,TN,47117,47117,2,0,0
2020-04-02,US,47,47,TN,47119,47119,18,0,0
2020-04-02,US,47,47,TN,47121,47121,2,0,0
2020-04-02,US,47,47,TN,47123,47123,5,0,0
2020-04-02,US,47,47,TN,47125,47125,37,0,0
2020-04-02,US,47,47,TN,47129,47129,1,0,0
2020-04-02,US,47,47,TN,47131,47131,2,0,0
2020-04-02,US,47,47,TN,47133,47133,2,0,0
2020-04-02,US,47,47,TN,47135,47135,2,0,0
2020-04-02,US,47,47,TN,47139,47139,1,0,0
2020-04-02,US,47,47,TN,47141,47141,37,0,0
2020-04-02,US,47,47,TN,47143,47143,0,0,0
2020-04-02,US,47,47,TN,47145,47145,3,0,0
2020-04-02,US,47,47,TN,47147,47147,41,0,0
2020-04-02,US,47,47,TN,47149,47149,113,1,0
2020-04-02,US,47,47,TN,47151,47151,3,0,0
2020-04-02,US,47,47,TN,47153,47153,2,0,0
2020-04-02,US,47,47,TN,47155,47155,10,0,0
2020-04-02,US,47,47,TN,47157,47157,638,7,0
2020-04-02,US,47,47,TN,47159,47159,3,0,0
2020-04-02,US,47,47,TN,47163,47163,17,0,0
2020-04-02,US,47,47,TN,47165,47165,268,11,0
2020-04-02,US,47,47,TN,47167,47167,24,0,0
2020-04-02,US,47,47,TN,47169,47169,6,1,0
2020-04-02,US,47,47,TN,47171,47171,1,0,0
2020-04-02,US,47,47,TN,47173,47173,1,0,0
2020-04-02,US,47,47,TN,47177,47177,1,0,0
2020-04-02,US,47,47,TN,47179,47179,20,0,0
2020-04-02,US,47,47,TN,47181,47181,2,0,0
2020-04-02,US,47,47,TN,47183,47183,1,0,0
2020-04-02,US,47,47,TN,47185,47185,2,0,0
2020-04-02,US,47,47,TN,47187,47187,199,2,0
2020-04-02,US,47,47,TN,47189,47189,62,0,0
2020-04-02,US,48,48,TX,48001,48001,1,0,0
2020-04-02,US,48,48,TX,48003,48003,0,0,0
2020-04-02,US,48,48,TX,48005,48005,5,0,0
2020-04-02,US,48,48,TX,48007,48007,0,0,0
2020-04-02,US,48,48,TX,48013,48013,2,0,0
2020-04-02,US,48,48,TX,48015,48015,4,0,0
2020-04-02,US,48,48,TX,48021,48021,10,0,0
2020-04-02,US,48,48,TX,48027,48027,51,1,0
2020-04-02,US,48,48,TX,48029,48029,229,9,0
2020-04-02,US,48,48,TX,48031,48031,1,0,0
2020-04-02,US,48,48,TX,48037,48037,9,1,0
2020-04-02,US,48,48,TX,48039,48039,109,1,0
2020-04-02,US,48,48,TX,48041,48041,68,4,0
2020-04-02,US,48,48,TX,48049,48049,3,0,0
2020-04-02,US,48,48,TX,48051,48051,1,0,0
2020-04-02,US,48,48,TX,48053,48053,4,0,0
2020-04-02,US,48,48,TX,48055,48055,1,0,0
2020-04-02,US,48,48,TX,48057,48057,8,0,0
2020-04-02,US,48,48,TX,48061,48061,37,0,0
2020-04-02,US,48,48,TX,48063,48063,1,0,0
2020-04-02,US,48,48,TX,48067,48067,4,0,0
2020-04-02,US,48,48,TX,48069,48069,8,0,0
2020-04-02,US,48,48,TX,48071,48071,9,0,0
2020-04-02,US,48,48,TX,48073,48073,5,0,0
2020-04-02,US,48,48,TX,48077,48077,1,0,0
2020-04-02,US,48,48,TX,48085,48085,207,1,0
2020-04-02,US,48,48,TX,48089,48089,2,0,0
2020-04-02,US,48,48,TX,48091,48091,15,2,0
2020-04-02,US,48,48,TX,48093,48093,1,0,0
2020-04-02,US,48,48,TX,48099,48099,1,0,0
2020-04-02,US,48,48,TX,48103,48103,2,0,0
2020-04-02,US,48,48,TX,48113,48113,831,24,0
2020-04-02,US,48,48,TX,48115,48115,3,0,0
2020-04-02,US,48,48,TX,48117,48117,2,0,0
2020-04-02,US,48,48,TX,48121,48121,254,5,0
2020-04-02,US,48,48,TX,48123,48123,4,0,0
2020-04-02,US,48,48,TX,48129,48129,1,0,0
2020-04-02,US,48,48,TX,48133,48133,3,0,0
2020-04-02,US,48,48,TX,48135,48135,12,0,0
2020-04-02,US,48,48,TX,48139,48139,26,0,0
2020-04-02,US,48,48,TX,48141,48141,75,0,0
2020-04-02,US,48,48,TX,48143,48143,8,1,0
2020-04-02,US,48,48,TX,48145,48145,1,0,0
2020-04-02,US,48,48,TX,48147,48147,1,0,0
2020-04-02,US,48,48,TX,48149,48149,4,0,0
2020-04-02,US,48,48,TX,48157,48157,194,2,0
2020-04-02,US,48,48,TX,48159,48159,1,0,0
2020-04-02,US,48,48,TX,48165,48165,1,0,0
2020-04-02,US,48,48,TX,48167,48167,118,0,0
2020-04-02,US,48,48,TX,48171,48171,1,0,0
2020-04-02,US,48,48,TX,48175,48175,1,0,0
2020-04-02,US,48,48,TX,48177,48177,1,0,0
2020-04-02,US,48,48,TX,48179,48179,1,0,0
2020-04-02,US,48,48,TX,48181,48181,11,0,0
2020-04-02,US,48,48,TX,48183,48183,8,0,0
2020-04-02,US,48,48,TX,48185,48185,3,0,0
2020-04-02,US,48,48,TX,48187,48187,20,0,0
2020-04-02,US,48,48,TX,48189,48189,6,0,0
2020-04-02,US,48,48,TX,48199,48199,14,0,0
2020-04-02,US,48,48,TX,48201,48201,955,6,0
2020-04-02,US,48,48,TX,48203,48203,5,0,0
2020-04-02,US,48,48,TX,48209,48209,42,0,0
2020-04-02,US,48,48,TX,48213,48213,1,0,0
2020-04-02,US,48,48,TX,48215,48215,62,0,0
2020-04-02,US,48,48,TX,48217,48217,3,0,0
2020-04-02,US,48,48,TX,48219,48219,7,0,0
2020-04-02,US,48,48,TX,48221,48221,6,0,0
2020-04-02,US,48,48,TX,48223,48223,3,0,0
2020-04-02,US,48,48,TX,48231,48231,4,0,0
2020-04-02,US,48,48,TX,48239,48239,2,0,0
2020-04-02,US,48,48,TX,48241,48241,2,0,0
2020-04-02,US,48,48,TX,48245,48245,31,1,0
2020-04-02,US,48,48,TX,48249,48249,1,0,0
2020-04-02,US,48,48,TX,48251,48251,17,1,0
2020-04-02,US,48,48,TX,48255,48255,2,0,0
2020-04-02,US,48,48,TX,48257,48257,5,0,0
2020-04-02,US,48,48,TX,48259,48259,8,0,0
2020-04-02,US,48,48,TX,48265,48265,1,0,0
2020-04-02,US,48,48,TX,48273,48273,2,0,0
2020-04-02,US,48,48,TX,48277,48277,3,0,0
2020-04-02,US,48,48,TX,48279,48279,1,0,0
2020-04-02,US,48,48,TX,48285,48285,1,0,0
2020-04-02,US,48,48,TX,48287,48287,1,0,0
2020-04-02,US,48,48,TX,48289,48289,2,0,0
2020-04-02,US,48,48,TX,48291,48291,3,0,0
2020-04-02,US,48,48,TX,48293,48293,3,0,0
2020-04-02,US,48,48,TX,48297,48297,3,0,0
2020-04-02,US,48,48,TX,48299,48299,3,0,0
2020-04-02,US,48,48,TX,48303,48303,108,2,0
2020-04-02,US,48,48,TX,48305,48305,3,0,0
2020-04-02,US,48,48,TX,48309,48309,48,1,0
2020-04-02,US,48,48,TX,48317,48317,1,0,0
2020-04-02,US,48,48,TX,48321,48321,32,1,0
2020-04-02,US,48,48,TX,48323,48323,3,0,0
2020-04-02,US,48,48,TX,48325,48325,3,0,0
2020-04-02,US,48,48,TX,48329,48329,16,1,0
2020-04-02,US,48,48,TX,48331,48331,2,0,0
2020-04-02,US,48,48,TX,48337,48337,1,0,0
2020-04-02,US,48,48,TX,48339,48339,119,3,0
2020-04-02,US,48,48,TX,48341,48341,6,0,0
2020-04-02,US,48,48,TX,48343,48343,1,0,0
2020-04-02,US,48,48,TX,48347,48347,5,0,0
2020-04-02,US,48,48,TX,48349,48349,4,0,0
2020-04-02,US,48,48,TX,48351,48351,1,0,0
2020-04-02,US,48,48,TX,48355,48355,40,0,0
2020-04-02,US,48,48,TX,48359,48359,2,1,0
2020-04-02,US,48,48,TX,48361,48361,7,0,0
2020-04-02,US,48,48,TX,48363,48363,1,0,0
2020-04-02,US,48,48,TX,48365,48365,3,0,0
2020-04-02,US,48,48,TX,48367,48367,4,0,0
2020-04-02,US,48,48,TX,48373,48373,4,0,0
2020-04-02,US,48,48,TX,48375,48375,16,0,0
2020-04-02,US,48,48,TX,48381,48381,17,0,0
2020-04-02,US,48,48,TX,48395,48395,2,0,0
2020-04-02,US,48,48,TX,48397,48397,10,0,0
2020-04-02,US,48,48,TX,48401,48401,6,0,0
2020-04-02,US,48,48,TX,48405,48405,1,0,0
2020-04-02,US,48,48,TX,48407,48407,1,0,0
2020-04-02,US,48,48,TX,48409,48409,2,0,0
2020-04-02,US,48,48,TX,48419,48419,4,0,0
2020-04-02,US,48,48,TX,48423,48423,42,1,0
2020-04-02,US,48,48,TX,48427,48427,5,0,0
2020-04-02,US,48,48,TX,48437,48437,1,0,0
2020-04-02,US,48,48,TX,48439,48439,240,10,0
2020-04-02,US,48,48,TX,48441,48441,18,0,0
2020-04-02,US,48,48,TX,48445,48445,4,0,0
2020-04-02,US,48,48,TX,48451,48451,10,0,0
2020-04-02,US,48,48,TX,48453,48453,351,3,0
2020-04-02,US,48,48,TX,48457,48457,0,0,0
2020-04-02,US,48,48,TX,48459,48459,3,0,0
2020-04-02,US,48,48,TX,48463,48463,4,0,0
2020-04-02,US,48,48,TX,48465,48465,5,0,0
2020-04-02,US,48,48,TX,48467,48467,3,1,0
2020-04-02,US,48,48,TX,48469,48469,20,0,0
2020-04-02,US,48,48,TX,48471,48471,7,0,0
2020-04-02,US,48,48,TX,48473,48473,5,0,0
2020-04-02,US,48,48,TX,48477,48477,17,0,0
2020-04-02,US,48,48,TX,48479,48479,63,5,0
2020-04-02,US,48,48,TX,48481,48481,9,0,0
2020-04-02,US,48,48,TX,48485,48485,43,0,0
2020-04-02,US,48,48,TX,48489,48489,3,0,0
2020-04-02,US,48,48,TX,48491,48491,63,1,0
2020-04-02,US,48,48,TX,48493,48493,5,0,0
2020-04-02,US,48,48,TX,48497,48497,3,0,0
2020-04-02,US,48,48,TX,48499,48499,1,0,0
2020-04-02,US,48,48,TX,48503,48503,3,0,0
2020-04-02,US,49,49,UT,49000,,75,1,0
2020-04-02,US,49,49,UT,49003,49003,7,0,0
2020-04-02,US,49,49,UT,49005,49005,7,0,0
2020-04-02,US,49,49,UT,49011,49011,103,1,0
2020-04-02,US,49,49,UT,49013,49013,1,0,0
2020-04-02,US,49,49,UT,49017,49017,1,0,0
2020-04-02,US,49,49,UT,49019,49019,1,0,0
2020-04-02,US,49,49,UT,49021,49021,7,0,0
2020-04-02,US,49,49,UT,49025,49025,1,0,0
2020-04-02,US,49,49,UT,49035,49035,476,4,0
2020-04-02,US,49,49,UT,49037,49037,11,0,0
2020-04-02,US,49,49,UT,49043,49043,204,0,0
2020-04-02,US,49,49,UT,49045,49045,13,0,0
2020-04-02,US,49,49,UT,49047,49047,1,0,0
2020-04-02,US,49,49,UT,49049,49049,105,0,0
2020-04-02,US,49,49,UT,49051,49051,61,0,0
2020-04-02,US,49,49,UT,49053,49053,18,1,0
2020-04-02,US,50,50,VT,50000,,5,12,0
2020-04-02,US,50,50,VT,50001,50001,26,0,0
2020-04-02,US,50,50,VT,50003,50003,17,0,0
2020-04-02,US,50,50,VT,50005,50005,4,0,0
2020-04-02,US,50,50,VT,50007,50007,177,4,0
2020-04-02,US,50,50,VT,50011,50011,16,0,0
2020-04-02,US,50,50,VT,50015,50015,14,0,0
2020-04-02,US,50,50,VT,50017,50017,4,0,0
2020-04-02,US,50,50,VT,50019,50019,7,0,0
2020-04-02,US,50,50,VT,50021,50021,12,0,0
2020-04-02,US,50,50,VT,50023,50023,18,0,0
2020-04-02,US,50,50,VT,50025,50025,18,0,0
2020-04-02,US,50,50,VT,50027,50027,20,1,0
2020-04-02,US,51,51,VA,51000,,13,26,0
2020-04-02,US,51,51,VA,51001,51001,10,0,0
2020-04-02,US,51,51,VA,51003,51003,23,0,0
2020-04-02,US,51,51,VA,51005,51005,2,0,0
2020-04-02,US,51,51,VA,51007,51007,4,0,0
2020-04-02,US,51,51,VA,51009,51009,6,0,0
2020-04-02,US,51,51,VA,51013,51013,128,2,0
2020-04-02,US,51,51,VA,51015,51015,2,0,0
2020-04-02,US,51,51,VA,51019,51019,3,0,0
2020-04-02,US,51,51,VA,51023,51023,8,0,0
2020-04-02,US,51,51,VA,51025,51025,1,0,0
2020-04-02,US,51,51,VA,51029,51029,2,0,0
2020-04-02,US,51,51,VA,51031,51031,2,0,0
2020-04-02,US,51,51,VA,51035,51035,1,0,0
2020-04-02,US,51,51,VA,51036,51036,4,0,0
2020-04-02,US,51,51,VA,51041,51041,73,0,0
2020-04-02,US,51,51,VA,51043,51043,1,0,0
2020-04-02,US,51,51,VA,51047,51047,6,0,0
2020-04-02,US,51,51,VA,51049,51049,1,0,0
2020-04-02,US,51,51,VA,51059,51059,328,2,0
2020-04-02,US,51,51,VA,51061,51061,8,0,0
2020-04-02,US,51,51,VA,51065,51065,4,0,0
2020-04-02,US,51,51,VA,51067,51067,6,0,0
2020-04-02,US,51,51,VA,51069,51069,16,0,0
2020-04-02,US,51,51,VA,51073,51073,8,0,0
2020-04-02,US,51,51,VA,51075,51075,9,0,0
2020-04-02,US,51,51,VA,51079,51079,1,0,0
2020-04-02,US,51,51,VA,51081,51081,3,0,0
2020-04-02,US,51,51,VA,51083,51083,1,0,0
2020-04-02,US,51,51,VA,51085,51085,8,0,0
2020-04-02,US,51,51,VA,51087,51087,87,2,0
2020-04-02,US,51,51,VA,51089,51089,2,0,0
2020-04-02,US,51,51,VA,51093,51093,8,0,0
2020-04-02,US,51,51,VA,51095,51095,97,2,0
2020-04-02,US,51,51,VA,51097,51097,1,0,0
2020-04-02,US,51,51,VA,51099,51099,4,0,0
2020-04-02,US,51,51,VA,51101,51101,1,0,0
2020-04-02,US,51,51,VA,51103,51103,1,0,0
2020-04-02,US,51,51,VA,51105,51105,2,0,0
2020-04-02,US,51,51,VA,51107,51107,121,1,0
2020-04-02,US,51,51,VA,51109,51109,12,0,0
2020-04-02,US,51,51,VA,51113,51113,3,0,0
2020-04-02,US,51,51,VA,51115,51115,2,0,0
2020-04-02,US,51,51,VA,51117,51117,5,0,0
2020-04-02,US,51,51,VA,51121,51121,1,0,0
2020-04-02,US,51,51,VA,51125,51125,2,0,0
2020-04-02,US,51,51,VA,51127,51127,3,0,0
2020-04-02,US,51,51,VA,51131,51131,1,0,0
2020-04-02,US,51,51,VA,51133,51133,3,0,0
2020-04-02,US,51,51,VA,51135,51135,1,0,0
2020-04-02,US,51,51,VA,51137,51137,4,0,0
2020-04-02,US,51,51,VA,51139,51139,1,0,0
2020-04-02,US,51,51,VA,51143,51143,1,0,0
2020-04-02,US,51,51,VA,51145,51145,3,0,0
2020-04-02,US,51,51,VA,51147,51147,2,0,0
2020-04-02,US,51,51,VA,51149,51149,8,0,0
2020-04-02,US,51,51,VA,51153,51153,117,1,0
2020-04-02,US,51,51,VA,51161,51161,4,0,0
2020-04-02,US,51,51,VA,51163,51163,2,0,0
2020-04-02,US,51,51,VA,51165,51165,11,0,0
2020-04-02,US,51,51,VA,51171,51171,9,0,0
2020-04-02,US,51,51,VA,51173,51173,2,0,0
2020-04-02,US,51,51,VA,51175,51175,2,0,0
2020-04-02,US,51,51,VA,51177,51177,9,0,0
2020-04-02,US,51,51,VA,51179,51179,27,0,0
2020-04-02,US,51,51,VA,51181,51181,1,0,0
2020-04-02,US,51,51,VA,51183,51183,1,0,0
2020-04-02,US,51,51,VA,51185,51185,2,0,0
2020-04-02,US,51,51,VA,51187,51187,3,0,0
2020-04-02,US,51,51,VA,51191,51191,2,0,0
2020-04-02,US,51,51,VA,51197,51197,2,0,0
2020-04-02,US,51,51,VA,51199,51199,17,1,0
2020-04-02,US,51,51,VA,51510,51510,33,0,0
2020-04-02,US,51,51,VA,51520,51520,1,0,0
2020-04-02,US,51,51,VA,51540,51540,17,0,0
2020-04-02,US,51,51,VA,51550,51550,39,0,0
2020-04-02,US,51,51,VA,51580,51580,1,0,0
2020-04-02,US,51,51,VA,51590,51590,7,0,0
2020-04-02,US,51,51,VA,51600,51600,0,0,0
2020-04-02,US,51,51,VA,51620,51620,1,0,0
2020-04-02,US,51,51,VA,51630,51630,2,0,0
2020-04-02,US,51,51,VA,51640,51640,1,0,0
2020-04-02,US,51,51,VA,51650,51650,16,1,0
2020-04-02,US,51,51,VA,51660,51660,15,0,0
2020-04-02,US,51,51,VA,51670,51670,5,0,0
2020-04-02,US,51,51,VA,51680,51680,9,0,0
2020-04-02,US,51,51,VA,51685,51685,1,0,0
2020-04-02,US,51,51,VA,51700,51700,33,1,0
2020-04-02,US,51,51,VA,51710,51710,37,0,0
2020-04-02,US,51,51,VA,51730,51730,4,0,0
2020-04-02,US,51,51,VA,51735,51735,3,0,0
2020-04-02,US,51,51,VA,51740,51740,16,0,0
2020-04-02,US,51,51,VA,51750,51750,1,0,0
2020-04-02,US,51,51,VA,51760,51760,52,0,0
2020-04-02,US,51,51,VA,51770,51770,9,0,0
2020-04-02,US,51,51,VA,51775,51775,1,0,0
2020-04-02,US,51,51,VA,51800,51800,6,0,0
2020-04-02,US,51,51,VA,51810,51810,111,1,0
2020-04-02,US,51,51,VA,51820,51820,2,0,0
2020-04-02,US,51,51,VA,51830,51830,9,1,0
2020-04-02,US,51,51,VA,51840,51840,5,0,0
2020-04-02,US,53,53,WA,53000,,344,0,0
2020-04-02,US,53,53,WA,53001,53001,20,0,0
2020-04-02,US,53,53,WA,53005,53005,130,19,0
2020-04-02,US,53,53,WA,53007,53007,18,2,0
2020-04-02,US,53,53,WA,53009,53009,8,0,0
2020-04-02,US,53,53,WA,53011,53011,131,8,0
2020-04-02,US,53,53,WA,53013,53013,1,0,0
2020-04-02,US,53,53,WA,53015,53015,18,0,0
2020-04-02,US,53,53,WA,53017,53017,6,0,0
2020-04-02,US,53,53,WA,53019,53019,1,0,0
2020-04-02,US,53,53,WA,53021,53021,41,1,0
2020-04-02,US,53,53,WA,53025,53025,73,1,0
2020-04-02,US,53,53,WA,53027,53027,2,0,0
2020-04-02,US,53,53,WA,53029,53029,114,5,0
2020-04-02,US,53,53,WA,53031,53031,19,0,0
2020-04-02,US,53,53,WA,53033,53033,2656,204,0
2020-04-02,US,53,53,WA,53035,53035,83,0,0
2020-04-02,US,53,53,WA,53037,53037,10,0,0
2020-04-02,US,53,53,WA,53039,53039,9,1,0
2020-04-02,US,53,53,WA,53041,53041,10,0,0
2020-04-02,US,53,53,WA,53043,53043,1,0,0
2020-04-02,US,53,53,WA,53045,53045,11,0,0
2020-04-02,US,53,53,WA,53047,53047,3,0,0
2020-04-02,US,53,53,WA,53053,53053,498,10,0
2020-04-02,US,53,53,WA,53055,53055,6,0,0
2020-04-02,US,53,53,WA,53057,53057,143,4,0
2020-04-02,US,53,53,WA,53059,53059,1,0,0
2020-04-02,US,53,53,WA,53061,53061,1376,52,0
2020-04-02,US,53,53,WA,53063,53063,182,7,0
2020-04-02,US,53,53,WA,53065,53065,5,0,0
2020-04-02,US,53,53,WA,53067,53067,51,0,0
2020-04-02,US,53,53,WA,53071,53071,8,0,0
2020-04-02,US,53,53,WA,53073,53073,175,14,0
2020-04-02,US,53,53,WA,53075,53075,11,0,0
2020-04-02,US,53,53,WA,53077,53077,224,12,0
2020-04-02,US,54,54,WV,54000,,0,1,0
2020-04-02,US,54,54,WV,54001,54001,1,0,0
2020-04-02,US,54,54,WV,54003,54003,27,0,0
2020-04-02,US,54,54,WV,54011,54011,3,0,0
2020-04-02,US,54,54,WV,54025,54025,3,0,0
2020-04-02,US,54,54,WV,54029,54029,5,0,0
2020-04-02,US,54,54,WV,54031,54031,2,0,0
2020-04-02,US,54,54,WV,54033,54033,17,0,0
2020-04-02,US,54,54,WV,54035,54035,11,0,0
2020-04-02,US,54,54,WV,54037,54037,12,0,0
2020-04-02,US,54,54,WV,54039,54039,39,0,0
2020-04-02,US,54,54,WV,54045,54045,4,0,0
2020-04-02,US,54,54,WV,54049,54049,10,1,0
2020-04-02,US,54,54,WV,54051,54051,4,0,0
2020-04-02,US,54,54,WV,54053,54053,3,0,0
2020-04-02,US,54,54,WV,54055,54055,3,0,0
2020-04-02,US,54,54,WV,54061,54061,35,0,0
2020-04-02,US,54,54,WV,54065,54065,1,0,0
2020-04-02,US,54,54,WV,54069,54069,10,0,0
2020-04-02,US,54,54,WV,54073,54073,1,0,0
2020-04-02,US,54,54,WV,54077,54077,3,0,0
2020-04-02,US,54,54,WV,54079,54079,5,0,0
2020-04-02,US,54,54,WV,54081,54081,3,0,0
2020-04-02,US,54,54,WV,54083,54083,2,0,0
2020-04-02,US,54,54,WV,54087,54087,2,0,0
2020-04-02,US,54,54,WV,54093,54093,3,0,0
2020-04-02,US,54,54,WV,54097,54097,1,0,0
2020-04-02,US,54,54,WV,54103,54103,2,0,0
2020-04-02,US,54,54,WV,54105,54105,1,0,0
2020-04-02,US,54,54,WV,54107,54107,3,0,0
2020-04-02,US,55,55,WI,55000,,0,5,0
2020-04-02,US,55,55,WI,55001,55001,1,0,0
2020-04-02,US,55,55,WI,55003,55003,1,0,0
2020-04-02,US,55,55,WI,55007,55007,3,0,0
2020-04-02,US,55,55,WI,55009,55009,17,0,0
2020-04-02,US,55,55,WI,55011,55011,2,0,0
2020-04-02,US,55,55,WI,55015,55015,3,0,0
2020-04-02,US,55,55,WI,55017,55017,11,0,0
2020-04-02,US,55,55,WI,55019,55019,6,0,0
2020-04-02,US,55,55,WI,55021,55021,15,0,0
2020-04-02,US,55,55,WI,55023,55023,1,0,0
2020-04-02,US,55,55,WI,55025,55025,238,3,0
2020-04-02,US,55,55,WI,55027,55027,13,0,0
2020-04-02,US,55,55,WI,55029,55029,2,0,0
2020-04-02,US,55,55,WI,55031,55031,7,0,0
2020-04-02,US,55,55,WI,55033,55033,3,0,0
2020-04-02,US,55,55,WI,55035,55035,14,0,0
2020-04-02,US,55,55,WI,55039,55039,28,2,0
2020-04-02,US,55,55,WI,55043,55043,2,0,0
2020-04-02,US,55,55,WI,55045,55045,7,0,0
2020-04-02,US,55,55,WI,55049,55049,3,0,0
2020-04-02,US,55,55,WI,55051,55051,1,1,0
2020-04-02,US,55,55,WI,55053,55053,2,0,0
2020-04-02,US,55,55,WI,55055,55055,12,0,0
2020-04-02,US,55,55,WI,55057,55057,4,0,0
2020-04-02,US,55,55,WI,55059,55059,67,0,0
2020-04-02,US,55,55,WI,55063,55063,19,0,0
2020-04-02,US,55,55,WI,55073,55073,8,0,0
2020-04-02,US,55,55,WI,55075,55075,2,0,0
2020-04-02,US,55,55,WI,55077,55077,2,0,0
2020-04-02,US,55,55,WI,55078,55078,1,0,0
2020-04-02,US,55,55,WI,55079,55079,869,16,0
2020-04-02,US,55,55,WI,55081,55081,3,0,0
2020-04-02,US,55,55,WI,55083,55083,1,0,0
2020-04-02,US,55,55,WI,55085,55085,3,0,0
2020-04-02,US,55,55,WI,55087,55087,14,0,0
2020-04-02,US,55,55,WI,55089,55089,47,5,0
2020-04-02,US,55,55,WI,55093,55093,7,0,0
2020-04-02,US,55,55,WI,55097,55097,2,0,0
2020-04-02,US,55,55,WI,55101,55101,35,0,0
2020-04-02,US,55,55,WI,55103,55103,2,0,0
2020-04-02,US,55,55,WI,55105,55105,19,1,0
2020-04-02,US,55,55,WI,55109,55109,6,0,0
2020-04-02,US,55,55,WI,55111,55111,16,2,0
2020-04-02,US,55,55,WI,55117,55117,16,0,0
2020-04-02,US,55,55,WI,55121,55121,1,0,0
2020-04-02,US,55,55,WI,55125,55125,3,0,0
2020-04-02,US,55,55,WI,55127,55127,15,0,0
2020-04-02,US,55,55,WI,55131,55131,46,1,0
2020-04-02,US,55,55,WI,55133,55133,120,1,0
2020-04-02,US,55,55,WI,55135,55135,2,1,0
2020-04-02,US,55,55,WI,55139,55139,24,0,0
2020-04-02,US,55,55,WI,55141,55141,2,0,0
2020-04-02,US,56,56,WY,56000,,0,0,0
2020-04-02,US,56,56,WY,56001,56001,3,0,0
2020-04-02,US,56,56,WY,56005,56005,6,0,0
2020-04-02,US,56,56,WY,56007,56007,3,0,0
2020-04-02,US,56,56,WY,56009,56009,2,0,0
2020-04-02,US,56,56,WY,56013,56013,26,0,0
2020-04-02,US,56,56,WY,56015,56015,1,0,0
2020-04-02,US,56,56,WY,56019,56019,8,0,0
2020-04-02,US,56,56,WY,56021,56021,36,0,0
2020-04-02,US,56,56,WY,56025,56025,19,0,0
2020-04-02,US,56,56,WY,56029,56029,1,0,0
2020-04-02,US,56,56,WY,56033,56033,10,0,0
2020-04-02,US,56,56,WY,56035,56035,1,0,0
2020-04-02,US,56,56,WY,56037,56037,3,0,0
2020-04-02,US,56,56,WY,56039,56039,29,0,0
2020-04-02,US,56,56,WY,56041,56041,1,0,0
2020-04-02,US,56,56,WY,56043,56043,1,0,0
2020-04-02,US,69,69,MP,69000,,6,1,0
2020-04-02,US,DP,,,DP000,,49,0,0
2020-04-02,US,GP,,,GP000,,103,3,0
2020-04-02,US,RC,,,RC000,,0,0,9001
