DATE,TOTAL_CASES,NEW_CASES,TOTAL_CONFIRMED,NEW_CONFIRMED,TOTAL_PROBABLE,NEW_PROBABLE,POS_TESTS,NEG_TESTS,TOTAL_TESTS,NEW_TESTS,NEW_DEATHS,TOTAL_DEATHS,NEW_ACTIVE,TOTAL_ACTIVE,NEW_INACTIVE_RECOVERED,TOTAL_INACTIVE_RECOVERED,NEW_HOSP,TOTAL_HOSP,TOTAL_DEATHS_BY_DOD,NEW_DEATHS_BY_DOD
05-18-21,859281,590,708250,394,151031,196,816104,7045600,7861704,10702,14,12353,-253,6987,829,839941,7,21699,12344,3
05-17-21,858691,664,707856,393,150835,271,815657,7035345,7851002,9145,12,12339,-300,7240,952,839112,9,21692,12341,7
05-16-21,858027,278,707463,200,150564,78,815187,7026670,7841857,5296,4,12327,-251,7540,525,838160,11,21683,12334,6
05-15-21,857749,401,707263,291,150486,110,814932,7021629,7836561,8617,1,12323,-208,7791,608,837635,9,21672,12328,3
05-14-21,857348,810,706972,581,150376,229,814544,7013400,7827944,12093,10,12322,68,7999,732,837027,24,21663,12325,9
05-13-21,856538,713,706391,470,150147,243,813869,7001982,7815851,12397,7,12312,-172,7931,878,836295,11,21639,12316,4
05-12-21,855825,904,705921,662,149904,242,813312,6990142,7803454,17234,9,12305,-27,8103,922,835417,27,21628,12312,7
05-11-21,854921,848,705259,616,149662,232,812491,6973729,7786220,11475,4,12296,-139,8130,983,834495,27,21601,12305,5
05-10-21,854073,629,704643,374,149430,255,811848,6962897,7774745,7515,16,12292,-570,8269,1183,833512,29,21574,12300,9
05-09-21,853444,376,704269,282,149175,94,811414,6955816,7767230,6855,19,12276,-334,8839,691,832329,18,21545,12291,7
05-08-21,853068,560,703987,395,149081,165,811088,6949287,7760375,10282,0,12257,-78,9173,638,831638,11,21527,12284,7
05-07-21,852508,1036,703592,732,148916,304,810581,6939512,7750093,15003,2,12257,75,9251,959,831000,22,21516,12277,7
05-06-21,851472,789,702860,541,148612,248,809724,6925366,7735090,11577,11,12255,-291,9176,1069,830041,22,21494,12270,9
05-05-21,850683,1209,702319,760,148364,449,809088,6914425,7723513,17621,16,12244,230,9467,963,828972,32,21472,12261,10
05-04-21,849474,854,701559,597,147915,257,808207,6897685,7705892,12173,11,12228,-306,9237,1149,828009,29,21440,12251,9
05-03-21,848620,656,700962,450,147658,206,807507,6886212,7693719,8387,13,12217,-642,9543,1285,826860,28,21411,12242,5
05-02-21,847964,499,700512,373,147452,126,806983,6878349,7685332,7365,1,12204,-227,10185,725,825575,20,21383,12237,10
05-01-21,847465,607,700139,444,147326,163,806542,6871425,7677967,10367,-1,12203,-136,10412,744,824850,22,21363,12227,7
04-30-21,846858,1074,699695,770,147163,304,806039,6861561,7667600,14984,7,12204,9,10548,1058,824106,27,21341,12220,10
04-29-21,845784,1029,698925,681,146859,348,805166,6847450,7652616,14649,9,12197,-118,10539,1138,823048,27,21314,12210,9
04-28-21,844755,1194,698244,858,146511,336,804385,6833582,7637967,20540,17,12188,-97,10657,1274,821910,43,21287,12201,9
04-27-21,843561,1159,697386,710,146175,449,803386,6814041,7617427,13783,8,12171,-84,10754,1235,820636,43,21244,12192,12
04-26-21,842402,1092,696676,713,145726,379,802585,6801059,7603644,9832,11,12163,-376,10838,1457,819401,26,21201,12180,11
04-25-21,841310,552,695963,425,145347,127,801794,6792018,7593812,8248,6,12152,-273,11214,819,817944,25,21175,12169,7
04-24-21,840758,752,695538,564,145220,188,801279,6784285,7585564,13047,0,12146,-175,11487,927,817125,30,21150,12162,7
04-23-21,840006,955,694974,691,145032,264,800631,6771886,7572517,14911,4,12146,-218,11662,1169,816198,22,21120,12155,5
04-22-21,839051,1849,694283,1039,144768,810,799785,6757821,7557606,22085,12,12142,551,11880,1286,815029,31,21098,12150,12
04-21-21,837202,1393,693244,946,143958,447,798593,6736928,7535521,17944,19,12130,129,11329,1245,813743,21,21067,12138,15
04-20-21,835809,1113,692298,915,143511,198,797531,6720046,7517577,13985,15,12111,-242,11200,1340,812498,45,21046,12123,7
04-19-21,834696,848,691383,549,143313,299,796546,6707046,7503592,9282,15,12096,-681,11442,1514,811158,37,21001,12116,11
04-18-21,833848,562,690834,481,143014,81,795932,6698378,7494310,8187,17,12081,-161,12123,706,809644,16,20964,12105,10
04-17-21,833286,706,690353,574,142933,132,795353,6690770,7486123,11807,1,12064,-77,12284,782,808938,17,20948,12095,10
04-16-21,832580,4217,689779,3995,142801,222,794682,6679634,7474316,35546,14,12063,3247,12361,956,808156,37,20931,12085,6
04-15-21,828363,1377,685784,1001,142579,376,789981,6648789,7438770,18283,8,12049,158,9114,1211,807200,33,20894,12079,12
04-14-21,826986,1807,684783,1337,142203,470,788875,6631612,7420487,24938,9,12041,652,8956,1146,805989,36,20861,12067,11
04-13-21,825179,1139,683446,707,141733,432,787348,6608201,7395549,10970,10,12032,-96,8304,1225,804843,33,20825,12056,11
04-12-21,824040,1232,682739,882,141301,350,786590,6597989,7384579,9378,7,12022,-151,8400,1376,803618,30,20792,12045,15
04-11-21,822808,655,681857,461,140951,194,785593,6589608,7375201,7668,3,12015,-186,8551,838,802242,21,20762,12030,5
04-10-21,822153,873,681396,606,140757,267,785072,6582461,7367533,12240,8,12012,123,8737,742,801404,24,20741,12025,10
04-09-21,821280,1338,680790,1043,140490,295,784335,6570958,7355293,16481,3,12004,215,8614,1120,800662,35,20717,12015,13
04-08-21,819942,1150,679747,782,140195,368,783188,6555624,7338812,15056,4,12001,-50,8399,1196,799542,22,20682,12002,5
04-07-21,818792,1586,678965,1189,139827,397,782299,6541457,7323756,21235,21,11997,328,8449,1237,798346,34,20660,11997,8
04-06-21,817206,1337,677776,884,139430,453,780991,6521530,7302521,14562,9,11976,68,8121,1260,797109,26,20626,11989,5
04-05-21,815869,892,676892,516,138977,376,779984,6507975,7287959,6198,38,11967,-619,8053,1473,795849,42,20600,11984,10
04-04-21,814977,552,676376,415,138601,137,779430,6502331,7281761,9622,7,11929,-262,8672,807,794376,10,20558,11974,16
04-03-21,814425,896,675961,637,138464,259,778929,6493210,7272139,10432,0,11922,9,8934,887,793569,17,20548,11958,14
04-02-21,813529,1067,675324,810,138205,257,778203,6483504,7261707,14204,1,11922,-65,8925,1131,792682,17,20531,11944,11
04-01-21,812462,1254,674514,901,137948,353,777249,6470254,7247503,14416,6,11921,-191,8990,1439,791551,18,20514,11933,7
03-31-21,811208,1869,673613,1196,137595,673,776254,6456833,7233087,22840,11,11915,593,9181,1265,790112,29,20496,11926,11
03-30-21,809339,1193,672417,879,136922,314,774868,6435379,7210247,14242,10,11904,-101,8588,1284,788847,34,20467,11915,9
03-29-21,808146,1192,671538,615,136608,577,773845,6422160,7196005,8855,29,11894,-287,8689,1450,787563,25,20433,11906,6
03-28-21,806954,815,670923,566,136031,249,773104,6414046,7187150,10826,13,11865,-46,8976,848,786113,24,20408,11900,8
03-27-21,806139,814,670357,744,135782,70,772455,6403869,7176324,13029,11,11852,3,9022,800,785265,22,20384,11892,9
03-26-21,805325,998,669613,800,135712,198,771549,6391746,7163295,11726,25,11841,-240,9019,1213,784465,14,20362,11883,15
03-25-21,804327,1146,668813,871,135514,275,770697,6380872,7151569,16338,20,11816,-107,9259,1233,783252,35,20348,11868,6
03-24-21,803181,1610,667942,1279,135239,331,769716,6365515,7135231,21274,4,11796,381,9366,1225,782019,28,20313,11862,6
03-23-21,801571,1173,666663,723,134908,450,768353,6345604,7113957,14489,45,11792,-130,8985,1258,780794,33,20285,11856,12
03-22-21,800398,1267,665940,808,134458,459,767540,6331928,7099468,9718,34,11747,-54,9115,1287,779536,35,20252,11844,13
03-21-21,799131,757,665132,562,133999,195,766610,6323140,7089750,8881,8,11713,-9,9169,758,778249,7,20217,11831,13
03-20-21,798374,755,664570,518,133804,237,765989,6314880,7080869,9696,4,11705,-24,9178,775,777491,17,20210,11818,7
03-19-21,797619,1943,664052,1287,133567,656,765432,6305741,7071173,22137,28,11701,758,9202,1157,776716,32,20193,11811,11
03-18-21,795676,1415,662765,966,132911,449,764016,6285020,7049036,18715,23,11673,277,8444,1115,775559,42,20161,11800,14
03-17-21,794261,1073,661799,826,132462,247,762896,6267425,7030321,15441,8,11650,-81,8167,1146,774444,24,20119,11786,19
03-16-21,793188,1939,660973,1248,132215,691,761996,6252884,7014880,19037,12,11642,727,8248,1200,773298,50,20095,11767,9
03-15-21,791249,903,659725,498,131524,405,760551,6235292,6995843,5278,11,11630,-247,7521,1139,772098,24,20045,11758,8
03-14-21,790346,663,659227,461,131119,202,760003,6230562,6990565,8041,0,11619,-91,7768,754,770959,17,20021,11750,15
03-13-21,789683,1486,658766,802,130917,684,759447,6223077,6982524,16650,-12,11619,604,7859,894,770205,22,20004,11735,12
03-12-21,788197,1114,657964,841,130233,273,758511,6207363,6965874,13855,16,11631,-17,7255,1115,769311,13,19982,11723,19
03-11-21,787083,1368,657123,923,129960,445,757508,6194511,6952019,19248,17,11615,171,7272,1180,768196,15,19969,11704,12
03-10-21,785715,1602,656200,1136,129515,466,756479,6176292,6932771,23679,18,11598,303,7101,1281,767016,30,19954,11692,25
03-09-21,784113,1350,655064,806,129049,544,755202,6153890,6909092,17107,32,11580,-37,6798,1355,765735,24,19924,11667,21
03-08-21,782763,1089,654258,677,128505,412,754252,6137733,6891985,7646,9,11548,-554,6835,1634,764380,15,19900,11646,26
03-07-21,781674,753,653581,473,128093,280,753478,6130861,6884339,7138,4,11539,-200,7389,949,762746,9,19885,11620,23
03-06-21,780921,1237,653108,843,127813,394,752902,6124299,6877201,18288,9,11535,173,7589,1055,761797,20,19876,11597,20
03-05-21,779684,1227,652265,780,127419,447,751875,6107038,6858913,14118,33,11526,-68,7416,1262,760742,14,19856,11577,19
03-04-21,778457,1609,651485,1066,126972,543,750959,6093836,6844795,25299,42,11493,570,7484,997,759480,27,19842,11558,18
03-03-21,776848,1309,650419,883,126429,426,749667,6069829,6819496,18081,23,11451,18,6914,1268,758483,22,19815,11540,23
03-02-21,775539,1552,649536,983,126003,569,748634,6052781,6801415,16000,15,11428,529,6896,1008,757215,32,19793,11517,11
03-01-21,773987,569,648553,359,125434,210,747461,6037954,6785415,3825,10,11413,-432,6367,991,756207,16,19761,11506,14
02-28-21,773418,841,648194,582,125224,259,747063,6034527,6781590,10209,18,11403,-69,6799,892,755216,11,19745,11492,13
02-27-21,772577,1438,647612,855,124965,583,746382,6024999,6771381,18087,16,11385,375,6868,1047,754324,23,19734,11479,16
02-26-21,771139,1131,646757,794,124382,337,745343,6007951,6753294,11961,56,11369,-560,6493,1635,753277,16,19711,11463,11
02-25-21,770008,1682,645963,1175,124045,507,744417,5996916,6741333,22429,55,11313,-97,7053,1724,751642,37,19695,11452,23
02-24-21,768326,1923,644788,1476,123538,447,743060,5975844,6718904,24678,68,11258,-40,7150,1895,749918,39,19658,11429,19
02-23-21,766403,1846,643312,1127,123091,719,741329,5952897,6694226,16868,45,11190,-375,7190,2176,748023,44,19619,11410,21
02-22-21,764557,1057,642185,601,122372,456,740087,5937271,6677358,6162,20,11145,-1276,7565,2313,745847,37,19575,11389,23
02-21-21,763500,872,641584,583,121916,289,739385,5931811,6671196,6860,18,11125,-273,8841,1127,743534,15,19538,11366,30
02-20-21,762628,1366,641001,836,121627,530,738683,5925653,6664336,12464,51,11107,-58,9114,1373,742407,31,19523,11336,20
02-19-21,761262,998,640165,643,121097,355,737769,5914103,6651872,6668,7,11056,-925,9172,1916,741034,37,19492,11316,29
02-18-21,760264,1486,639522,952,120742,534,737034,5908170,6645204,12981,72,11049,-646,10097,2060,739118,42,19455,11287,30
02-17-21,758778,932,638570,596,120208,336,735954,5896269,6632223,6597,31,10977,-1298,10743,2199,737058,16,19413,11257,38
02-16-21,757846,1232,637974,784,119872,448,735268,5890358,6625626,9891,17,10946,-1244,12041,2459,734859,30,19397,11219,31
02-15-21,756614,780,637190,454,119424,326,734378,5881357,6615735,6227,4,10929,-2025,13285,2801,732400,12,19367,11188,26
02-14-21,755834,1255,636736,899,119098,356,733851,5875657,6609508,13046,31,10925,-355,15310,1579,729599,23,19355,11162,31
02-13-21,754579,1678,635837,1121,118742,557,732802,5863660,6596462,19167,9,10894,14,15665,1655,728020,30,19332,11131,33
02-12-21,752901,1928,634716,1382,118185,546,731467,5845828,6577295,22324,81,10885,-394,15651,2241,726365,21,19302,11098,27
02-11-21,750973,2421,633334,1739,117639,682,729841,5825130,6554971,25278,81,10804,-274,16045,2614,724124,35,19281,11071,34
02-10-21,748552,2141,631595,1518,116957,623,727848,5801845,6529693,24637,100,10723,-578,16319,2619,721510,39,19246,11037,37
02-09-21,746411,2701,630077,1781,116334,920,726073,5778983,6505056,21681,65,10623,-585,16897,3221,718891,57,19207,11000,40
02-08-21,743710,1251,628296,787,115414,464,723937,5759438,6483375,6683,97,10558,-2325,17482,3479,715670,30,19150,10960,36
02-07-21,742459,1354,627509,940,114950,414,723021,5753671,6476692,12772,6,10461,-435,19807,1783,712191,27,19120,10924,26
02-06-21,741105,3663,626569,2593,114536,1070,721979,5741941,6463920,39411,58,10455,1597,20242,2008,710408,44,19093,10898,58
02-05-21,737442,2184,623976,1569,113466,615,718740,5705769,6424509,22740,203,10397,-769,18645,2750,708400,53,19049,10840,50
02-04-21,735258,2897,622407,2081,112851,816,716779,5684990,6401769,32437,169,10194,-545,19414,3273,705650,69,18996,10790,49
02-03-21,732361,3352,620326,2254,112035,1098,714426,5654906,6369332,27517,133,10025,33,19959,3186,702377,87,18927,10741,40
02-02-21,729009,1315,618072,837,110937,478,711854,5629961,6341815,6562,147,9892,-2880,19926,4048,699191,25,18840,10701,43
02-01-21,727694,1692,617235,1052,110459,640,710949,5624304,6335253,8145,103,9745,-1893,22806,3482,695143,50,18815,10658,51
01-31-21,726002,2176,616183,1382,109819,794,709798,5617310,6327108,17538,76,9642,-2,24699,2102,691661,48,18765,10607,48
01-30-21,723826,3524,614801,2946,109025,578,708070,5601500,6309570,38108,113,9566,805,24701,2606,689559,50,18717,10559,50
01-29-21,720302,1766,611855,1238,108447,528,704543,5566919,6271462,13890,44,9453,-1902,23896,3624,686953,36,18667,10509,55
01-28-21,718536,3963,610617,2019,107919,1944,703045,5554527,6257572,20462,101,9409,-355,25798,4217,683329,82,18631,10454,70
01-27-21,714573,2728,608598,2066,105975,662,700777,5536333,6237110,20356,154,9308,-1244,26153,3818,679112,59,18549,10384,62
01-26-21,711845,3140,606532,2322,105313,818,698488,5518266,6216754,22541,192,9154,-1938,27397,4886,675294,72,18490,10322,82
01-25-21,708705,1822,604210,1221,104495,601,695895,5498318,6194213,11641,111,8962,-3550,29335,5261,670408,52,18418,10240,76
01-24-21,706883,1599,602989,1308,103894,291,694517,5488055,6182572,13244,40,8851,-1656,32885,3215,665147,40,18366,10164,82
01-23-21,705284,4488,601681,3170,103603,1318,692995,5476333,6169328,38167,42,8811,1104,34541,3342,661932,88,18326,10082,73
01-22-21,700796,2638,598511,1967,102285,671,688946,5442215,6131161,21626,93,8769,-2522,33437,5067,658590,52,18238,10009,74
01-21-21,698158,4713,596544,3509,101614,1204,686663,5422872,6109535,31116,128,8676,-1950,35959,6535,653523,83,18186,9935,107
01-20-21,693445,3115,593035,2096,100410,1019,682711,5395708,6078419,19977,86,8548,-2776,37909,5805,646988,57,18103,9828,86
01-19-21,690330,4774,590939,2772,99391,2002,680263,5378179,6058442,22859,40,8462,-3160,40685,7894,641183,111,18046,9742,99
01-18-21,685556,1617,588167,1068,97389,549,676938,5358645,6035583,7863,39,8422,-7215,43845,8793,633289,42,17935,9643,80
01-17-21,683939,2569,587099,1875,96840,694,675847,5351873,6027720,15257,36,8383,-1884,51060,4417,624496,52,17893,9563,90
01-16-21,681370,6935,585224,5347,96146,1588,673779,5338684,6012463,46123,44,8347,1315,52944,5576,620079,122,17841,9473,89
01-15-21,674435,2761,579877,1813,94558,948,667257,5299083,5966340,14582,79,8303,-665,51629,3347,614503,58,17719,9384,90
01-14-21,671674,6158,578064,4797,93610,1361,665280,5286478,5951758,37431,84,8224,-281,52294,6355,611156,98,17661,9294,106
01-13-21,665516,4120,573267,2877,92249,1243,659722,5254605,5914327,20740,137,8140,-4022,52575,8005,604801,65,17563,9188,77
01-12-21,661396,4749,570390,3009,91006,1740,656712,5236875,5893587,20607,146,8003,-5994,56597,10597,596796,75,17498,9111,98
01-11-21,656647,3787,567381,2679,89266,1108,653457,5219523,5872980,14873,80,7857,-6338,62591,10045,586199,77,17423,9013,102
01-10-21,652860,5382,564702,3698,88158,1684,650524,5207583,5858107,29949,81,7777,1031,68929,4270,576154,84,17346,8911,107
01-09-21,647478,7223,561004,5752,86474,1471,645909,5182249,5828158,39413,86,7696,2006,67898,5131,571884,88,17262,8804,89
01-08-21,640255,6054,555252,4577,85003,1477,639202,5149543,5788745,33878,126,7610,4241,65892,1687,566753,96,17174,8715,118
01-07-21,634201,7345,550675,6305,83526,1040,633223,5121644,5754867,33694,111,7484,3156,61651,4078,565066,99,17078,8597,91
01-06-21,626856,7363,544370,5162,82486,2201,626854,5094319,5721173,28876,114,7373,442,58495,6807,560988,129,16979,8506,115
01-05-21,619493,8409,539208,5142,80285,3267,621322,5070975,5692297,25831,99,7259,-775,58053,9085,554181,129,16850,8391,115
01-04-21,611084,4054,534066,3003,77018,1051,615995,5050471,5666466,10897,143,7160,-4616,58828,8527,545096,67,16721,8276,107
01-03-21,607030,3515,531063,2375,75967,1140,613017,5042552,5655569,12412,55,7017,-260,63444,3720,536569,56,16654,8169,103
01-02-21,603515,7202,528688,5733,74827,1469,610568,5032589,5643157,30051,15,6962,3112,63704,4075,532849,99,16598,8066,86
01-01-21,596313,6683,522955,5229,73358,1454,603992,5009114,5613106,28068,48,6947,-399,60592,7034,528774,76,16499,7980,98
12-31-20,589630,9175,517726,7235,71904,1940,598385,4986653,5585038,35514,97,6899,1923,60991,7155,521740,74,16423,7882,99
12-30-20,580455,6703,510491,4532,69964,2171,590300,4959224,5549524,22252,100,6802,-715,59068,7318,514585,81,16349,7783,99
12-29-20,573752,8082,505959,4952,67793,3130,585356,4941916,5527272,23337,122,6702,42,59783,7918,507267,115,16268,7684,98
12-28-20,565670,3549,501007,2632,64663,917,580031,4923904,5503935,10183,76,6580,-6629,59741,10102,499349,78,16153,7586,89
12-27-20,562121,3379,498375,2294,63746,1085,577179,4916573,5493752,13197,69,6504,-456,66370,3766,489247,76,16075,7497,87
12-26-20,558742,4890,496081,3547,62661,1343,574393,4906162,5480555,21744,7,6435,828,66826,4055,485481,86,15999,7410,92
12-25-20,553852,6630,492534,5438,61318,1192,570511,4888300,5458811,33416,5,6428,-604,65998,7229,481426,54,15913,7318,80
12-24-20,547222,6646,487096,5030,60126,1616,564480,4860915,5425395,32448,51,6423,-569,66602,7164,474197,46,15859,7238,106
12-23-20,540576,6097,482066,3970,58510,2127,558753,4834194,5392947,26396,111,6372,-1371,67171,7357,467033,84,15813,7132,97
12-22-20,534479,6911,478096,4714,56383,2197,554176,4812375,5366551,29089,133,6261,-860,68542,7638,459676,125,15729,7035,109
12-21-20,527568,5824,473382,4380,54186,1444,548894,4788568,5337462,26619,65,6128,-3978,69402,9737,452038,83,15604,6926,104
12-20-20,521744,9998,469002,8345,52742,1653,543999,4766844,5310843,61064,54,6063,6415,73380,3529,442301,106,15521,6822,101
12-19-20,511746,7078,460657,6035,51089,1043,534434,4715345,5249779,41320,57,6009,3170,66965,3851,438772,70,15415,6721,93
12-18-20,504668,8300,454622,7012,50046,1288,527032,4681427,5208459,40591,115,5952,1867,63795,6318,434921,93,15345,6628,96
12-17-20,496368,10223,447610,8115,48758,2108,519588,4648280,5167868,44541,177,5837,3178,61928,6868,428603,115,15252,6532,92
12-16-20,486145,9377,439495,6521,46650,2856,510921,4612406,5123327,35802,53,5660,2292,58750,7032,421735,145,15137,6440,85
12-15-20,476768,11904,432974,10385,43794,1519,503803,4583722,5087525,65213,74,5607,4652,56458,7178,414703,158,14992,6355,66
12-14-20,464864,7985,422589,6910,42275,1075,492096,4530216,5022312,42299,79,5533,-2530,51806,10436,407525,112,14834,6289,76
12-13-20,456879,11295,415679,9908,41200,1387,484327,4495686,4980013,68968,62,5454,7813,54336,3420,397089,125,14722,6213,85
12-12-20,445584,8984,405771,7345,39813,1639,473254,4437791,4911045,47610,73,5392,5081,46523,3830,393669,136,14597,6128,80
12-11-20,436600,6081,398426,5144,38174,937,464958,4398477,4863435,32160,87,5319,1740,41442,4254,389839,116,14461,6048,68
12-10-20,430519,8935,393282,7807,37237,1128,459341,4371934,4831275,52301,69,5232,7598,39702,1268,385585,122,14345,5980,75
12-09-20,421584,5825,385475,5138,36109,687,450542,4328432,4778974,27607,62,5163,153,32104,5610,384317,100,14223,5905,62
12-08-20,415759,8105,380337,7025,35422,1080,444907,4306460,4751367,45064,100,5101,2331,31951,5674,378707,105,14123,5843,79
12-07-20,407654,7162,373312,6155,34342,1007,437197,4269106,4706303,35777,66,5001,-730,29620,7826,373033,87,14018,5764,72
12-06-20,400492,4061,367157,3420,33335,641,430523,4240003,4670526,19691,38,4935,1162,30350,2861,365207,46,13931,5692,86
12-05-20,396431,3073,363737,2522,32694,551,426779,4224056,4650835,15628,29,4897,9,29188,3035,362346,51,13885,5606,78
12-04-20,393358,5393,361215,4316,32143,1077,424099,4211108,4635207,27000,95,4868,-326,29179,5624,359311,94,13834,5528,83
12-03-20,387965,4821,356899,4010,31066,811,419249,4188958,4608207,25638,93,4773,581,29505,4147,353687,81,13740,5445,72
12-02-20,383144,2515,352889,2121,30255,394,414774,4167795,4582569,11857,50,4680,-2567,28924,5032,349540,61,13659,5373,67
12-01-20,380629,6708,350768,5709,29861,999,412616,4158096,4570712,36181,36,4630,1056,31491,5616,344508,110,13598,5306,68
11-30-20,373921,6009,345059,5434,28862,575,406468,4128063,4534531,40762,48,4594,-1181,30435,7142,338892,89,13488,5238,80
11-29-20,367912,5543,339625,5113,28287,430,400470,4093299,4493769,37941,13,4546,2509,31616,3021,331750,72,13399,5158,58
11-28-20,362369,4732,334512,4104,27857,628,394743,4061085,4455828,31937,15,4533,1636,29107,3081,328729,75,13327,5100,62
11-27-20,357637,5440,330408,4848,27229,592,390147,4033744,4423891,32649,7,4518,417,27471,5016,325648,81,13252,5038,80
11-26-20,352197,5302,325560,4940,26637,362,384585,4006657,4391242,52393,53,4511,-439,27054,5688,320632,60,13171,4958,47
11-25-20,346895,2183,320620,1582,26275,601,378699,3960150,4338849,12062,92,4458,-2389,27493,4480,314944,91,13111,4911,64
11-24-20,344712,2060,319038,1522,25674,538,377252,3949535,4326787,10738,73,4366,-3444,29882,5431,310464,91,13020,4847,66
11-23-20,342652,2214,317516,1853,25136,361,375744,3940305,4316049,11119,35,4293,-4682,33326,6861,305033,70,12929,4781,69
11-22-20,340438,5567,315663,5064,24775,503,373872,3931058,4304930,43865,55,4258,2913,38008,2599,298172,111,12859,4712,59
11-21-20,334871,3429,310599,2908,24272,521,368173,3892892,4261065,25934,9,4203,802,35095,2618,295573,81,12748,4653,74
11-20-20,331442,4053,307691,3537,23751,516,365011,3870120,4235131,24343,74,4194,-38,34293,4017,292955,66,12667,4579,67
11-19-20,327389,3004,304154,2287,23235,717,361177,3849611,4210788,16864,80,4120,-1359,34331,4283,288938,81,12601,4512,57
11-18-20,324385,4045,301867,3055,22518,990,358742,3835182,4193924,24019,53,4040,-93,35690,4085,284655,96,12520,4455,43
11-17-20,320340,3507,298812,3183,21528,324,355288,3814617,4169905,21243,72,3987,-128,35783,3563,280570,66,12424,4412,68
11-16-20,316833,4656,295629,4245,21204,411,351724,3796938,4148662,35165,30,3915,-76,35911,4702,277007,78,12358,4344,51
11-15-20,312177,6473,291384,5859,20793,614,347068,3766429,4113497,55525,16,3885,4526,35987,1931,272305,111,12280,4293,48
11-14-20,305704,4900,285525,4462,20179,438,340448,3717524,4057972,38285,25,3869,3071,31461,1804,270374,85,12169,4245,60
11-13-20,300804,4375,281063,3755,19741,620,335422,3684265,4019687,27169,64,3844,1537,28390,2774,268570,70,12084,4185,43
11-12-20,296429,3147,277308,2576,19121,571,331419,3661099,3992518,19297,27,3780,410,26853,2710,265796,55,12014,4142,36
11-11-20,293282,3928,274732,3304,18550,624,328676,3644545,3973221,28176,89,3753,990,26443,2849,263086,72,11959,4106,50
11-10-20,289354,3033,271428,2493,17926,540,324839,3620206,3945045,25725,62,3664,93,25453,2878,260237,83,11887,4056,50
11-09-20,286321,2384,268935,2053,17386,331,322073,3597247,3919320,19717,15,3602,-882,25360,3251,257359,43,11804,4006,42
11-08-20,283937,5408,266882,4866,17055,542,319771,3579832,3899603,55008,5,3587,3588,26242,1815,254108,89,11761,3964,40
11-07-20,278529,4188,262016,3856,16513,332,314234,3530361,3844595,43216,49,3582,2265,22654,1874,252293,87,11672,3924,33
11-06-20,274341,3602,258160,3027,16181,575,309721,3491658,3801379,28584,32,3533,953,20389,2617,250419,62,11585,3891,47
11-05-20,270739,1405,255133,1110,15606,295,306351,3466444,3772795,10920,31,3501,-1315,19436,2689,247802,52,11523,3844,40
11-04-20,269334,2648,254023,2347,15311,301,305134,3456741,3761875,23447,24,3470,-168,20751,2792,245113,68,11471,3804,50
11-03-20,266686,3019,251676,2715,15010,304,302523,3435905,3738428,24953,75,3446,234,20919,2710,242321,54,11403,3754,45
11-02-20,263667,1903,248961,1779,14706,124,299466,3414009,3713475,16693,26,3371,-1340,20685,3217,239611,64,11349,3709,38
11-01-20,261764,2483,247182,2118,14582,365,297515,3399267,3696782,34033,0,3345,775,22025,1708,236394,64,11285,3671,32
10-31-20,259281,149,245064,137,14217,12,295016,3367733,3662749,807,12,3345,-1543,21250,1680,234686,2,11221,3639,29
10-30-20,259132,2405,244927,2186,14205,219,294877,3367065,3661942,22327,78,3333,90,22793,2237,233006,62,11219,3610,40
10-29-20,256727,2374,242741,2040,13986,334,292542,3347073,3639615,25465,22,3255,29,22703,2323,230769,66,11157,3570,38
10-28-20,254353,2678,240701,2391,13652,287,290246,3323904,3614150,23113,34,3233,138,22674,2506,228446,67,11091,3532,38
10-27-20,251675,2446,238310,2039,13365,407,287611,3303426,3591037,22843,44,3199,-15,22536,2417,225940,101,11024,3494,46
10-26-20,249229,1507,236271,1319,12958,188,285321,3282873,3568194,11258,32,3155,-1380,22551,2855,223523,45,10923,3448,31
10-25-20,247722,3085,234952,2897,12770,188,283873,3273063,3556936,35751,31,3123,1586,23931,1468,220668,82,10878,3417,42
10-24-20,244637,3609,232055,3313,12582,296,280395,3240790,3521185,39877,24,3092,1918,22345,1667,219200,85,10796,3375,45
10-23-20,241028,2655,228742,2404,12286,251,276576,3204732,3481308,29993,65,3068,503,20427,2087,217533,73,10711,3330,33
10-22-20,238373,3183,226338,2831,12035,352,273906,3177409,3451315,35909,41,3003,1133,19924,2009,215446,90,10638,3297,28
10-21-20,235190,1734,223507,1487,11683,247,270701,3144705,3415406,15344,18,2962,-531,18791,2247,213437,44,10548,3269,38
10-20-20,233456,1967,222020,1682,11436,285,268987,3131075,3400062,18700,30,2944,-77,19322,2014,211190,60,10504,3231,37
10-19-20,231489,2190,220338,1996,11151,194,266962,3114400,3381362,20251,13,2914,-175,19399,2352,209176,91,10444,3194,33
10-18-20,229299,2637,218342,2462,10957,175,264922,3096189,3361111,39722,6,2901,1327,19574,1304,206824,73,10353,3161,21
10-17-20,226662,2684,215880,2478,10782,206,262011,3059378,3321389,36781,32,2895,1307,18247,1345,205520,75,10280,3140,27
10-16-20,223978,1719,213402,1526,10576,193,259023,3025585,3284608,16346,7,2863,-138,16940,1850,204175,44,10205,3113,29
10-15-20,222259,1425,211876,1220,10383,205,257452,3010810,3268262,16242,36,2856,-326,17078,1715,202325,52,10161,3084,41
10-14-20,220834,2312,210656,2109,10178,203,256109,2995911,3252020,22128,31,2820,565,17404,1716,200610,68,10109,3043,37
10-13-20,218522,1544,208547,1268,9975,276,253900,2975992,3229892,16119,23,2789,-16,16839,1537,198894,54,10041,3006,36
10-12-20,216978,1232,207279,1049,9699,183,252458,2961315,3213773,15371,7,2766,-825,16855,2050,197357,43,9987,2970,36
10-11-20,215746,2950,206230,2748,9516,202,251254,2947148,3198402,42921,9,2759,1854,17680,1087,195307,92,9944,2934,28
10-10-20,212796,1886,203482,1778,9314,108,248100,2907381,3155481,29451,26,2750,836,15826,1024,194220,51,9852,2906,29
10-09-20,210910,1418,201704,1246,9206,172,246074,2879956,3126030,26240,27,2724,54,14990,1337,193196,41,9801,2877,26
10-08-20,209492,2003,200458,1813,9034,190,244665,2855125,3099790,25617,63,2697,537,14936,1403,191859,67,9760,2851,26
10-07-20,207489,1842,198645,1575,8844,267,242728,2831445,3074173,23391,21,2634,351,14399,1470,190456,74,9693,2825,28
10-06-20,205647,1999,197070,1700,8577,299,240985,2809797,3050782,25400,24,2613,447,14048,1528,188986,91,9619,2797,27
10-05-20,203648,2217,195370,2003,8278,214,239020,2786362,3025382,35566,20,2589,369,13601,1828,187458,90,9528,2770,25
10-04-20,201431,1820,193367,1666,8064,154,236524,2753292,2989816,38328,17,2569,885,13232,918,185630,67,9438,2745,29
10-03-20,199611,1356,191701,1244,7910,112,234335,2717153,2951488,29130,45,2552,341,12347,970,184712,44,9371,2716,18
10-02-20,198255,1206,190457,1065,7798,141,232740,2689618,2922358,15627,14,2507,-297,12006,1489,183742,43,9327,2698,22
10-01-20,197049,1149,189392,1008,7657,141,231454,2675277,2906731,18504,47,2493,-308,12303,1410,182253,51,9284,2676,21
09-30-20,195900,1429,188384,1253,7516,176,230265,2657962,2888227,13517,34,2446,-86,12611,1481,180843,36,9233,2655,26
09-29-20,194471,1191,187131,975,7340,216,228799,2645911,2874710,20750,31,2412,-293,12697,1453,179362,63,9197,2629,14
09-28-20,193280,678,186156,547,7124,131,227499,2626461,2853960,8424,12,2381,-1227,12990,1893,177909,32,9134,2615,26
09-27-20,192602,1367,185609,1277,6993,90,226787,2618749,2845536,29532,3,2369,436,14217,928,176016,54,9102,2589,24
09-26-20,191235,2122,184332,1980,6903,142,225240,2590764,2816004,44231,22,2366,1032,13781,1068,175088,60,9048,2565,23
09-25-20,189113,1345,182352,1246,6761,99,222757,2549016,2771773,26156,42,2344,-118,12749,1421,174020,48,8988,2542,23
09-24-20,187768,1400,181106,1231,6662,169,221239,2524378,2745617,27201,35,2302,-104,12867,1469,172599,51,8940,2519,20
09-23-20,186368,917,179875,799,6493,118,219727,2498689,2718416,9436,14,2267,-627,12971,1530,171130,25,8889,2499,28
09-22-20,185451,1645,179076,1422,6375,223,218793,2490187,2708980,25551,28,2253,-182,13598,1799,169600,56,8864,2471,20
09-21-20,183806,668,177654,522,6152,146,216894,2466535,2683429,7093,15,2225,-394,13780,1047,167801,40,8808,2451,20
09-20-20,183138,1029,177132,915,6006,114,216185,2460151,2676336,20447,2,2210,139,14174,888,166754,38,8768,2431,26
09-19-20,182109,2138,176217,2037,5892,101,214981,2440908,2655889,48406,20,2208,1214,14035,904,165866,82,8730,2405,18
09-18-20,179971,1504,174180,1333,5791,171,212469,2395014,2607483,30079,32,2188,-312,12821,1784,164962,49,8648,2387,28
09-17-20,178467,1827,172847,1686,5620,141,210774,2366630,2577404,27799,13,2156,427,13133,1387,163178,54,8599,2359,26
09-16-20,176640,1063,171161,926,5479,137,208730,2340875,2549605,16767,24,2143,-377,12706,1416,161791,41,8545,2333,21
09-15-20,175577,1911,170235,1686,5342,225,207537,2325301,2532838,34224,30,2119,308,13083,1573,160375,68,8504,2312,17
09-14-20,173666,1600,168549,1435,5117,165,205254,2293360,2498614,22960,19,2089,-74,12775,1655,158802,78,8436,2295,27
09-13-20,172066,1400,167114,1315,4952,85,203467,2272187,2475654,22930,14,2070,389,12849,997,157147,44,8358,2268,14
09-12-20,170666,1334,165799,1257,4867,77,201774,2250950,2452724,26745,39,2056,466,12460,829,156150,42,8314,2254,35
09-11-20,169332,1008,164542,894,4790,114,200120,2225859,2425979,14962,37,2017,-1370,11994,2341,155321,40,8272,2219,28
09-10-20,168324,2002,163648,1823,4676,179,199004,2212013,2411017,31629,57,1980,513,13364,1432,152980,76,8232,2191,23
09-09-20,166322,1153,161825,1046,4497,107,196767,2182621,2379388,17736,35,1923,-338,12851,1456,151548,56,8156,2168,23
09-08-20,165169,818,160779,708,4390,110,195421,2166231,2361652,13091,27,1888,-754,13189,1545,150092,47,8100,2145,25
09-07-20,164351,783,160071,736,4280,47,194564,2153997,2348561,8061,4,1861,-963,13943,1742,148547,33,8053,2120,17
09-06-20,163568,828,159335,775,4233,53,193427,2147073,2340500,12310,3,1857,-62,14906,887,146805,38,8020,2103,35
09-05-20,162740,2561,158560,2491,4180,70,192514,2135676,2328190,35069,25,1854,1527,14968,1009,145918,48,7982,2068,21
09-04-20,160179,1118,156069,1038,4110,80,189588,2103533,2293121,13467,22,1829,-158,13441,1254,144909,46,7934,2047,21
09-03-20,159061,1658,155031,1515,4030,143,188400,2091254,2279654,28417,18,1807,22,13599,1618,143655,56,7888,2026,22
09-02-20,157403,1190,153516,1082,3887,108,186503,2064734,2251237,16475,16,1789,-328,13577,1502,142037,53,7832,2004,23
09-01-20,156213,1700,152434,1536,3779,164,185262,2049500,2234762,22896,27,1773,117,13905,1556,140535,66,7779,1981,22
08-31-20,154513,1247,150898,1177,3615,70,183279,2028587,2211866,12933,7,1746,-350,13788,1590,138979,39,7713,1959,24
08-30-20,153266,1462,149721,1428,3545,34,181863,2017070,2198933,8728,22,1739,525,14138,915,137389,34,7674,1935,16
08-29-20,151804,1534,148293,1425,3511,109,180258,2009947,2190205,25360,24,1717,365,13613,1145,136474,51,7640,1919,25
08-28-20,150270,1128,146868,1074,3402,54,178470,1986375,2164845,12674,28,1693,-482,13248,1582,135329,43,7589,1894,23
08-27-20,149142,2334,145794,2211,3348,123,177197,1974974,2152171,37152,25,1665,903,13730,1406,133747,67,7546,1871,25
08-26-20,146808,1325,143583,1209,3225,116,174477,1940542,2115019,18262,20,1640,-397,12827,1702,132341,56,7479,1846,30
08-25-20,145483,1713,142374,1595,3109,118,172935,1923822,2096757,30311,40,1620,115,13224,1558,130639,68,7423,1816,24
08-24-20,143770,645,140779,532,2991,113,170933,1895513,2066446,7173,21,1580,-1405,13109,2029,129081,41,7355,1792,35
08-23-20,143125,815,140247,751,2878,64,170225,1889048,2059273,14428,4,1559,-206,14514,1017,127052,42,7314,1757,24
08-22-20,142310,2437,139496,2374,2814,63,169309,1875536,2044845,52017,14,1555,1242,14720,1181,126035,71,7272,1733,17
08-21-20,139873,528,137122,485,2751,43,166378,1826450,1992828,10322,61,1541,-1227,13478,1694,124854,31,7201,1716,20
08-20-20,139345,2446,136637,2272,2708,174,165816,1816690,1982506,42966,36,1480,752,14705,1658,123160,84,7170,1696,20
08-19-20,136899,1346,134365,1280,2534,66,163009,1776531,1939540,20200,26,1444,-541,13953,1861,121502,55,7086,1676,22
08-18-20,135553,1784,133085,1664,2468,120,161449,1757891,1919340,37973,39,1418,-206,14494,1951,119641,63,7031,1654,16
08-17-20,133769,854,131421,716,2348,138,158968,1722399,1881367,9314,21,1379,-1301,14700,2134,117690,57,6968,1638,19
08-16-20,132915,1410,130705,1383,2210,27,158091,1713962,1872053,20010,21,1358,304,16001,1085,115556,42,6911,1619,30
08-15-20,131505,1944,129322,1858,2183,86,156289,1695754,1852043,27240,19,1337,600,15697,1325,114471,60,6869,1589,29
08-14-20,129561,1385,127464,1303,2097,82,153771,1671032,1824803,15146,13,1318,-342,15097,1714,113146,47,6809,1560,22
08-13-20,128176,2529,126161,2430,2015,99,152130,1657527,1809657,36808,24,1305,585,15439,1920,111432,123,6762,1538,24
08-12-20,125647,1256,123731,1215,1916,41,148776,1624073,1772849,13615,18,1281,-763,14854,2001,109512,59,6639,1514,24
08-11-20,124391,1812,122516,1698,1875,114,147396,1611838,1759234,24276,38,1263,-170,15617,1944,107511,77,6580,1490,26
08-10-20,122579,904,120818,852,1761,52,145219,1589739,1734958,8470,10,1225,-1483,15787,2377,105567,71,6503,1464,29
08-09-20,121675,1575,119966,1547,1709,28,144240,1582248,1726488,17497,8,1215,460,17270,1107,103190,50,6432,1435,14
08-08-20,120100,2112,118419,2049,1681,63,142336,1566655,1708991,33931,9,1207,944,16810,1159,102083,56,6382,1421,21
08-07-20,117988,1797,116370,1745,1618,52,139702,1535358,1675060,18555,20,1198,103,15866,1674,100924,102,6326,1400,25
08-06-20,116191,2743,114625,2630,1566,113,137543,1518962,1656505,32155,42,1178,989,15763,1712,99250,106,6224,1375,25
08-05-20,113448,1345,111995,1277,1453,68,134256,1490094,1624350,14153,27,1136,-666,14774,1984,97538,55,6118,1350,17
08-04-20,112103,1760,110718,1676,1385,84,132725,1477472,1610197,21039,25,1109,-386,15440,2121,95554,97,6063,1333,20
08-03-20,110343,1806,109042,1772,1301,34,130621,1458537,1589158,16895,19,1084,-707,15826,2494,93433,63,5966,1313,25
08-02-20,108537,1080,107270,1056,1267,24,128537,1443726,1572263,13175,6,1065,-73,16533,1147,90939,53,5903,1288,37
08-01-20,107457,2179,106214,2150,1243,29,127252,1431836,1559088,31965,7,1059,825,16606,1347,89792,67,5850,1251,23
07-31-20,105278,1754,104064,1705,1214,49,124459,1402664,1527123,18356,27,1052,-115,15781,1842,88445,68,5783,1228,27
07-30-20,103524,3593,102359,3550,1165,43,122505,1386262,1508767,43237,13,1025,1652,15896,1928,86603,138,5715,1201,29
07-29-20,99931,1185,98809,1156,1122,29,118124,1347406,1465530,9366,21,1012,-1252,14244,2416,84675,70,5577,1172,32
07-28-20,98746,2515,97653,2471,1093,44,116859,1339305,1456164,28753,21,991,131,15496,2363,82259,137,5507,1140,21
07-27-20,96231,1925,95182,1887,1049,38,113764,1313647,1427411,18055,11,970,-803,15365,2717,79896,107,5370,1119,17
07-26-20,94306,2329,93295,2276,1011,53,111499,1297857,1409356,26810,3,959,993,16168,1333,77179,80,5263,1102,21
07-25-20,91977,3102,91019,3062,958,40,108652,1273894,1382546,42423,26,956,1613,15175,1463,75846,117,5183,1081,20
07-24-20,88875,1864,87957,1818,918,46,104441,1235682,1340123,19350,13,930,-351,13562,2202,74383,99,5066,1061,28
07-23-20,87011,2547,86139,2498,872,49,102448,1218325,1320773,37691,37,917,398,13913,2112,72181,126,4967,1033,27
07-22-20,84464,2002,83641,1973,823,29,99225,1183857,1283082,17104,17,880,-465,13515,2450,70069,94,4841,1006,30
07-21-20,82462,3168,81668,3141,794,27,96925,1169053,1265978,39906,24,863,606,13980,2538,67619,155,4747,976,17
07-20-20,79294,1204,78527,1167,767,37,93005,1133067,1226072,9669,4,839,-1607,13374,2807,65081,54,4592,959,20
07-19-20,78090,1583,77360,1560,730,23,91686,1124717,1216403,18789,5,835,-18,14981,1596,62274,63,4538,939,16
07-18-20,76507,2133,75800,2111,707,22,89737,1107877,1197614,26482,23,830,826,14999,1284,60678,82,4475,923,17
07-17-20,74374,2133,73689,2088,685,45,87041,1084091,1171132,22074,19,807,517,14173,1597,59394,90,4393,906,16
07-16-20,72241,2977,71601,2934,640,43,84480,1064578,1149058,39896,13,788,1109,13656,1855,57797,115,4303,890,19
07-15-20,69264,1934,68667,1897,597,37,80601,1028561,1109162,19687,16,775,-124,12547,2042,55942,95,4188,871,17
07-14-20,67330,2123,66770,2081,560,42,78401,1011074,1089475,23625,18,759,214,12671,1891,53900,100,4093,854,11
07-13-20,65207,1831,64689,1800,518,31,75907,989943,1065850,17329,8,741,-101,12457,1924,52009,75,3993,843,19
07-12-20,63376,2324,62889,2299,487,25,73905,974616,1048521,28259,3,733,1220,12558,1101,50085,101,3918,824,17
07-11-20,61052,1179,60590,1165,462,14,71039,949223,1020262,15439,15,730,11,11338,1153,48984,51,3817,807,13
07-10-20,59873,1981,59425,1953,448,28,69486,935337,1004823,18338,13,715,566,11327,1402,47831,93,3766,794,17
07-09-20,57892,1807,57472,1780,420,27,67264,919221,986485,25175,25,702,374,10761,1408,46429,89,3673,777,17
07-08-20,56085,1654,55692,1629,393,25,65194,896116,961310,19200,20,677,60,10387,1574,45021,81,3584,760,12
07-07-20,54431,2154,54063,2144,368,10,63307,878803,942110,27248,12,657,719,10327,1423,43447,112,3503,748,18
07-06-20,52277,892,51919,878,358,14,60635,854227,914862,8255,7,645,-617,9608,1502,42024,60,3391,730,11
07-05-20,51385,1346,51041,1344,344,2,59714,846893,906607,15261,9,638,573,10225,764,40522,42,3331,719,18
07-04-20,50039,1461,49697,1459,342,2,58134,833212,891346,21507,4,629,625,9652,832,39758,57,3289,701,17
07-03-20,48578,1350,48238,1342,340,8,56269,813570,869839,16408,13,625,313,9027,1024,38926,55,3232,684,12
07-02-20,47228,1923,46896,1915,332,8,54775,798656,853431,26109,11,612,986,8714,926,37902,82,3177,672,9
07-01-20,45305,1429,44981,1424,324,5,52454,774868,827322,18374,5,601,465,7728,959,36976,61,3095,663,13
06-30-20,43876,1654,43557,1642,319,12,50746,758202,808948,25387,12,596,773,7263,869,36017,64,3034,650,12
06-29-20,42222,1787,41915,1780,307,7,48559,735002,783561,23018,0,584,794,6490,993,35148,89,2970,638,8
06-28-20,40435,655,40135,653,300,2,46541,714002,760543,10259,0,584,221,5696,434,34155,16,2881,630,8
06-27-20,39780,264,39482,258,298,6,45720,704564,750284,1850,7,584,-334,5475,591,33721,20,2865,622,8
06-26-20,39516,979,39224,955,292,24,45481,702953,748434,10323,10,577,290,5809,679,33130,59,2845,614,14
06-25-20,38537,1083,38269,1073,268,10,44462,693649,738111,14114,11,567,444,5519,628,32451,48,2786,600,9
06-24-20,37454,842,37196,834,258,8,43229,680768,723997,8465,14,556,121,5075,707,31823,48,2738,591,7
06-23-20,36612,1017,36362,1010,250,7,42247,673285,715532,11214,11,542,364,4954,642,31116,59,2690,584,5
06-22-20,35595,626,35352,614,243,12,41106,663212,704318,10540,5,531,-187,4590,808,30474,25,2631,579,6
06-21-20,34969,595,34738,594,231,1,40489,653289,693778,13747,2,526,202,4777,391,29666,21,2606,573,10
06-20-20,34374,409,34144,408,230,1,39644,640387,680031,9216,0,524,-61,4575,470,29275,24,2585,563,6
06-19-20,33965,745,33736,740,229,5,39095,631720,670815,10189,15,524,217,4636,513,28805,40,2561,557,9
06-18-20,33220,1098,32996,1096,224,2,38200,622426,660626,15629,12,509,499,4419,587,28292,70,2521,548,5
06-17-20,32122,409,31900,405,222,4,36947,608050,644997,5422,4,497,-221,3920,626,27705,22,2451,543,10
06-16-20,31713,614,31495,611,218,3,36528,603047,639575,7445,10,493,140,4141,464,27079,37,2429,533,6
06-15-20,31099,712,30884,699,215,13,35878,596252,632130,10494,8,483,19,4001,685,26615,37,2392,527,15
06-14-20,30387,607,30185,602,202,5,35071,586565,621636,13783,3,475,258,3982,346,25930,26,2355,512,9
06-13-20,29780,541,29583,536,197,5,34332,573521,607853,10693,4,472,159,3724,378,25584,21,2329,503,7
06-12-20,29239,546,29047,543,192,3,33600,563560,597160,9630,27,468,-43,3565,562,25206,31,2308,496,4
06-11-20,28693,615,28504,612,189,3,32978,554552,587530,9566,5,441,-159,3608,769,24644,26,2277,492,5
06-10-20,28078,427,27892,422,186,5,32279,545685,577964,8284,1,436,-181,3767,607,23875,40,2251,487,1
06-09-20,27651,585,27470,580,181,5,31907,537773,569680,9621,14,435,-48,3948,619,23268,38,2211,486,4
06-08-20,27066,489,26890,485,176,4,31233,528826,560059,9954,3,421,98,3996,388,22649,27,2173,482,5
06-07-20,26577,428,26405,426,172,2,30677,519428,550105,13954,1,418,157,3898,270,22261,22,2146,477,5
06-06-20,26149,471,25979,468,170,3,30053,506098,536151,10915,9,417,190,3741,272,21991,21,2124,472,10
06-05-20,25678,511,25511,502,167,9,29490,495746,525236,11827,7,408,8,3551,496,21719,20,2103,462,6
06-04-20,25167,227,25009,224,158,3,28878,484531,513409,5701,13,401,-265,3543,479,21223,19,2083,456,3
06-03-20,24940,357,24785,356,155,1,28663,479045,507708,7924,7,388,-156,3808,506,20744,33,2064,453,8
06-02-20,24583,651,24429,648,154,3,28246,471538,499784,14413,14,381,199,3964,438,20238,29,2031,445,7
06-01-20,23932,605,23781,601,151,4,27423,457948,485371,10440,3,367,-106,3765,708,19800,16,2002,438,6
05-31-20,23327,610,23180,608,147,2,26656,448275,474931,15607,0,364,395,3871,215,19092,44,1986,432,5
05-30-20,22717,461,22572,459,145,2,25951,433373,459324,9727,4,364,165,3476,292,18877,21,1942,427,10
05-29-20,22256,231,22113,228,143,3,25382,424215,449597,7114,4,360,-170,3311,397,18585,14,1921,417,7
05-28-20,22025,599,21885,598,140,1,25118,417365,442483,9270,3,356,221,3481,375,18188,31,1907,410,4
05-27-20,21426,216,21287,210,139,6,24446,408767,433213,6557,10,353,-127,3260,333,17813,26,1876,406,7
05-26-20,21210,356,21077,346,133,10,24254,402402,426656,7018,5,343,-34,3387,385,17480,20,1850,399,4
05-25-20,20854,601,20731,600,123,1,23853,395785,419638,11221,2,338,251,3421,348,17095,27,1830,395,6
05-24-20,20253,331,20131,331,122,0,23142,385275,408417,11951,7,336,120,3170,204,16747,17,1803,389,10
05-23-20,19922,421,19800,416,122,5,22725,373741,396466,11358,14,329,241,3050,166,16543,20,1786,379,6
05-22-20,19501,385,19384,381,117,4,22162,362946,385108,8791,2,315,84,2809,299,16377,28,1766,373,3
05-21-20,19116,385,19003,384,113,1,21738,354579,376317,6765,4,313,-254,2725,635,16078,15,1738,370,8
05-20-20,18731,259,18619,258,112,1,21347,348205,369552,8511,4,309,-314,2979,569,15443,17,1723,362,5
05-19-20,18472,335,18361,334,111,1,21031,340010,361041,6570,4,305,-98,3293,429,14874,25,1706,357,2
05-18-20,18137,343,18027,341,110,2,20641,333830,354471,8930,3,301,0,3391,340,14445,22,1681,355,4
05-17-20,17794,472,17686,472,108,0,20222,325319,345541,14076,3,298,305,3391,164,14105,21,1659,351,7
05-16-20,17322,261,17214,244,108,17,19628,311837,331465,11068,5,295,44,3086,212,13941,17,1638,344,6
05-15-20,17061,193,16970,191,91,2,19252,301145,320397,8258,3,290,-197,3042,387,13729,9,1621,338,8
05-14-20,16868,264,16779,263,89,1,19033,293106,312139,10184,14,287,-117,3239,367,13342,14,1612,330,15
05-13-20,16604,322,16516,319,88,3,18683,283272,301955,10056,9,273,-494,3356,807,12975,27,1598,315,11
05-12-20,16282,697,16197,697,85,0,18300,273599,291899,14885,13,264,-410,3850,1094,12168,22,1571,304,8
05-11-20,15585,555,15500,552,85,3,17485,259529,277014,9912,8,251,179,4260,368,11074,20,1549,296,4
05-10-20,15030,247,14948,244,82,3,16910,250192,267102,10156,1,243,64,4081,182,10706,10,1529,292,4
05-09-20,14783,246,14704,244,79,2,16550,240396,256946,9842,1,242,10,4017,235,10524,13,1519,288,8
05-08-20,14537,195,14460,194,77,1,16225,230879,247104,6611,4,241,-198,4007,389,10289,12,1506,280,6
05-07-20,14342,392,14266,390,76,2,15977,224516,240493,10766,-2,237,79,4205,315,9900,23,1494,274,8
05-06-20,13950,260,13876,260,74,0,15513,214214,229727,5911,13,239,-92,4126,339,9585,13,1471,266,3
05-05-20,13690,189,13616,188,74,1,15193,208623,223816,7841,7,226,-141,4218,323,9246,24,1458,263,10
05-04-20,13501,312,13428,308,73,4,14948,201027,215975,7335,9,219,-306,4359,609,8923,20,1434,253,6
05-03-20,13189,371,13120,365,69,6,14582,194058,208640,9425,1,210,119,4665,251,8314,25,1414,247,9
05-02-20,12818,238,12755,237,63,1,14143,185072,199215,7100,5,209,-99,4546,332,8063,18,1389,238,5
05-01-20,12580,769,12518,764,62,5,13788,178327,192115,9544,5,204,469,4645,295,7731,17,1371,233,5
04-30-20,11811,1002,11754,998,57,4,12975,169596,182571,5055,4,199,779,4176,219,7436,31,1354,228,5
04-29-20,10809,568,10756,566,53,2,11944,165572,177516,11095,7,195,331,3397,230,7217,30,1323,223,5
04-28-20,10241,274,10190,270,51,4,11265,155156,166421,6613,4,188,40,3066,230,6987,32,1293,218,6
04-27-20,9967,297,9920,293,47,4,10959,148849,159808,5442,3,184,-14,3026,308,6757,35,1261,212,5
04-26-20,9670,298,9627,297,43,1,10634,143732,154366,6641,3,181,139,3040,156,6449,17,1226,207,4
04-25-20,9372,302,9330,297,42,5,10282,137443,147725,4511,10,178,132,2901,160,6293,22,1209,203,6
04-24-20,9070,469,9033,460,37,9,9941,133273,143214,15401,-2,168,247,2769,224,6133,40,1187,197,5
04-23-20,8601,452,8573,450,28,2,9292,118521,127813,5149,4,170,300,2522,148,5909,17,1147,192,10
04-22-20,8149,499,8123,497,26,2,8804,113860,122664,8873,9,166,281,2222,209,5761,18,1130,182,3
04-21-20,7650,288,7626,286,24,2,8271,105520,113791,6542,5,157,96,1941,187,5552,24,1112,179,5
04-20-20,7362,251,7340,243,22,8,7948,99301,107249,6464,4,152,27,1845,220,5365,27,1088,174,4
04-19-20,7111,276,7097,276,14,0,7697,93088,100785,5186,3,148,151,1818,122,5145,10,1061,170,3
04-18-20,6835,173,6821,173,14,0,7374,88225,95599,5032,3,145,8,1667,162,5023,11,1051,167,2
04-17-20,6662,320,6648,319,14,1,7137,83430,90567,3237,1,142,125,1659,194,4861,30,1040,165,3
04-16-20,6342,291,6329,291,13,0,6779,80551,87330,4116,6,141,81,1534,204,4667,23,1010,162,6
04-15-20,6051,263,6038,263,13,0,6426,76788,83214,3106,11,135,19,1453,233,4463,18,987,156,6
04-14-20,5788,182,5775,182,13,0,6121,73987,80108,1741,15,124,-48,1434,215,4230,29,969,150,10
04-13-20,5606,217,5593,216,13,1,5896,72471,78367,4638,8,109,-9,1482,218,4015,38,940,140,8
04-12-20,5389,224,5377,222,12,2,5616,68113,73729,4932,0,101,82,1491,142,3797,32,902,132,8
04-11-20,5165,292,5155,292,10,0,5378,63419,68797,5118,3,101,26,1409,263,3655,42,870,124,7
04-10-20,4873,195,4863,194,10,1,4987,58692,63679,2354,4,98,-29,1383,220,3392,22,828,117,2
04-09-20,4678,280,4669,280,9,0,4801,56524,61325,3320,15,94,52,1412,213,3172,42,806,115,5
04-08-20,4398,205,4389,205,9,0,4504,53501,58005,2738,7,79,-46,1360,244,2959,30,764,110,16
04-07-20,4193,305,4184,305,9,0,4276,50991,55267,4847,7,72,59,1406,239,2715,43,734,94,7
04-06-20,3888,228,3879,228,9,0,3937,46483,50420,3649,21,65,-71,1347,278,2476,47,691,87,7
04-05-20,3660,312,3651,311,9,1,3691,43080,46771,3736,1,44,127,1418,184,2198,46,644,80,10
04-04-20,3348,201,3340,201,8,0,3338,39697,43035,3566,6,43,-14,1291,209,2014,26,598,70,4
04-03-20,3147,253,3139,252,8,1,3119,36350,39469,2500,5,37,2,1305,246,1805,42,572,66,16
04-02-20,2894,270,2887,270,7,0,2874,34095,36969,3937,8,32,37,1303,225,1559,58,530,50,6
04-01-20,2624,357,2617,357,7,0,2570,30462,33032,3533,1,24,134,1266,222,1334,58,472,44,8
03-31-20,2267,287,2260,287,7,0,2213,27286,29499,3027,10,23,70,1132,207,1112,46,414,36,8
03-30-20,1980,439,1973,439,7,0,1899,24573,26472,4847,6,13,226,1062,207,905,83,368,28,6
03-29-20,1541,102,1534,102,7,0,1470,20155,21625,752,1,7,-47,836,148,698,35,285,22,6
03-28-20,1439,196,1432,191,7,5,1381,19492,20873,2346,0,6,89,883,107,550,39,250,16,4
03-27-20,1243,207,1241,207,2,0,1186,17341,18527,2743,3,6,96,794,108,443,42,211,12,2
03-26-20,1036,167,1034,166,2,1,989,14795,15784,2908,0,3,84,698,83,335,30,169,10,4
03-25-20,869,157,868,157,1,0,813,12063,12876,2126,1,3,78,614,78,252,35,139,6,1
03-24-20,712,85,711,85,1,0,669,10081,10750,1126,0,2,30,536,55,174,21,104,5,1
03-23-20,627,122,626,122,1,0,598,9026,9624,1576,0,2,84,506,38,119,13,83,4,0
03-22-20,505,133,504,132,1,1,480,7568,8048,1486,1,2,108,422,24,81,27,70,4,1
03-21-20,372,151,372,151,0,0,391,6171,6562,2090,1,1,121,314,29,57,14,43,3,2
03-20-20,221,162,221,162,0,0,244,4228,4472,1080,0,0,142,193,20,28,14,29,1,1
03-19-20,59,30,59,30,0,0,177,3215,3392,834,0,0,22,51,8,8,9,15,0,0
03-18-20,29,11,29,11,0,0,116,2442,2558,591,0,0,11,29,0,0,3,6,0,0
03-17-20,18,4,18,4,0,0,82,1885,1967,1360,0,0,4,18,0,0,0,3,0,0
03-16-20,14,4,14,4,0,0,24,583,607,159,0,0,4,14,0,0,2,3,0,0
03-15-20,10,4,10,4,0,0,21,427,448,28,0,0,4,10,0,0,0,1,0,0
03-14-20,6,5,6,5,0,0,19,401,420,333,0,0,5,6,0,0,1,1,0,0
03-13-20,1,0,1,0,0,0,2,85,87,42,0,0,0,1,0,0,0,0,0,0
03-12-20,1,1,1,1,0,0,2,43,45,45,0,0,1,1,0,0,0,0,0,0
