DATE,AGE_RANGE,AR_CASECOUNT,AR_TOTALPERCENT,NEW_ARCASES,AR_NEWPERCENT,AR_TOTALDEATHS,AR_NEWDEATHS
03-19-20,0-10 years,2,0.01,2,0.012987,,
03-19-20,11-20 years,9,0.06,9,0.058442,,
03-19-20,21-30 years,43,0.28,43,0.279221,,
03-19-20,31-40 years,32,0.21,32,0.207792,,
03-19-20,41-50 years,24,0.16,24,0.155844,,
03-19-20,51-60 years,18,0.12,18,0.116883,,
03-19-20,61-70 years,10,0.06,10,0.064935,,
03-19-20,71-80 years,8,0.05,8,0.051948,,
03-19-20,81+ years,8,0.05,8,0.051948,,
03-20-20,0-10 years,3,0.01,1,0.013514,,
03-20-20,11-20 years,12,0.05,3,0.040541,,
03-20-20,21-30 years,72,0.32,29,0.391892,,
03-20-20,31-40 years,47,0.21,15,0.202703,,
03-20-20,41-50 years,35,0.15,11,0.148649,,
03-20-20,51-60 years,26,0.11,8,0.108108,,
03-20-20,61-70 years,16,0.07,6,0.081081,,
03-20-20,71-80 years,13,0.06,5,0.067568,,
03-20-20,81+ years,4,0.02,-4,-0.054054,,
03-21-20,0-10 years,4,0.01,1,0.006993,,
03-21-20,11-20 years,20,0.05,8,0.055944,,
03-21-20,21-30 years,122,0.33,50,0.34965,,
03-21-20,31-40 years,59,0.16,12,0.083916,,
03-21-20,41-50 years,60,0.16,25,0.174825,,
03-21-20,51-60 years,46,0.12,20,0.13986,,
03-21-20,61-70 years,31,0.08,15,0.104895,,
03-21-20,71-80 years,20,0.05,7,0.048951,,
03-21-20,81+ years,5,0.01,1,0.006993,,
03-21-20,Pending,4,0.01,4,0.027972,,
03-22-20,0-10 years,6,0.01,2,0.014925,,
03-22-20,11-20 years,30,0.06,10,0.074627,,
03-22-20,21-30 years,162,0.32,40,0.298507,,
03-22-20,31-40 years,88,0.17,29,0.216418,,
03-22-20,41-50 years,74,0.15,14,0.104478,,
03-22-20,51-60 years,67,0.13,21,0.156716,,
03-22-20,61-70 years,44,0.09,13,0.097015,,
03-22-20,71-80 years,25,0.05,5,0.037313,,
03-22-20,81+ years,8,0.02,3,0.022388,,
03-22-20,Pending,1,0,-3,-0.022388,,
03-23-20,0-10 years,9,0,3,0.027273,,
03-23-20,11-20 years,37,0.061056,7,0.063636,,
03-23-20,21-30 years,184,0.30363,22,0.2,,
03-23-20,31-40 years,116,0.191419,28,0.254545,,
03-23-20,41-50 years,82,0.135314,8,0.072727,,
03-23-20,51-60 years,83,0.136964,16,0.145455,,
03-23-20,61-70 years,55,0.090759,11,0.1,,
03-23-20,71-80 years,32,0.052805,7,0.063636,,
03-23-20,81+ years,11,0.018152,3,0.027273,,
03-23-20,Pending,6,0.009901,5,0.045455,,
03-24-20,0-10 years,9,0.014851,0,0,,
03-24-20,11-20 years,41,0.01,4,0.076923,,
03-24-20,21-30 years,193,0.02,9,0.173077,,
03-24-20,31-40 years,126,0.02,10,0.192308,,
03-24-20,41-50 years,89,0.01,7,0.134615,,
03-24-20,51-60 years,91,0.01,8,0.153846,,
03-24-20,61-70 years,65,0.01,10,0.192308,,
03-24-20,71-80 years,34,0,2,0.038462,,
03-24-20,81+ years,12,0,1,0.019231,,
03-24-20,Pending,7,0,1,0.019231,,
03-25-20,0-10 years,12,0.02,3,0.025641,,
03-25-20,11-20 years,46,0.06,5,0.042735,,
03-25-20,21-30 years,224,0.29,31,0.264957,,
03-25-20,31-40 years,144,0.18,18,0.153846,,
03-25-20,41-50 years,109,0.14,20,0.17094,,
03-25-20,51-60 years,105,0.13,14,0.119658,,
03-25-20,61-70 years,80,0.1,15,0.128205,,
03-25-20,71-80 years,43,0.05,9,0.076923,,
03-25-20,81+ years,14,0.02,2,0.017094,,
03-25-20,Pending,7,0.01,0,0,,
03-26-20,0-10 years,13,0.01,1,0.005780,,
03-26-20,11-20 years,56,0.06,10,0.057803,,
03-26-20,21-30 years,260,0.27,36,0.208092,,
03-26-20,31-40 years,161,0.17,17,0.098266,,
03-26-20,41-50 years,151,0.16,42,0.242775,,
03-26-20,51-60 years,141,0.15,36,0.208092,,
03-26-20,61-70 years,96,0.1,16,0.092486,,
03-26-20,71-80 years,56,0.06,13,0.075145,,
03-26-20,81+ years,16,0.02,2,0.011561,,
03-26-20,Pending,7,0.01,0,0,,
03-27-20,0-10 years,15,0.01,2,0.008130,,
03-27-20,11-20 years,63,0.05,7,0.028455,,
03-27-20,21-30 years,314,0.26,54,0.219512,,
03-27-20,31-40 years,194,0.16,33,0.134146,,
03-27-20,41-50 years,196,0.16,45,0.182927,,
03-27-20,51-60 years,191,0.16,50,0.203252,,
03-27-20,61-70 years,126,0.1,30,0.121951,,
03-27-20,71-80 years,75,0.06,19,0.077236,,
03-27-20,81+ years,20,0.02,4,0.01626,,
03-27-20,Pending,9,0.01,2,0.008130,,
03-28-20,0-10 years,16,0.01,1,0.005882,,
03-28-20,11-20 years,71,0.05,8,0.047059,,
03-28-20,21-30 years,346,0.25,32,0.188235,,
03-28-20,31-40 years,221,0.16,27,0.158824,,
03-28-20,41-50 years,224,0.16,28,0.164706,,
03-28-20,51-60 years,218,0.16,27,0.158824,,
03-28-20,61-70 years,153,0.11,27,0.158824,,
03-28-20,71-80 years,87,0.06,12,0.070588,,
03-28-20,81+ years,28,0.02,8,0.047059,,
03-28-20,Pending,9,0.01,0,0,,
03-29-20,0-10 years,17,0.01,1,0.006098,,
03-29-20,11-20 years,80,0.05,9,0.054878,,
03-29-20,21-30 years,380,0.25,34,0.207317,,
03-29-20,31-40 years,239,0.16,18,0.109756,,
03-29-20,41-50 years,262,0.17,38,0.231707,,
03-29-20,51-60 years,239,0.16,21,0.128049,,
03-29-20,61-70 years,176,0.11,23,0.140244,,
03-29-20,71-80 years,97,0.06,10,0.060976,,
03-29-20,81+ years,33,0.02,5,0.030488,,
03-29-20,Pending,14,0.01,5,0.030488,,
03-30-20,0-10 years,18,0.01,1,0.003367,,
03-30-20,11-20 years,96,0.05,16,0.053872,,
03-30-20,21-30 years,462,0.25,82,0.276094,,
03-30-20,31-40 years,286,0.16,47,0.158249,,
03-30-20,41-50 years,299,0.16,37,0.124579,,
03-30-20,51-60 years,280,0.15,41,0.138047,,
03-30-20,61-70 years,212,0.12,36,0.121212,,
03-30-20,71-80 years,120,0.07,23,0.077441,,
03-30-20,81+ years,50,0.03,17,0.057239,,
03-30-20,Pending,11,0.01,-3,-0.010101,,
03-31-20,0-10 years,24,0.01,6,0.014815,,
03-31-20,11-20 years,107,0.05,11,0.027160,,
03-31-20,21-30 years,566,0.25,104,0.25679,,
03-31-20,31-40 years,346,0.15,60,0.148148,,
03-31-20,41-50 years,351,0.16,52,0.128395,,
03-31-20,51-60 years,368,0.16,88,0.217284,,
03-31-20,61-70 years,254,0.11,42,0.103704,,
03-31-20,71-80 years,144,0.06,24,0.059259,,
03-31-20,81+ years,63,0.03,13,0.032099,,
03-31-20,Pending,16,0.01,5,0.012346,,
04-01-20,0-10 years,33,0.01,9,0.018072,,
04-01-20,11-20 years,131,0.05,24,0.048193,,
04-01-20,21-30 years,637,0.23,71,0.14257,,
04-01-20,31-40 years,426,0.16,80,0.160643,,
04-01-20,41-50 years,471,0.17,120,0.240964,,
04-01-20,51-60 years,456,0.17,88,0.176707,,
04-01-20,61-70 years,308,0.11,54,0.108434,,
04-01-20,71-80 years,175,0.06,31,0.062249,,
04-01-20,81+ years,79,0.03,16,0.032129,,
04-01-20,Pending,21,0.01,5,0.010040,,
04-02-20,0-10 years,36,0.01,3,0.027778,,
04-02-20,11-20 years,138,0.05,7,0.064815,,
04-02-20,21-30 years,665,0.23,28,0.259259,,
04-02-20,31-40 years,456,0.16,30,0.277778,,
04-02-20,41-50 years,437,0.15,-34,-0.314815,,
04-02-20,51-60 years,484,0.17,28,0.259259,,
04-02-20,61-70 years,331,0.12,23,0.212963,,
04-02-20,71-80 years,184,0.06,9,0.083333,,
04-02-20,81+ years,97,0.03,18,0.166667,,
04-02-20,Pending,17,0.01,-4,-0.037037,,
04-03-20,0-10 years,39,0.01,3,0.013514,,
04-03-20,11-20 years,148,0.05,10,0.045045,,
04-03-20,21-30 years,693,0.23,28,0.126126,,
04-03-20,31-40 years,494,0.16,38,0.171171,,
04-03-20,41-50 years,474,0.15,37,0.166667,,
04-03-20,51-60 years,544,0.18,60,0.27027,,
04-03-20,61-70 years,359,0.12,28,0.126126,,
04-03-20,71-80 years,196,0.06,12,0.054054,,
04-03-20,81+ years,105,0.03,8,0.036036,,
04-03-20,Pending,15,0,-2,-0.009009,,
04-04-20,0-10 years,43,0.01,4,0.015748,,
04-04-20,11-20 years,158,0.05,10,0.039370,,
04-04-20,21-30 years,744,0.22,51,0.200787,,
04-04-20,31-40 years,543,0.16,49,0.192913,,
04-04-20,41-50 years,510,0.15,36,0.141732,,
04-04-20,51-60 years,593,0.18,49,0.192913,,
04-04-20,61-70 years,391,0.12,32,0.125984,,
04-04-20,71-80 years,205,0.06,9,0.035433,,
04-04-20,81+ years,107,0.03,2,0.007874,,
04-04-20,Pending,27,0.01,12,0.047244,,
04-05-20,0-10 years,42,0.01,-1,-0.003205,,
04-05-20,11-20 years,171,0.05,13,0.041667,,
04-05-20,21-30 years,815,0.22,71,0.227564,,
04-05-20,31-40 years,608,0.17,65,0.208333,,
04-05-20,41-50 years,565,0.16,55,0.176282,,
04-05-20,51-60 years,644,0.18,51,0.163462,,
04-05-20,61-70 years,431,0.12,40,0.128205,,
04-05-20,71-80 years,215,0.06,10,0.032051,,
04-05-20,81+ years,118,0.03,11,0.035256,,
04-05-20,Pending,24,0.01,-3,-0.009615,,
04-06-20,0-10 years,45,0.01,3,0.017751,,
04-06-20,11-20 years,183,0.05,12,0.071006,,
04-06-20,21-30 years,846,0.22,31,0.183432,,
04-06-20,31-40 years,627,0.16,19,0.112426,,
04-06-20,41-50 years,587,0.15,22,0.130178,,
04-06-20,51-60 years,679,0.18,35,0.207101,,
04-06-20,61-70 years,454,0.12,23,0.136095,,
04-06-20,71-80 years,232,0.06,17,0.100592,,
04-06-20,81+ years,122,0.03,4,0.023669,,
04-06-20,Pending,27,0.01,3,0.017751,,
04-07-20,0-10 years,52,0.01,7,0.020833,,
04-07-20,11-20 years,198,0.05,15,0.044643,,
04-07-20,21-30 years,905,0.22,59,0.175595,,
04-07-20,31-40 years,684,0.17,57,0.169643,,
04-07-20,41-50 years,639,0.15,52,0.154762,,
04-07-20,51-60 years,755,0.18,76,0.22619,,
04-07-20,61-70 years,508,0.12,54,0.160714,,
04-07-20,71-80 years,251,0.06,19,0.056548,,
04-07-20,81+ years,124,0.03,2,0.005952,,
04-07-20,Pending,22,0.01,-5,-0.014881,,
04-08-20,0-10 years,53,0.01,1,0.004464,,
04-08-20,11-20 years,208,0.05,10,0.044643,,
04-08-20,21-30 years,943,0.22,38,0.169643,,
04-08-20,31-40 years,705,0.16,21,0.09375,,
04-08-20,41-50 years,674,0.15,35,0.15625,,
04-08-20,51-60 years,803,0.18,48,0.214286,,
04-08-20,61-70 years,542,0.12,34,0.151786,,
04-08-20,71-80 years,268,0.06,17,0.075893,,
04-08-20,81+ years,143,0.03,19,0.084821,,
04-08-20,Pending,23,0.01,1,0.004464,,
04-09-20,0-10 years,51,0.01,-2,-0.007353,1,
04-09-20,11-20 years,218,0.05,10,0.036765,0,
04-09-20,21-30 years,991,0.21,48,0.176471,1,
04-09-20,31-40 years,747,0.16,42,0.154412,1,
04-09-20,41-50 years,730,0.16,56,0.205882,5,
04-09-20,51-60 years,845,0.18,42,0.154412,9,
04-09-20,61-70 years,586,0.13,44,0.161765,23,
04-09-20,71-80 years,288,0.06,20,0.073529,24,
04-09-20,81+ years,156,0.03,13,0.047794,30,
04-09-20,Pending,22,0,-1,-0.003676,0,
04-10-20,0-10 years,54,0.01,3,0.013158,1,0
04-10-20,11-20 years,226,0.05,8,0.035088,0,0
04-10-20,21-30 years,1024,0.21,33,0.144737,1,0
04-10-20,31-40 years,785,0.16,38,0.166667,1,0
04-10-20,41-50 years,779,0.16,49,0.214912,5,0
04-10-20,51-60 years,899,0.18,54,0.236842,9,0
04-10-20,61-70 years,613,0.13,27,0.118421,26,3
04-10-20,71-80 years,303,0.06,15,0.065789,24,0
04-10-20,81+ years,162,0.03,6,0.026316,31,1
04-10-20,Pending,17,0,-5,-0.021930,0,0
04-11-20,0-10 years,56,0.01,2,0.007937,1,0
04-11-20,11-20 years,240,0.05,14,0.055556,0,0
04-11-20,21-30 years,1066,0.21,42,0.166667,1,0
04-11-20,31-40 years,827,0.16,42,0.166667,1,0
04-11-20,41-50 years,834,0.16,55,0.218254,5,0
04-11-20,51-60 years,940,0.18,41,0.162698,9,0
04-11-20,61-70 years,635,0.12,22,0.087302,27,1
04-11-20,71-80 years,320,0.06,17,0.067460,25,1
04-11-20,81+ years,179,0.04,17,0.067460,32,1
04-11-20,Pending,17,0,0,0,0,0
04-12-20,0-10 years,61,0.01,5,0.025773,1,0
04-12-20,11-20 years,248,0.05,8,0.041237,0,0
04-12-20,21-30 years,1112,0.21,46,0.237113,1,0
04-12-20,31-40 years,851,0.16,24,0.123711,1,0
04-12-20,41-50 years,866,0.16,32,0.164948,5,0
04-12-20,51-60 years,986,0.19,46,0.237113,9,0
04-12-20,61-70 years,665,0.13,30,0.154639,27,0
04-12-20,71-80 years,328,0.06,8,0.041237,25,0
04-12-20,81+ years,178,0.03,-1,-0.005155,32,0
04-12-20,Pending,13,0,-4,-0.020619,0,0
04-13-20,0-10 years,63,0.01,2,0.006623,1,0
04-13-20,11-20 years,258,0.05,10,0.033113,0,0
04-13-20,21-30 years,1155,0.21,43,0.142384,1,0
04-13-20,31-40 years,918,0.16,67,0.221854,1,0
04-13-20,41-50 years,925,0.16,59,0.195364,6,1
04-13-20,51-60 years,1047,0.19,61,0.201987,9,0
04-13-20,61-70 years,699,0.12,34,0.112583,28,1
04-13-20,71-80 years,344,0.06,16,0.052980,28,3
04-13-20,81+ years,190,0.03,12,0.039735,35,3
04-13-20,Pending,11,0,-2,-0.006623,0,0
04-14-20,0-10 years,68,0.01,5,0.023474,1,0
04-14-20,11-20 years,270,0.05,12,0.056338,0,0
04-14-20,21-30 years,1189,0.2,34,0.159624,1,0
04-14-20,31-40 years,954,0.16,36,0.169014,1,0
04-14-20,41-50 years,965,0.17,40,0.187793,7,1
04-14-20,51-60 years,1074,0.18,27,0.126761,11,2
04-14-20,61-70 years,731,0.13,32,0.150235,29,1
04-14-20,71-80 years,353,0.06,9,0.042254,32,4
04-14-20,81+ years,199,0.03,9,0.042254,42,7
04-14-20,Pending,20,0,9,0.042254,0,0
04-15-20,0-10 years,70,0.01,2,0.007812,1,0
04-15-20,11-20 years,272,0.04,2,0.007812,0,0
04-15-20,21-30 years,1189,0.2,0,0,1,0
04-15-20,31-40 years,958,0.16,4,0.015625,1,0
04-15-20,41-50 years,969,0.16,4,0.015625,7,0
04-15-20,51-60 years,1076,0.18,2,0.007812,14,3
04-15-20,61-70 years,731,0.12,0,0,34,5
04-15-20,71-80 years,353,0.06,0,0,33,1
04-15-20,81+ years,197,0.03,-2,-0.007812,44,2
04-15-20,Pending,264,0.04,244,0.953125,0,0
04-16-20,0-10 years,73,0.01,3,0.016393,1,0
04-16-20,11-20 years,302,0.05,30,0.163934,0,0
04-16-20,21-30 years,1266,0.2,77,0.420765,1,0
04-16-20,31-40 years,1037,0.17,79,0.431694,1,0
04-16-20,41-50 years,1061,0.17,92,0.502732,7,0
04-16-20,51-60 years,1152,0.18,76,0.415301,14,0
04-16-20,61-70 years,772,0.12,41,0.224044,34,0
04-16-20,71-80 years,371,0.06,18,0.098361,34,1
04-16-20,81+ years,208,0.03,11,0.060109,49,5
04-16-20,Pending,20,0,-244,-1.333333,0,0
04-17-20,0-10 years,84,0.01,11,0.033639,1,0
04-17-20,11-20 years,327,0.05,25,0.076453,0,0
04-17-20,21-30 years,1323,0.2,57,0.174312,1,0
04-17-20,31-40 years,1101,0.17,64,0.195719,1,0
04-17-20,41-50 years,1109,0.17,48,0.146789,7,0
04-17-20,51-60 years,1213,0.18,61,0.186544,14,0
04-17-20,61-70 years,813,0.12,41,0.125382,34,0
04-17-20,71-80 years,386,0.06,15,0.045872,36,2
04-17-20,81+ years,211,0.03,3,0.009174,48,-1
04-17-20,Pending,22,0,2,0.006116,0,0
04-18-20,0-10 years,84,0.01,0,0,1,0
04-18-20,11-20 years,342,0.05,15,0.086705,0,0
04-18-20,21-30 years,1353,0.2,30,0.17341,1,0
04-18-20,31-40 years,1144,0.17,43,0.248555,1,0
04-18-20,41-50 years,1138,0.17,29,0.16763,7,0
04-18-20,51-60 years,1236,0.18,23,0.132948,14,0
04-18-20,61-70 years,821,0.12,8,0.046243,35,1
04-18-20,71-80 years,401,0.06,15,0.086705,38,2
04-18-20,81+ years,220,0.03,9,0.052023,48,0
04-18-20,Pending,23,0,1,0.005780,0,0
04-19-20,0-10 years,98,0.01,14,0.045455,1,0
04-19-20,11-20 years,379,0.05,37,0.12013,0,0
04-19-20,21-30 years,1422,0.2,69,0.224026,1,0
04-19-20,31-40 years,1205,0.17,61,0.198052,1,0
04-19-20,41-50 years,1194,0.17,56,0.181818,8,1
04-19-20,51-60 years,1282,0.18,46,0.149351,14,0
04-19-20,61-70 years,842,0.12,21,0.068182,36,1
04-19-20,71-80 years,404,0.06,3,0.009740,39,1
04-19-20,81+ years,228,0.03,8,0.025974,48,0
04-19-20,Pending,16,0,-7,-0.022727,0,0
04-20-20,0-10 years,99,0.01,1,0.005952,1,0
04-20-20,11-20 years,386,0.05,7,0.041667,0,0
04-20-20,21-30 years,1455,0.2,33,0.196429,1,0
04-20-20,31-40 years,1248,0.17,43,0.255952,1,0
04-20-20,41-50 years,1235,0.17,41,0.244048,9,1
04-20-20,51-60 years,1311,0.18,29,0.172619,15,1
04-20-20,61-70 years,856,0.12,14,0.083333,36,0
04-20-20,71-80 years,407,0.06,3,0.017857,40,1
04-20-20,81+ years,231,0.03,3,0.017857,49,1
04-20-20,Pending,10,0,-6,-0.035714,0,0
04-21-20,0-10 years,107,0.01,8,0.051282,1,0
04-21-20,11-20 years,403,0.05,17,0.108974,0,0
04-21-20,21-30 years,1471,0.2,16,0.102564,1,0
04-21-20,31-40 years,1271,0.17,23,0.147436,1,0
04-21-20,41-50 years,1262,0.17,27,0.173077,9,0
04-21-20,51-60 years,1344,0.18,33,0.211538,15,0
04-21-20,61-70 years,870,0.12,14,0.089744,37,1
04-21-20,71-80 years,417,0.06,10,0.064103,41,1
04-21-20,81+ years,242,0.03,11,0.070513,52,3
04-21-20,Pending,7,0,-3,-0.019231,0,0
04-22-20,0-10 years,115,0.01,8,0.017857,1,0
04-22-20,11-20 years,432,0.06,29,0.064732,0,0
04-22-20,21-30 years,1568,0.2,97,0.216518,2,1
04-22-20,31-40 years,1358,0.17,87,0.194196,1,0
04-22-20,41-50 years,1370,0.17,108,0.241071,10,1
04-22-20,51-60 years,1407,0.18,63,0.140625,15,0
04-22-20,61-70 years,900,0.11,30,0.066964,38,1
04-22-20,71-80 years,430,0.05,13,0.029018,45,4
04-22-20,81+ years,252,0.03,10,0.022321,54,2
04-22-20,Pending,10,0,3,0.006696,0,0
04-23-20,0-10 years,122,0.014759,7,0.016509,1,0
04-23-20,11-20 years,443,0.053593,11,0.025943,0,0
04-23-20,21-30 years,1641,0.198524,73,0.17217,2,0
04-23-20,31-40 years,1415,0.171183,57,0.134434,1,0
04-23-20,41-50 years,1418,0.171546,48,0.113208,10,0
04-23-20,51-60 years,1450,0.175417,43,0.101415,15,0
04-23-20,61-70 years,916,0.110815,16,0.037736,40,2
04-23-20,71-80 years,445,0.053835,15,0.035377,46,1
04-23-20,81+ years,264,0.031938,12,0.028302,55,1
04-23-20,Pending,152,0.018389,142,0.334906,0,0
04-24-20,0-10 years,130,0.014898,8,0.017391,1,0
04-24-20,11-20 years,461,0.052831,18,0.039130,0,0
04-24-20,21-30 years,1671,0.191497,30,0.065217,1,-1
04-24-20,31-40 years,1450,0.16617,35,0.076087,1,0
04-24-20,41-50 years,1451,0.166285,33,0.071739,10,0
04-24-20,51-60 years,1480,0.169608,30,0.065217,15,0
04-24-20,61-70 years,935,0.107151,19,0.041304,40,0
04-24-20,71-80 years,459,0.052601,14,0.030435,45,-1
04-24-20,81+ years,274,0.0314,10,0.021739,55,0
04-24-20,Pending,415,0.047559,263,0.571739,0,0
04-25-20,0-10 years,145,0.015780,15,0.032397,1,0
04-25-20,11-20 years,517,0.056263,56,0.12095,0,0
04-25-20,21-30 years,1742,0.189574,71,0.153348,1,0
04-25-20,31-40 years,1536,0.167156,86,0.185745,1,0
04-25-20,41-50 years,1531,0.166612,80,0.172786,10,0
04-25-20,51-60 years,1542,0.167809,62,0.133909,15,0
04-25-20,61-70 years,970,0.105561,35,0.075594,42,2
04-25-20,71-80 years,481,0.052345,22,0.047516,50,5
04-25-20,81+ years,291,0.031668,17,0.036717,58,3
04-25-20,Pending,434,0.047230,19,0.041037,0,0
04-26-20,0-10 years,158,0.016344,13,0.027197,1,0
04-26-20,11-20 years,567,0.058653,50,0.104603,0,0
04-26-20,21-30 years,1870,0.193442,128,0.267782,1,0
04-26-20,31-40 years,1630,0.168615,94,0.196653,2,1
04-26-20,41-50 years,1608,0.166339,77,0.161088,10,0
04-26-20,51-60 years,1592,0.164684,50,0.104603,15,0
04-26-20,61-70 years,1001,0.103548,31,0.064854,42,0
04-26-20,71-80 years,497,0.051412,16,0.033473,50,0
04-26-20,81+ years,311,0.032171,20,0.041841,60,2
04-26-20,Pending,433,0.044792,-1,-0.002092,0,0
04-27-20,0-10 years,166,0.016737,8,0.031873,1,0
04-27-20,11-20 years,594,0.059891,27,0.10757,0,0
04-27-20,21-30 years,1913,0.192882,43,0.171315,1,0
04-27-20,31-40 years,1670,0.168381,40,0.159363,2,0
04-27-20,41-50 years,1650,0.166364,42,0.167331,10,0
04-27-20,51-60 years,1624,0.163743,32,0.12749,15,0
04-27-20,61-70 years,1025,0.103347,24,0.095618,42,0
04-27-20,71-80 years,517,0.052127,20,0.079681,50,0
04-27-20,81+ years,336,0.033878,25,0.099602,63,3
04-27-20,Pending,423,0.042650,-10,-0.039841,0,0
04-28-20,0-10 years,171,0.017012,5,0.037313,1,0
04-28-20,11-20 years,599,0.059590,5,0.037313,0,0
04-28-20,21-30 years,1928,0.191803,15,0.11194,1,0
04-28-20,31-40 years,1692,0.168325,22,0.164179,2,0
04-28-20,41-50 years,1668,0.165937,18,0.134328,10,0
04-28-20,51-60 years,1651,0.164246,27,0.201493,15,0
04-28-20,61-70 years,1051,0.104556,26,0.19403,44,2
04-28-20,71-80 years,530,0.052726,13,0.097015,50,0
04-28-20,81+ years,341,0.033924,5,0.037313,65,2
04-28-20,Pending,421,0.041882,-2,-0.014925,0,0
04-29-20,0-10 years,180,0.017364,9,0.028662,1,0
04-29-20,11-20 years,614,0.059232,15,0.047771,0,0
04-29-20,21-30 years,1980,0.191009,52,0.165605,1,0
04-29-20,31-40 years,1768,0.170558,76,0.242038,2,0
04-29-20,41-50 years,1734,0.167278,66,0.210191,10,0
04-29-20,51-60 years,1714,0.165348,63,0.200637,15,0
04-29-20,61-70 years,1072,0.103415,21,0.066879,45,1
04-29-20,71-80 years,546,0.052672,16,0.050955,53,3
04-29-20,81+ years,354,0.03415,13,0.041401,68,3
04-29-20,Pending,404,0.038974,-17,-0.05414,0,0
04-30-20,0-10 years,204,0.019003,24,0.065041,1,0
04-30-20,11-20 years,647,0.060270,33,0.089431,0,0
04-30-20,21-30 years,2104,0.195994,124,0.336043,1,0
04-30-20,31-40 years,1958,0.182394,190,0.514905,3,1
04-30-20,41-50 years,1892,0.176246,158,0.428184,10,0
04-30-20,51-60 years,1836,0.171029,122,0.330623,15,0
04-30-20,61-70 years,1128,0.105077,56,0.151762,46,1
04-30-20,71-80 years,566,0.052725,20,0.054201,52,-1
04-30-20,81+ years,359,0.033442,5,0.01355,71,3
04-30-20,Pending,41,0.003819,-363,-0.98374,0,0
05-01-20,0-10 years,220,0.018501,16,0.013841,1,0
05-01-20,11-20 years,682,0.057354,35,0.030277,1,1
05-01-20,21-30 years,2371,0.199395,267,0.230969,1,0
05-01-20,31-40 years,2254,0.189555,296,0.256055,3,0
05-01-20,41-50 years,2128,0.178959,236,0.204152,10,0
05-01-20,51-60 years,1987,0.167101,151,0.130623,16,1
05-01-20,61-70 years,1202,0.101085,74,0.064014,46,0
05-01-20,71-80 years,587,0.049365,21,0.018166,53,1
05-01-20,81+ years,371,0.031200,12,0.010381,73,2
05-01-20,Pending,89,0.007485,48,0.041522,0,0
05-02-20,0-10 years,239,0.018877,19,0.024675,1,0
05-02-20,11-20 years,724,0.057183,42,0.054545,1,0
05-02-20,21-30 years,2523,0.199273,152,0.197403,1,0
05-02-20,31-40 years,2440,0.192718,186,0.241558,3,0
05-02-20,41-50 years,2262,0.178659,134,0.174026,10,0
05-02-20,51-60 years,2068,0.163336,81,0.105195,16,0
05-02-20,61-70 years,1257,0.099281,55,0.071429,47,1
05-02-20,71-80 years,612,0.048337,25,0.032468,54,1
05-02-20,81+ years,385,0.030408,14,0.018182,75,2
05-02-20,Pending,151,0.011926,62,0.080519,1,1
05-03-20,0-10 years,274,0.020794,35,0.067829,1,0
05-03-20,11-20 years,768,0.058283,44,0.085271,1,0
05-03-20,21-30 years,2615,0.198452,92,0.178295,1,0
05-03-20,31-40 years,2540,0.19276,100,0.193798,3,0
05-03-20,41-50 years,2350,0.178341,88,0.170543,10,0
05-03-20,51-60 years,2155,0.163543,87,0.168605,16,0
05-03-20,61-70 years,1302,0.098809,45,0.087209,47,0
05-03-20,71-80 years,631,0.047886,19,0.036822,55,1
05-03-20,81+ years,393,0.029825,8,0.015504,76,1
05-03-20,Pending,149,0.011308,-2,-0.003876,0,-1
05-04-20,0-10 years,281,0.020706,7,0.017766,1,0
05-04-20,11-20 years,806,0.059391,38,0.096447,1,0
05-04-20,21-30 years,2669,0.196669,54,0.137056,1,0
05-04-20,31-40 years,2582,0.190259,42,0.106599,3,0
05-04-20,41-50 years,2405,0.177216,55,0.139594,10,0
05-04-20,51-60 years,2207,0.162626,52,0.13198,17,1
05-04-20,61-70 years,1339,0.098666,37,0.093909,50,3
05-04-20,71-80 years,659,0.048559,28,0.071066,59,4
05-04-20,81+ years,407,0.02999,14,0.035533,77,1
05-04-20,Pending,216,0.015916,67,0.170051,0,0
05-05-20,0-10 years,290,0.021183,9,0.075630,1,0
05-05-20,11-20 years,817,0.059679,11,0.092437,1,0
05-05-20,21-30 years,2685,0.196129,16,0.134454,1,0
05-05-20,31-40 years,2604,0.190212,22,0.184874,3,0
05-05-20,41-50 years,2421,0.176844,16,0.134454,10,0
05-05-20,51-60 years,2228,0.162747,21,0.176471,17,0
05-05-20,61-70 years,1355,0.098977,16,0.134454,51,1
05-05-20,71-80 years,664,0.048503,5,0.042017,62,3
05-05-20,81+ years,414,0.030241,7,0.058824,80,3
05-05-20,Pending,212,0.015486,-4,-0.033613,0,0
05-06-20,0-10 years,304,0.021811,14,0.044304,1,0
05-06-20,11-20 years,868,0.062276,51,0.161392,1,0
05-06-20,21-30 years,2753,0.197518,68,0.21519,1,0
05-06-20,31-40 years,2655,0.190486,51,0.161392,3,0
05-06-20,41-50 years,2470,0.177213,49,0.155063,10,0
05-06-20,51-60 years,2263,0.162362,35,0.110759,19,2
05-06-20,61-70 years,1381,0.099082,26,0.082278,52,1
05-06-20,71-80 years,676,0.048501,12,0.037975,68,6
05-06-20,81+ years,424,0.030420,10,0.031646,84,4
05-06-20,Pending,212,0.015210,0,0,0,0
05-07-20,0-10 years,313,0.022205,9,0.1,1,0
05-07-20,11-20 years,883,0.062642,15,0.166667,1,0
05-07-20,21-30 years,2776,0.196935,23,0.255556,1,0
05-07-20,31-40 years,2691,0.190905,36,0.4,3,0
05-07-20,41-50 years,2502,0.177497,32,0.355556,9,-1
05-07-20,51-60 years,2281,0.161819,18,0.2,18,-1
05-07-20,61-70 years,1394,0.098893,13,0.144444,52,0
05-07-20,71-80 years,684,0.048524,8,0.088889,68,0
05-07-20,81+ years,425,0.030150,1,0.011111,84,0
05-07-20,Pending,147,0.010428,-65,-0.722222,0,0
05-08-20,0-10 years,322,0.022298,9,0.026087,1,0
05-08-20,11-20 years,916,0.063431,33,0.095652,1,0
05-08-20,21-30 years,2848,0.197216,72,0.208696,1,0
05-08-20,31-40 years,2766,0.191538,75,0.217391,3,0
05-08-20,41-50 years,2556,0.176996,54,0.156522,9,0
05-08-20,51-60 years,2335,0.161692,54,0.156522,18,0
05-08-20,61-70 years,1417,0.098123,23,0.066667,53,1
05-08-20,71-80 years,693,0.047988,9,0.026087,70,2
05-08-20,81+ years,427,0.029569,2,0.005797,85,1
05-08-20,Pending,161,0.011149,14,0.040580,0,0
05-09-20,0-10 years,340,0.023023,18,0.055046,1,0
05-09-20,11-20 years,942,0.063787,26,0.079511,1,0
05-09-20,21-30 years,2905,0.196709,57,0.174312,1,0
05-09-20,31-40 years,2839,0.19224,73,0.223242,3,0
05-09-20,41-50 years,2596,0.175785,40,0.122324,9,0
05-09-20,51-60 years,2377,0.160956,42,0.12844,18,0
05-09-20,61-70 years,1446,0.097914,29,0.088685,53,0
05-09-20,71-80 years,698,0.047264,5,0.015291,71,1
05-09-20,81+ years,441,0.029862,14,0.042813,85,0
05-09-20,Pending,184,0.012459,23,0.070336,0,0
05-10-20,0-10 years,348,0.023223,8,0.036866,1,0
05-10-20,11-20 years,969,0.064665,27,0.124424,1,0
05-10-20,21-30 years,2939,0.196129,34,0.156682,1,0
05-10-20,31-40 years,2886,0.192593,47,0.21659,3,0
05-10-20,41-50 years,2632,0.175642,36,0.165899,9,0
05-10-20,51-60 years,2402,0.160294,25,0.115207,18,0
05-10-20,61-70 years,1462,0.097564,16,0.073733,53,0
05-10-20,71-80 years,706,0.047114,8,0.036866,72,1
05-10-20,81+ years,445,0.029696,4,0.018433,85,0
05-10-20,Pending,196,0.013080,12,0.055300,0,0
05-11-20,0-10 years,363,0.023353,15,0.026834,1,0
05-11-20,11-20 years,993,0.063883,24,0.042934,1,0
05-11-20,21-30 years,3020,0.194287,81,0.144902,1,0
05-11-20,31-40 years,2953,0.189977,67,0.119857,3,0
05-11-20,41-50 years,2713,0.174537,81,0.144902,10,1
05-11-20,51-60 years,2435,0.156652,33,0.059034,19,1
05-11-20,61-70 years,1484,0.095471,22,0.039356,54,1
05-11-20,71-80 years,722,0.046449,16,0.028623,73,1
05-11-20,81+ years,455,0.029272,10,0.017889,89,4
05-11-20,Pending,406,0.026119,210,0.375671,0,0
05-12-20,0-10 years,379,0.023524,16,0.028269,1,0
05-12-20,11-20 years,1029,0.063869,36,0.063604,1,0
05-12-20,21-30 years,3154,0.195767,134,0.236749,1,0
05-12-20,31-40 years,3100,0.192415,147,0.259717,3,0
05-12-20,41-50 years,2816,0.174787,103,0.181979,12,2
05-12-20,51-60 years,2496,0.154987,61,0.107774,23,4
05-12-20,61-70 years,1508,0.093601,24,0.042403,57,3
05-12-20,71-80 years,733,0.045497,11,0.019435,74,1
05-12-20,81+ years,468,0.029048,13,0.022968,92,3
05-12-20,Pending,427,0.026504,21,0.037102,0,0
05-13-20,0-10 years,389,0.023763,10,0.038462,1,0
05-13-20,11-20 years,1048,0.064020,19,0.073077,1,0
05-13-20,21-30 years,3205,0.195785,51,0.196154,1,0
05-13-20,31-40 years,3165,0.193341,65,0.25,3,0
05-13-20,41-50 years,2871,0.175382,55,0.211538,14,2
05-13-20,51-60 years,2525,0.154246,29,0.111538,24,1
05-13-20,61-70 years,1522,0.092975,14,0.053846,58,1
05-13-20,71-80 years,737,0.045021,4,0.015385,77,3
05-13-20,81+ years,470,0.028711,2,0.007692,94,2
05-13-20,Pending,438,0.026756,11,0.042308,0,0
05-14-20,0-10 years,409,0.024492,20,0.06079,1,0
05-14-20,11-20 years,1087,0.065094,39,0.118541,1,0
05-14-20,21-30 years,3285,0.196718,80,0.243161,1,0
05-14-20,31-40 years,3227,0.193245,62,0.18845,3,0
05-14-20,41-50 years,2924,0.1751,53,0.161094,14,0
05-14-20,51-60 years,2563,0.153482,38,0.115502,26,2
05-14-20,61-70 years,1543,0.092401,21,0.063830,61,3
05-14-20,71-80 years,749,0.044853,12,0.036474,82,5
05-14-20,81+ years,475,0.028445,5,0.015198,98,4
05-14-20,Pending,437,0.026169,-1,-0.003040,0,0
05-15-20,0-10 years,422,0.024867,13,0.047970,1,0
05-15-20,11-20 years,1119,0.065940,32,0.118081,1,0
05-15-20,21-30 years,3325,0.195934,40,0.147601,1,0
05-15-20,31-40 years,3274,0.192929,47,0.173432,3,0
05-15-20,41-50 years,2961,0.174484,37,0.136531,14,0
05-15-20,51-60 years,2589,0.152563,26,0.095941,26,0
05-15-20,61-70 years,1551,0.091397,8,0.02952,61,0
05-15-20,71-80 years,755,0.04449,6,0.02214,85,3
05-15-20,81+ years,479,0.028226,4,0.01476,98,0
05-15-20,Pending,495,0.029169,58,0.214022,0,0
05-16-20,0-10 years,446,0.025798,24,0.075472,1,0
05-16-20,11-20 years,1158,0.066983,39,0.122642,1,0
05-16-20,21-30 years,3378,0.195396,53,0.166667,1,0
05-16-20,31-40 years,3339,0.19314,65,0.204403,3,0
05-16-20,41-50 years,3018,0.174572,57,0.179245,14,0
05-16-20,51-60 years,2619,0.151492,30,0.094340,26,0
05-16-20,61-70 years,1585,0.091682,34,0.106918,62,1
05-16-20,71-80 years,768,0.044424,13,0.040881,87,2
05-16-20,81+ years,481,0.027823,2,0.006289,100,2
05-16-20,Pending,496,0.02869,1,0.003145,0,0
05-17-20,0-10 years,449,0.025822,3,0.03,1,0
05-17-20,11-20 years,1165,0.067000,7,0.07,1,0
05-17-20,21-30 years,3409,0.196055,31,0.31,1,0
05-17-20,31-40 years,3358,0.193122,19,0.19,3,0
05-17-20,41-50 years,3030,0.174258,12,0.12,14,0
05-17-20,51-60 years,2635,0.151541,16,0.16,26,0
05-17-20,61-70 years,1588,0.091327,3,0.03,63,1
05-17-20,71-80 years,774,0.044513,6,0.06,87,0
05-17-20,81+ years,482,0.027720,1,0.01,102,2
05-17-20,Pending,498,0.028640,2,0.02,0,0
05-18-20,0-10 years,473,0.026262,24,0.038523,1,0
05-18-20,11-20 years,1231,0.068347,66,0.105939,1,0
05-18-20,21-30 years,3556,0.197435,147,0.235955,1,0
05-18-20,31-40 years,3506,0.194659,148,0.23756,3,0
05-18-20,41-50 years,3133,0.173949,103,0.165329,14,0
05-18-20,51-60 years,2713,0.15063,78,0.125201,27,1
05-18-20,61-70 years,1626,0.090278,38,0.060995,63,0
05-18-20,71-80 years,786,0.04364,12,0.019262,87,0
05-18-20,81+ years,491,0.027261,9,0.014446,104,2
05-18-20,Pending,496,0.027539,-2,-0.003210,0,0
05-19-20,0-10 years,501,0.027261,28,0.076294,1,0
05-19-20,11-20 years,1279,0.069594,48,0.13079,1,0
05-19-20,21-30 years,3651,0.198661,95,0.258856,1,0
05-19-20,31-40 years,3572,0.194363,66,0.179837,3,0
05-19-20,41-50 years,3191,0.173632,58,0.158038,14,0
05-19-20,51-60 years,2745,0.149363,32,0.087193,28,1
05-19-20,61-70 years,1658,0.090217,32,0.087193,63,0
05-19-20,71-80 years,793,0.043149,7,0.019074,89,2
05-19-20,81+ years,495,0.026934,4,0.010899,105,1
05-19-20,Pending,493,0.026826,-3,-0.008174,0,0
05-20-20,0-10 years,509,0.027466,8,0.051948,1,0
05-20-20,11-20 years,1299,0.070095,20,0.12987,1,0
05-20-20,21-30 years,3690,0.199115,39,0.253247,1,0
05-20-20,31-40 years,3612,0.194906,40,0.25974,3,0
05-20-20,41-50 years,3212,0.173322,21,0.136364,14,0
05-20-20,51-60 years,2753,0.148554,8,0.051948,27,-1
05-20-20,61-70 years,1666,0.089899,8,0.051948,66,3
05-20-20,71-80 years,800,0.043169,7,0.045455,89,0
05-20-20,81+ years,497,0.026818,2,0.012987,107,2
05-20-20,Pending,494,0.026657,1,0.006494,0,0
05-21-20,0-10 years,533,0.028110,24,0.055944,1,0
05-21-20,11-20 years,1337,0.070513,38,0.088578,1,0
05-21-20,21-30 years,3829,0.201941,139,0.324009,1,0
05-21-20,31-40 years,3708,0.195559,96,0.223776,3,0
05-21-20,41-50 years,3274,0.17267,62,0.144522,14,0
05-21-20,51-60 years,2785,0.14688,32,0.074592,28,1
05-21-20,61-70 years,1685,0.088867,19,0.044289,66,0
05-21-20,71-80 years,811,0.042772,11,0.025641,91,2
05-21-20,81+ years,522,0.027530,25,0.058275,108,1
05-21-20,Pending,477,0.025157,-17,-0.039627,0,0
05-22-20,0-10 years,557,0.028720,24,0.055427,1,0
05-22-20,11-20 years,1388,0.071569,51,0.117783,1,0
05-22-20,21-30 years,3914,0.201815,85,0.196305,1,0
05-22-20,31-40 years,3804,0.196143,96,0.221709,3,0
05-22-20,41-50 years,3337,0.172064,63,0.145497,14,0
05-22-20,51-60 years,2853,0.147107,68,0.157044,28,0
05-22-20,61-70 years,1709,0.08812,24,0.055427,66,0
05-22-20,71-80 years,829,0.042745,18,0.041570,92,1
05-22-20,81+ years,542,0.027947,20,0.046189,109,1
05-22-20,Pending,461,0.023770,-16,-0.036952,0,0
05-23-20,0-10 years,588,0.029713,31,0.078481,1,0
05-23-20,11-20 years,1430,0.072262,42,0.106329,1,0
05-23-20,21-30 years,3996,0.20193,82,0.207595,1,0
05-23-20,31-40 years,3892,0.196675,88,0.222785,3,0
05-23-20,41-50 years,3408,0.172217,71,0.179747,15,1
05-23-20,51-60 years,2885,0.145788,32,0.081013,30,2
05-23-20,61-70 years,1737,0.087776,28,0.070886,68,2
05-23-20,71-80 years,842,0.042549,13,0.032911,94,2
05-23-20,81+ years,550,0.027793,8,0.020253,116,7
05-23-20,Pending,461,0.023296,0,0,0,0
05-24-20,0-10 years,606,0.030082,18,0.050562,1,0
05-24-20,11-20 years,1474,0.073170,44,0.123596,1,0
05-24-20,21-30 years,4073,0.202184,77,0.216292,1,0
05-24-20,31-40 years,3971,0.197121,79,0.22191,3,0
05-24-20,41-50 years,3479,0.172698,71,0.199438,16,1
05-24-20,51-60 years,2918,0.14485,33,0.092697,30,0
05-24-20,61-70 years,1752,0.086969,15,0.042135,71,3
05-24-20,71-80 years,852,0.042293,10,0.028090,96,2
05-24-20,81+ years,564,0.027997,14,0.039326,117,1
05-24-20,Pending,456,0.022636,-5,-0.014045,0,0
05-25-20,0-10 years,635,0.030815,29,0.062771,1,0
05-25-20,11-20 years,1534,0.074441,60,0.12987,1,0
05-25-20,21-30 years,4174,0.202553,101,0.218615,1,0
05-25-20,31-40 years,4098,0.198864,127,0.274892,3,0
05-25-20,41-50 years,3534,0.171495,55,0.119048,16,0
05-25-20,51-60 years,2980,0.144611,62,0.134199,30,0
05-25-20,61-70 years,1769,0.085845,17,0.036797,72,1
05-25-20,71-80 years,858,0.041636,6,0.012987,96,0
05-25-20,81+ years,565,0.027418,1,0.002165,118,1
05-25-20,Pending,460,0.022323,4,0.008658,0,0
05-26-20,0-10 years,663,0.031624,28,0.078212,1,0
05-26-20,11-20 years,1572,0.074982,38,0.106145,1,0
05-26-20,21-30 years,4245,0.20248,71,0.198324,1,0
05-26-20,31-40 years,4183,0.199523,85,0.23743,3,0
05-26-20,41-50 years,3587,0.171095,53,0.148045,16,0
05-26-20,51-60 years,3032,0.144622,52,0.145251,31,1
05-26-20,61-70 years,1790,0.085380,21,0.058659,73,1
05-26-20,71-80 years,867,0.041355,9,0.025140,97,1
05-26-20,81+ years,570,0.027188,5,0.013966,120,2
05-26-20,Pending,456,0.021751,-4,-0.011173,0,0
05-27-20,0-10 years,692,0.032479,29,0.085044,1,0
05-27-20,11-20 years,1622,0.076129,50,0.146628,1,0
05-27-20,21-30 years,4309,0.202243,64,0.187683,1,0
05-27-20,31-40 years,4247,0.199334,64,0.187683,5,2
05-27-20,41-50 years,3631,0.170421,44,0.129032,16,0
05-27-20,51-60 years,3077,0.144419,45,0.131965,31,0
05-27-20,61-70 years,1812,0.085046,22,0.064516,76,3
05-27-20,71-80 years,881,0.041350,14,0.041056,100,3
05-27-20,81+ years,579,0.027175,9,0.026393,122,2
05-27-20,Pending,456,0.021402,0,0,0,0
05-28-20,0-10 years,720,0.033212,28,0.075067,1,0
05-28-20,11-20 years,1670,0.077033,48,0.128686,1,0
05-28-20,21-30 years,4382,0.202131,73,0.19571,1,0
05-28-20,31-40 years,4334,0.199917,87,0.233244,5,0
05-28-20,41-50 years,3707,0.170995,76,0.203753,17,1
05-28-20,51-60 years,3114,0.143641,37,0.099196,31,0
05-28-20,61-70 years,1836,0.084690,24,0.064343,77,1
05-28-20,71-80 years,890,0.041054,9,0.024129,100,0
05-28-20,81+ years,582,0.026846,3,0.008043,123,1
05-28-20,Pending,444,0.020481,-12,-0.032172,0,0
05-29-20,0-10 years,748,0.033869,28,0.068966,1,0
05-29-20,11-20 years,1721,0.077926,51,0.125616,1,0
05-29-20,21-30 years,4471,0.202445,89,0.219212,1,0
05-29-20,31-40 years,4435,0.200815,101,0.248768,5,0
05-29-20,41-50 years,3763,0.170387,56,0.137931,18,1
05-29-20,51-60 years,3161,0.143129,47,0.115764,31,0
05-29-20,61-70 years,1860,0.08422,24,0.059113,78,1
05-29-20,71-80 years,897,0.040616,7,0.017241,100,0
05-29-20,81+ years,587,0.026579,5,0.012315,125,2
05-29-20,Pending,442,0.020014,-2,-0.004926,0,0
05-30-20,0-10 years,775,0.034344,27,0.056133,1,0
05-30-20,11-20 years,1783,0.079013,62,0.128898,1,0
05-30-20,21-30 years,4597,0.203714,126,0.261954,1,0
05-30-20,31-40 years,4580,0.20296,145,0.301455,5,0
05-30-20,41-50 years,3860,0.171054,97,0.201663,18,0
05-30-20,51-60 years,3235,0.143357,74,0.153846,31,0
05-30-20,61-70 years,1895,0.083976,35,0.072765,78,0
05-30-20,71-80 years,916,0.040592,19,0.039501,102,2
05-30-20,81+ years,598,0.026500,11,0.022869,127,2
05-30-20,Pending,327,0.014491,-115,-0.239085,0,0
05-31-20,0-10 years,807,0.035078,32,0.072727,1,0
05-31-20,11-20 years,1836,0.079805,53,0.120455,1,0
05-31-20,21-30 years,4694,0.204034,97,0.220455,1,0
05-31-20,31-40 years,4661,0.202599,81,0.184091,5,0
05-31-20,41-50 years,3928,0.170738,68,0.154545,18,0
05-31-20,51-60 years,3291,0.14305,56,0.127273,31,0
05-31-20,61-70 years,1920,0.083456,25,0.056818,78,0
05-31-20,71-80 years,925,0.040207,9,0.020455,102,0
05-31-20,81+ years,615,0.026732,17,0.038636,127,0
05-31-20,Pending,329,0.014301,2,0.004545,0,0
06-01-20,0-10 years,850,0.036087,43,0.078467,1,0
06-01-20,11-20 years,1889,0.080199,53,0.096715,1,0
06-01-20,21-30 years,4791,0.203405,97,0.177007,1,0
06-01-20,31-40 years,4779,0.202895,118,0.215328,5,0
06-01-20,41-50 years,4023,0.170799,95,0.173358,19,1
06-01-20,51-60 years,3357,0.142524,66,0.120438,31,0
06-01-20,61-70 years,1952,0.082873,32,0.058394,78,0
06-01-20,71-80 years,945,0.040121,20,0.036496,103,1
06-01-20,81+ years,631,0.026790,16,0.029197,128,1
06-01-20,Pending,337,0.014308,8,0.014599,0,0
06-02-20,0-10 years,888,0.036431,38,0.046285,1,0
06-02-20,11-20 years,1949,0.079959,60,0.073082,1,0
06-02-20,21-30 years,5028,0.206277,237,0.288672,1,0
06-02-20,31-40 years,4969,0.203856,190,0.231425,5,0
06-02-20,41-50 years,4169,0.171036,146,0.177832,20,1
06-02-20,51-60 years,3448,0.141456,91,0.11084,33,2
06-02-20,61-70 years,1997,0.081928,45,0.054811,80,2
06-02-20,71-80 years,959,0.039344,14,0.017052,105,2
06-02-20,81+ years,636,0.026092,5,0.006090,135,7
06-02-20,Pending,332,0.013621,-5,-0.006090,0,0
06-03-20,0-10 years,909,0.036621,21,0.046980,1,0
06-03-20,11-20 years,1987,0.080050,38,0.085011,1,0
06-03-20,21-30 years,5153,0.207598,125,0.279642,1,0
06-03-20,31-40 years,5067,0.204133,98,0.219239,5,0
06-03-20,41-50 years,4239,0.170776,70,0.1566,21,1
06-03-20,51-60 years,3501,0.141044,53,0.118568,34,1
06-03-20,61-70 years,2026,0.081621,29,0.064877,80,0
06-03-20,71-80 years,974,0.039239,15,0.033557,109,4
06-03-20,81+ years,642,0.025864,6,0.013423,136,1
06-03-20,Pending,324,0.013053,-8,-0.017897,0,0
06-04-20,0-10 years,932,0.037102,23,0.077181,1,0
06-04-20,11-20 years,2023,0.080533,36,0.120805,1,0
06-04-20,21-30 years,5221,0.207842,68,0.228188,1,0
06-04-20,31-40 years,5111,0.203463,44,0.147651,6,1
06-04-20,41-50 years,4281,0.170422,42,0.14094,21,0
06-04-20,51-60 years,3542,0.141003,41,0.137584,34,0
06-04-20,61-70 years,2052,0.081688,26,0.087248,82,2
06-04-20,71-80 years,982,0.039092,8,0.026846,116,7
06-04-20,81+ years,650,0.025876,8,0.026846,139,3
06-04-20,Pending,326,0.012978,2,0.006711,0,0
06-05-20,0-10 years,968,0.037931,36,0.09,1,0
06-05-20,11-20 years,2078,0.081426,55,0.1375,1,0
06-05-20,21-30 years,5310,0.208072,89,0.2225,1,0
06-05-20,31-40 years,5198,0.203683,87,0.2175,8,2
06-05-20,41-50 years,4361,0.170886,80,0.2,21,0
06-05-20,51-60 years,3599,0.141027,57,0.1425,35,1
06-05-20,61-70 years,2077,0.081387,25,0.0625,83,1
06-05-20,71-80 years,994,0.038950,12,0.03,119,3
06-05-20,81+ years,661,0.025901,11,0.0275,139,0
06-05-20,Pending,274,0.010737,-52,-0.13,0,0
06-06-20,0-10 years,1001,0.038395,33,0.059891,1,0
06-06-20,11-20 years,2138,0.082007,60,0.108893,1,0
06-06-20,21-30 years,5420,0.207894,110,0.199637,2,1
06-06-20,31-40 years,5336,0.204672,138,0.250454,9,1
06-06-20,41-50 years,4453,0.170803,92,0.166969,21,0
06-06-20,51-60 years,3678,0.141076,79,0.143376,36,1
06-06-20,61-70 years,2101,0.080588,24,0.043557,84,1
06-06-20,71-80 years,1004,0.038510,10,0.018149,121,2
06-06-20,81+ years,670,0.025699,9,0.016334,142,3
06-06-20,Pending,270,0.010356,-4,-0.007260,0,0
06-07-20,0-10 years,1020,0.038664,19,0.061290,1,0
06-07-20,11-20 years,2170,0.082256,32,0.103226,1,0
06-07-20,21-30 years,5483,0.207839,63,0.203226,2,0
06-07-20,31-40 years,5388,0.204238,52,0.167742,9,0
06-07-20,41-50 years,4500,0.170577,47,0.151613,21,0
06-07-20,51-60 years,3713,0.140745,35,0.112903,36,0
06-07-20,61-70 years,2120,0.080361,19,0.061290,84,0
06-07-20,71-80 years,1027,0.038930,23,0.074194,122,1
06-07-20,81+ years,689,0.026117,19,0.061290,142,0
06-07-20,Pending,271,0.010273,1,0.003226,0,0
06-08-20,0-10 years,1060,0.039341,40,0.071048,1,0
06-08-20,11-20 years,2246,0.083358,76,0.134991,1,0
06-08-20,21-30 years,5613,0.208321,130,0.230906,2,0
06-08-20,31-40 years,5512,0.204572,124,0.220249,8,-1
06-08-20,41-50 years,4594,0.170502,94,0.166963,22,1
06-08-20,51-60 years,3772,0.139994,59,0.104796,36,0
06-08-20,61-70 years,2141,0.079461,21,0.037300,84,0
06-08-20,71-80 years,1045,0.038784,18,0.031972,124,2
06-08-20,81+ years,699,0.025943,10,0.017762,143,1
06-08-20,Pending,262,0.009724,-9,-0.015986,0,0
06-09-20,0-10 years,1101,0.039927,41,0.064976,1,0
06-09-20,11-20 years,2349,0.085186,103,0.163233,1,0
06-09-20,21-30 years,5793,0.210082,180,0.285261,2,0
06-09-20,31-40 years,5660,0.205258,148,0.234548,9,1
06-09-20,41-50 years,4693,0.17019,99,0.156894,22,0
06-09-20,51-60 years,3837,0.139148,65,0.103011,37,1
06-09-20,61-70 years,2175,0.078876,34,0.053883,86,2
06-09-20,71-80 years,1064,0.038586,19,0.030111,129,5
06-09-20,81+ years,702,0.025458,3,0.004754,148,5
06-09-20,Pending,201,0.007289,-61,-0.096672,0,0
06-10-20,0-10 years,1115,0.040009,14,0.047619,1,0
06-10-20,11-20 years,2377,0.085292,28,0.095238,1,0
06-10-20,21-30 years,5866,0.210485,73,0.248299,2,0
06-10-20,31-40 years,5753,0.20643,93,0.316327,9,0
06-10-20,41-50 years,4740,0.170081,47,0.159864,22,0
06-10-20,51-60 years,3868,0.138792,31,0.105442,37,0
06-10-20,61-70 years,2197,0.078833,22,0.074830,86,0
06-10-20,71-80 years,1079,0.038717,15,0.051020,129,0
06-10-20,81+ years,717,0.025728,15,0.051020,149,1
06-10-20,Pending,157,0.005633,-44,-0.14966,0,0
06-11-20,0-10 years,1149,0.040543,34,0.072187,1,0
06-11-20,11-20 years,2421,0.085427,44,0.093418,1,0
06-11-20,21-30 years,5992,0.211433,126,0.267516,2,0
06-11-20,31-40 years,5867,0.207022,114,0.242038,10,1
06-11-20,41-50 years,4838,0.170713,98,0.208068,21,-1
06-11-20,51-60 years,3921,0.138356,53,0.112527,37,0
06-11-20,61-70 years,2223,0.078440,26,0.055202,87,1
06-11-20,71-80 years,1092,0.038532,13,0.027601,131,2
06-11-20,81+ years,730,0.025759,13,0.027601,151,2
06-11-20,Pending,107,0.003776,-50,-0.106157,0,0
06-12-20,0-10 years,1202,0.041269,53,0.067430,1,0
06-12-20,11-20 years,2510,0.086177,89,0.113232,1,0
06-12-20,21-30 years,6154,0.211289,162,0.206107,3,1
06-12-20,31-40 years,6034,0.207169,167,0.212468,10,0
06-12-20,41-50 years,4966,0.170501,128,0.16285,22,1
06-12-20,51-60 years,4009,0.137643,88,0.111959,41,4
06-12-20,61-70 years,2275,0.078109,52,0.066158,94,7
06-12-20,71-80 years,1123,0.038557,31,0.03944,140,9
06-12-20,81+ years,741,0.025441,11,0.013995,156,5
06-12-20,Pending,112,0.003845,5,0.006361,0,0
06-13-20,0-10 years,1224,0.041434,22,0.053012,1,0
06-13-20,11-20 years,2551,0.086355,41,0.098795,1,0
06-13-20,21-30 years,6263,0.21201,109,0.262651,3,0
06-13-20,31-40 years,6142,0.207914,108,0.260241,10,0
06-13-20,41-50 years,5042,0.170678,76,0.183133,22,0
06-13-20,51-60 years,4068,0.137707,59,0.142169,41,0
06-13-20,61-70 years,2303,0.077959,28,0.067470,94,0
06-13-20,71-80 years,1142,0.038658,19,0.045783,142,2
06-13-20,81+ years,746,0.025253,5,0.012048,158,2
06-13-20,Pending,60,0.002031,-52,-0.125301,0,0
06-14-20,0-10 years,1289,0.042357,65,0.072952,1,0
06-14-20,11-20 years,2652,0.087145,101,0.113356,1,0
06-14-20,21-30 years,6480,0.212934,217,0.243547,3,0
06-14-20,31-40 years,6327,0.207906,185,0.207632,10,0
06-14-20,41-50 years,5185,0.17038,143,0.160494,23,1
06-14-20,51-60 years,4170,0.137027,102,0.114478,41,0
06-14-20,61-70 years,2352,0.077287,49,0.054994,94,0
06-14-20,71-80 years,1167,0.038348,25,0.028058,143,1
06-14-20,81+ years,753,0.024744,7,0.007856,159,1
06-14-20,Pending,57,0.001873,-3,-0.003367,0,0
