date_stamp,us_county_fips,cnt_confirmed_new,cnt_confirmed,cnt_tested_new,cnt_tested
2020-03-02,36123,0,0,0,0
2020-03-02,36055,0,0,0,0
2020-03-02,36053,0,0,0,0
2020-03-02,36051,0,0,0,0
2020-03-02,36049,0,0,0,0
2020-03-02,36047,0,0,0,0
2020-03-02,36045,0,0,0,0
2020-03-02,36043,0,0,0,0
2020-03-02,36041,0,0,0,0
2020-03-02,36039,0,0,0,0
2020-03-02,36037,0,0,0,0
2020-03-02,36035,0,0,0,0
2020-03-02,36033,0,0,0,0
2020-03-02,36031,0,0,0,0
2020-03-02,36057,0,0,0,0
2020-03-02,36029,0,0,0,0
2020-03-02,36025,0,0,0,0
2020-03-02,36023,0,0,0,0
2020-03-02,36021,0,0,0,0
2020-03-02,36019,0,0,0,0
2020-03-02,36017,0,0,0,0
2020-03-02,36015,0,0,0,0
2020-03-02,36013,0,0,0,0
2020-03-02,36011,0,0,0,0
2020-03-02,36009,0,0,0,0
2020-03-02,36007,0,0,0,0
2020-03-02,36005,0,0,0,0
2020-03-02,36003,0,0,0,0
2020-03-02,36001,0,0,0,0
2020-03-02,36027,0,0,0,0
2020-03-02,36059,0,0,0,0
2020-03-02,36121,0,0,0,0
2020-03-02,36063,0,0,0,0
2020-03-02,36119,1,1,1,1
2020-03-02,36117,0,0,0,0
2020-03-02,36115,0,0,0,0
2020-03-02,36113,0,0,0,0
2020-03-02,36111,0,0,0,0
2020-03-02,36109,0,0,0,0
2020-03-02,36107,0,0,0,0
2020-03-02,36105,0,0,0,0
2020-03-02,36103,0,0,0,0
2020-03-02,36101,0,0,0,0
2020-03-02,36089,0,0,0,0
2020-03-02,36099,0,0,0,0
2020-03-02,36097,0,0,0,0
2020-03-02,36095,0,0,0,0
2020-03-02,36061,0,0,0,0
2020-03-02,36091,0,0,0,0
2020-03-02,36065,0,0,0,0
2020-03-02,36067,0,0,0,0
2020-03-02,36069,0,0,0,0
2020-03-02,36093,0,0,0,0
2020-03-02,36073,0,0,0,0
2020-03-02,36075,0,0,0,0
2020-03-02,36071,0,0,0,0
2020-03-02,36079,0,0,0,0
2020-03-02,36081,0,0,0,0
2020-03-02,36083,0,0,0,0
2020-03-02,36085,0,0,0,0
2020-03-02,36087,0,0,0,0
2020-03-02,36077,0,0,0,0
2020-03-03,36033,0,0,0,0
2020-03-03,36035,0,0,0,0
2020-03-03,36037,0,0,0,0
2020-03-03,36039,0,0,0,0
2020-03-03,36041,0,0,0,0
2020-03-03,36055,0,0,0,0
2020-03-03,36045,0,0,0,0
2020-03-03,36047,0,0,2,2
2020-03-03,36049,0,0,0,0
2020-03-03,36051,0,0,0,0
2020-03-03,36053,0,0,0,0
2020-03-03,36031,0,0,0,0
2020-03-03,36043,0,0,0,0
2020-03-03,36029,0,0,0,0
2020-03-03,36015,0,0,0,0
2020-03-03,36025,0,0,0,0
2020-03-03,36023,0,0,0,0
2020-03-03,36021,0,0,0,0
2020-03-03,36019,0,0,0,0
2020-03-03,36017,0,0,0,0
2020-03-03,36013,0,0,0,0
2020-03-03,36011,0,0,0,0
2020-03-03,36009,0,0,0,0
2020-03-03,36007,0,0,0,0
2020-03-03,36005,0,0,1,1
2020-03-03,36003,0,0,0,0
2020-03-03,36001,0,0,0,0
2020-03-03,36057,0,0,0,0
2020-03-03,36027,0,0,0,0
2020-03-03,36059,0,0,0,0
2020-03-03,36061,0,0,3,3
2020-03-03,36063,0,0,0,0
2020-03-03,36121,0,0,0,0
2020-03-03,36119,0,1,1,2
2020-03-03,36117,0,0,0,0
2020-03-03,36115,0,0,0,0
2020-03-03,36113,0,0,0,0
2020-03-03,36111,0,0,0,0
2020-03-03,36109,0,0,0,0
2020-03-03,36107,0,0,0,0
2020-03-03,36105,0,0,0,0
2020-03-03,36103,0,0,0,0
2020-03-03,36101,0,0,0,0
2020-03-03,36089,0,0,0,0
2020-03-03,36099,0,0,0,0
2020-03-03,36097,0,0,0,0
2020-03-03,36123,0,0,0,0
2020-03-03,36093,0,0,0,0
2020-03-03,36065,0,0,0,0
2020-03-03,36067,0,0,0,0
2020-03-03,36069,0,0,0,0
2020-03-03,36071,0,0,0,0
2020-03-03,36095,0,0,0,0
2020-03-03,36075,0,0,0,0
2020-03-03,36073,0,0,0,0
2020-03-03,36079,0,0,0,0
2020-03-03,36081,0,0,2,2
2020-03-03,36083,0,0,0,0
2020-03-03,36085,0,0,0,0
2020-03-03,36087,0,0,0,0
2020-03-03,36091,0,0,0,0
2020-03-03,36077,0,0,0,0
2020-03-04,36033,0,0,0,0
2020-03-04,36035,0,0,0,0
2020-03-04,36037,0,0,0,0
2020-03-04,36039,0,0,0,0
2020-03-04,36041,0,0,0,0
2020-03-04,36055,0,0,0,0
2020-03-04,36045,0,0,0,0
2020-03-04,36047,1,1,4,6
2020-03-04,36049,0,0,0,0
2020-03-04,36051,0,0,0,0
2020-03-04,36053,0,0,0,0
2020-03-04,36031,0,0,0,0
2020-03-04,36043,0,0,0,0
2020-03-04,36029,0,0,6,6
2020-03-04,36015,0,0,0,0
2020-03-04,36025,0,0,0,0
2020-03-04,36023,0,0,0,0
2020-03-04,36021,0,0,0,0
2020-03-04,36019,0,0,0,0
2020-03-04,36017,0,0,0,0
2020-03-04,36013,0,0,0,0
2020-03-04,36011,0,0,0,0
2020-03-04,36009,0,0,0,0
2020-03-04,36007,0,0,0,0
2020-03-04,36005,0,0,0,1
2020-03-04,36003,0,0,0,0
2020-03-04,36001,0,0,0,0
2020-03-04,36057,0,0,0,0
2020-03-04,36027,0,0,0,0
2020-03-04,36059,0,0,0,0
2020-03-04,36123,0,0,0,0
2020-03-04,36063,0,0,0,0
2020-03-04,36061,1,1,4,7
2020-03-04,36121,0,0,0,0
2020-03-04,36119,0,1,0,2
2020-03-04,36117,0,0,0,0
2020-03-04,36115,0,0,0,0
2020-03-04,36113,0,0,0,0
2020-03-04,36111,0,0,0,0
2020-03-04,36109,0,0,0,0
2020-03-04,36105,0,0,0,0
2020-03-04,36103,0,0,2,2
2020-03-04,36101,0,0,0,0
2020-03-04,36089,0,0,0,0
2020-03-04,36099,0,0,0,0
2020-03-04,36097,0,0,0,0
2020-03-04,36107,0,0,0,0
2020-03-04,36093,0,0,0,0
2020-03-04,36095,0,0,0,0
2020-03-04,36067,0,0,0,0
2020-03-04,36069,0,0,0,0
2020-03-04,36071,0,0,0,0
2020-03-04,36073,0,0,0,0
2020-03-04,36075,0,0,0,0
2020-03-04,36077,0,0,0,0
2020-03-04,36065,0,0,2,2
2020-03-04,36081,0,0,0,2
2020-03-04,36083,0,0,2,2
2020-03-04,36085,0,0,0,0
2020-03-04,36087,0,0,0,0
2020-03-04,36091,0,0,0,0
2020-03-04,36079,0,0,0,0
2020-03-05,36031,0,0,0,0
2020-03-05,36033,0,0,0,0
2020-03-05,36035,0,0,0,0
2020-03-05,36037,0,0,0,0
2020-03-05,36039,0,0,0,0
2020-03-05,36041,0,0,0,0
2020-03-05,36049,0,0,0,0
2020-03-05,36045,0,0,0,0
2020-03-05,36047,0,1,7,13
2020-03-05,36051,0,0,0,0
2020-03-05,36053,0,0,0,0
2020-03-05,36055,0,0,0,0
2020-03-05,36043,0,0,0,0
2020-03-05,36029,0,0,6,12
2020-03-05,36057,0,0,0,0
2020-03-05,36025,0,0,0,0
2020-03-05,36023,0,0,0,0
2020-03-05,36021,0,0,0,0
2020-03-05,36019,0,0,0,0
2020-03-05,36017,0,0,0,0
2020-03-05,36015,0,0,0,0
2020-03-05,36013,0,0,0,0
2020-03-05,36011,0,0,0,0
2020-03-05,36009,0,0,0,0
2020-03-05,36007,0,0,0,0
2020-03-05,36005,0,0,5,6
2020-03-05,36003,0,0,0,0
2020-03-05,36001,0,0,3,3
2020-03-05,36027,0,0,0,0
2020-03-05,36059,1,1,1,1
2020-03-05,36123,0,0,0,0
2020-03-05,36063,0,0,0,0
2020-03-05,36121,0,0,0,0
2020-03-05,36119,19,20,42,44
2020-03-05,36117,0,0,0,0
2020-03-05,36115,0,0,0,0
2020-03-05,36113,0,0,0,0
2020-03-05,36111,0,0,1,1
2020-03-05,36109,0,0,0,0
2020-03-05,36107,0,0,0,0
2020-03-05,36105,0,0,0,0
2020-03-05,36103,0,0,2,4
2020-03-05,36101,0,0,0,0
2020-03-05,36089,0,0,0,0
2020-03-05,36099,0,0,0,0
2020-03-05,36097,0,0,0,0
2020-03-05,36061,1,2,18,25
2020-03-05,36093,0,0,0,0
2020-03-05,36065,0,0,0,2
2020-03-05,36067,0,0,0,0
2020-03-05,36069,0,0,0,0
2020-03-05,36071,0,0,0,0
2020-03-05,36095,0,0,0,0
2020-03-05,36075,0,0,0,0
2020-03-05,36073,0,0,0,0
2020-03-05,36079,0,0,1,1
2020-03-05,36081,1,1,6,8
2020-03-05,36083,0,0,0,2
2020-03-05,36085,0,0,0,0
2020-03-05,36087,0,0,0,0
2020-03-05,36091,0,0,0,0
2020-03-05,36077,0,0,0,0
2020-03-06,36035,0,0,0,0
2020-03-06,36037,0,0,0,0
2020-03-06,36039,0,0,0,0
2020-03-06,36041,0,0,0,0
2020-03-06,36043,0,0,0,0
2020-03-06,36057,0,0,0,0
2020-03-06,36047,3,4,12,25
2020-03-06,36049,0,0,0,0
2020-03-06,36051,0,0,0,0
2020-03-06,36053,0,0,0,0
2020-03-06,36055,0,0,0,0
2020-03-06,36033,0,0,0,0
2020-03-06,36045,0,0,0,0
2020-03-06,36031,0,0,0,0
2020-03-06,36017,0,0,0,0
2020-03-06,36027,0,0,0,0
2020-03-06,36025,0,0,0,0
2020-03-06,36023,0,0,0,0
2020-03-06,36021,0,0,0,0
2020-03-06,36019,0,0,0,0
2020-03-06,36015,0,0,0,0
2020-03-06,36013,0,0,0,0
2020-03-06,36011,0,0,0,0
2020-03-06,36009,0,0,0,0
2020-03-06,36007,0,0,0,0
2020-03-06,36005,0,0,6,12
2020-03-06,36003,0,0,0,0
2020-03-06,36059,3,4,10,11
2020-03-06,36029,0,0,0,12
2020-03-06,36001,0,0,0,3
2020-03-06,36061,3,5,14,39
2020-03-06,36065,0,0,0,2
2020-03-06,36063,0,0,0,0
2020-03-06,36123,0,0,0,0
2020-03-06,36121,0,0,0,0
2020-03-06,36119,0,20,9,53
2020-03-06,36117,0,0,0,0
2020-03-06,36115,0,0,0,0
2020-03-06,36113,0,0,0,0
2020-03-06,36111,0,0,0,1
2020-03-06,36107,0,0,0,0
2020-03-06,36105,0,0,0,0
2020-03-06,36103,0,0,1,5
2020-03-06,36101,0,0,0,0
2020-03-06,36089,0,0,0,0
2020-03-06,36099,0,0,0,0
2020-03-06,36109,0,0,0,0
2020-03-06,36095,0,0,0,0
2020-03-06,36097,0,0,0,0
2020-03-06,36069,0,0,0,0
2020-03-06,36071,0,0,0,0
2020-03-06,36073,0,0,0,0
2020-03-06,36075,0,0,0,0
2020-03-06,36077,0,0,0,0
2020-03-06,36079,0,0,0,1
2020-03-06,36067,0,0,0,0
2020-03-06,36083,0,0,0,2
2020-03-06,36085,0,0,3,3
2020-03-06,36087,1,1,1,1
2020-03-06,36091,0,0,0,0
2020-03-06,36093,0,0,0,0
2020-03-06,36081,1,2,10,18
2020-03-07,36031,0,0,0,0
2020-03-07,36033,0,0,0,0
2020-03-07,36035,0,0,0,0
2020-03-07,36037,0,0,0,0
2020-03-07,36039,0,0,0,0
2020-03-07,36041,0,0,0,0
2020-03-07,36049,0,0,0,0
2020-03-07,36045,0,0,1,1
2020-03-07,36047,0,4,9,34
2020-03-07,36051,0,0,0,0
2020-03-07,36053,0,0,0,0
2020-03-07,36055,0,0,2,2
2020-03-07,36043,0,0,0,0
2020-03-07,36029,0,0,2,14
2020-03-07,36057,0,0,0,0
2020-03-07,36025,0,0,0,0
2020-03-07,36023,0,0,1,1
2020-03-07,36021,0,0,0,0
2020-03-07,36019,0,0,0,0
2020-03-07,36017,0,0,0,0
2020-03-07,36015,0,0,0,0
2020-03-07,36013,0,0,0,0
2020-03-07,36011,0,0,0,0
2020-03-07,36009,0,0,0,0
2020-03-07,36007,0,0,0,0
2020-03-07,36005,0,0,17,29
2020-03-07,36003,0,0,0,0
2020-03-07,36001,0,0,5,8
2020-03-07,36027,0,0,0,0
2020-03-07,36059,2,6,5,16
2020-03-07,36123,0,0,0,0
2020-03-07,36063,0,0,0,0
2020-03-07,36121,0,0,0,0
2020-03-07,36119,22,42,110,163
2020-03-07,36117,0,0,0,0
2020-03-07,36115,0,0,0,0
2020-03-07,36113,0,0,1,1
2020-03-07,36111,0,0,0,1
2020-03-07,36109,0,0,0,0
2020-03-07,36107,0,0,0,0
2020-03-07,36105,0,0,0,0
2020-03-07,36103,0,0,2,7
2020-03-07,36101,0,0,0,0
2020-03-07,36089,0,0,2,2
2020-03-07,36099,0,0,0,0
2020-03-07,36097,0,0,0,0
2020-03-07,36061,0,5,22,61
2020-03-07,36093,0,0,0,0
2020-03-07,36095,0,0,0,0
2020-03-07,36067,0,0,0,0
2020-03-07,36069,0,0,0,0
2020-03-07,36071,0,0,0,0
2020-03-07,36073,0,0,0,0
2020-03-07,36075,0,0,0,0
2020-03-07,36065,0,0,0,2
2020-03-07,36079,0,0,1,2
2020-03-07,36081,0,2,14,32
2020-03-07,36083,0,0,2,4
2020-03-07,36085,0,0,2,5
2020-03-07,36087,0,1,0,1
2020-03-07,36077,0,0,1,1
2020-03-07,36091,0,0,1,1
2020-03-08,36033,0,0,0,0
2020-03-08,36035,0,0,0,0
2020-03-08,36037,0,0,0,0
2020-03-08,36039,0,0,0,0
2020-03-08,36041,0,0,0,0
2020-03-08,36049,0,0,0,0
2020-03-08,36047,2,6,10,44
2020-03-08,36051,0,0,0,0
2020-03-08,36053,0,0,0,0
2020-03-08,36055,0,0,1,3
2020-03-08,36031,0,0,0,0
2020-03-08,36043,0,0,0,0
2020-03-08,36029,0,0,1,15
2020-03-08,36015,0,0,0,0
2020-03-08,36025,0,0,0,0
2020-03-08,36023,0,0,0,1
2020-03-08,36021,0,0,1,1
2020-03-08,36019,0,0,0,0
2020-03-08,36017,0,0,0,0
2020-03-08,36057,0,0,0,0
2020-03-08,36013,0,0,0,0
2020-03-08,36011,0,0,0,0
2020-03-08,36009,0,0,0,0
2020-03-08,36007,0,0,2,2
2020-03-08,36005,1,1,16,45
2020-03-08,36003,0,0,0,0
2020-03-08,36001,0,0,2,10
2020-03-08,36027,0,0,0,0
2020-03-08,36059,4,10,11,27
2020-03-08,36045,0,0,0,1
2020-03-08,36123,0,0,0,0
2020-03-08,36063,0,0,1,1
2020-03-08,36121,0,0,0,0
2020-03-08,36119,18,60,207,370
2020-03-08,36117,0,0,0,0
2020-03-08,36115,0,0,2,2
2020-03-08,36113,0,0,0,1
2020-03-08,36111,1,1,1,2
2020-03-08,36109,0,0,0,0
2020-03-08,36107,0,0,0,0
2020-03-08,36105,0,0,0,0
2020-03-08,36103,1,1,11,18
2020-03-08,36101,0,0,0,0
2020-03-08,36089,0,0,0,2
2020-03-08,36099,0,0,0,0
2020-03-08,36097,0,0,0,0
2020-03-08,36061,0,5,24,85
2020-03-08,36093,0,0,1,1
2020-03-08,36065,0,0,0,2
2020-03-08,36067,0,0,0,0
2020-03-08,36069,0,0,0,0
2020-03-08,36071,0,0,0,0
2020-03-08,36095,0,0,0,0
2020-03-08,36075,0,0,0,0
2020-03-08,36073,0,0,0,0
2020-03-08,36079,0,0,0,2
2020-03-08,36081,1,3,13,45
2020-03-08,36083,0,0,0,4
2020-03-08,36085,0,0,0,5
2020-03-08,36087,0,1,2,3
2020-03-08,36091,0,0,0,1
2020-03-08,36077,0,0,1,2
2020-03-09,36035,0,0,1,1
2020-03-09,36037,0,0,0,0
2020-03-09,36039,0,0,0,0
2020-03-09,36041,0,0,0,0
2020-03-09,36043,0,0,0,0
2020-03-09,36057,0,0,0,0
2020-03-09,36047,1,7,31,75
2020-03-09,36049,0,0,0,0
2020-03-09,36051,0,0,0,0
2020-03-09,36053,0,0,0,0
2020-03-09,36055,0,0,0,3
2020-03-09,36033,0,0,0,0
2020-03-09,36045,0,0,0,1
2020-03-09,36031,0,0,0,0
2020-03-09,36017,0,0,0,0
2020-03-09,36027,0,0,0,0
2020-03-09,36025,0,0,1,1
2020-03-09,36023,0,0,0,1
2020-03-09,36021,0,0,0,1
2020-03-09,36019,0,0,0,0
2020-03-09,36015,0,0,0,0
2020-03-09,36013,0,0,0,0
2020-03-09,36011,0,0,0,0
2020-03-09,36009,0,0,0,0
2020-03-09,36007,0,0,1,3
2020-03-09,36005,4,5,31,76
2020-03-09,36003,0,0,0,0
2020-03-09,36001,0,0,3,13
2020-03-09,36029,0,0,1,16
2020-03-09,36059,4,14,15,42
2020-03-09,36061,7,12,47,132
2020-03-09,36065,0,0,0,2
2020-03-09,36123,0,0,0,0
2020-03-09,36121,0,0,0,0
2020-03-09,36119,42,102,222,592
2020-03-09,36117,0,0,0,0
2020-03-09,36115,0,0,0,2
2020-03-09,36113,0,0,0,1
2020-03-09,36111,0,1,0,2
2020-03-09,36109,0,0,1,1
2020-03-09,36107,0,0,0,0
2020-03-09,36105,0,0,0,0
2020-03-09,36103,0,1,4,22
2020-03-09,36101,0,0,0,0
2020-03-09,36089,0,0,0,2
2020-03-09,36099,0,0,0,0
2020-03-09,36063,0,0,0,1
2020-03-09,36095,0,0,0,0
2020-03-09,36067,0,0,1,1
2020-03-09,36069,0,0,0,0
2020-03-09,36071,0,0,1,1
2020-03-09,36073,0,0,0,0
2020-03-09,36097,0,0,0,0
2020-03-09,36077,0,0,0,2
2020-03-09,36075,0,0,0,0
2020-03-09,36081,0,3,15,60
2020-03-09,36083,0,0,1,5
2020-03-09,36085,0,0,6,11
2020-03-09,36087,3,4,7,10
2020-03-09,36091,2,2,9,10
2020-03-09,36093,0,0,2,3
2020-03-09,36079,0,0,1,3
2020-03-10,36035,0,0,1,2
2020-03-10,36037,0,0,1,1
2020-03-10,36039,0,0,0,0
2020-03-10,36041,0,0,0,0
2020-03-10,36043,0,0,0,0
2020-03-10,36057,0,0,1,1
2020-03-10,36047,7,14,29,104
2020-03-10,36049,0,0,0,0
2020-03-10,36051,0,0,1,1
2020-03-10,36053,0,0,0,0
2020-03-10,36055,0,0,0,3
2020-03-10,36033,0,0,0,0
2020-03-10,36045,0,0,0,1
2020-03-10,36031,0,0,0,0
2020-03-10,36017,0,0,0,0
2020-03-10,36027,0,0,2,2
2020-03-10,36025,0,0,1,2
2020-03-10,36023,0,0,0,1
2020-03-10,36021,0,0,0,1
2020-03-10,36019,0,0,0,0
2020-03-10,36015,0,0,1,1
2020-03-10,36013,0,0,0,0
2020-03-10,36011,0,0,0,0
2020-03-10,36009,0,0,0,0
2020-03-10,36007,0,0,1,4
2020-03-10,36005,0,5,47,123
2020-03-10,36003,0,0,0,0
2020-03-10,36059,6,20,22,64
2020-03-10,36029,0,0,2,18
2020-03-10,36001,0,0,2,15
2020-03-10,36061,12,24,78,210
2020-03-10,36065,0,0,0,2
2020-03-10,36063,0,0,0,1
2020-03-10,36123,0,0,0,0
2020-03-10,36121,0,0,0,0
2020-03-10,36119,9,111,177,769
2020-03-10,36117,0,0,0,0
2020-03-10,36115,0,0,1,3
2020-03-10,36113,0,0,2,3
2020-03-10,36111,0,1,2,4
2020-03-10,36107,0,0,0,0
2020-03-10,36105,0,0,0,0
2020-03-10,36103,5,6,24,46
2020-03-10,36101,0,0,0,0
2020-03-10,36089,0,0,1,3
2020-03-10,36099,0,0,0,0
2020-03-10,36109,0,0,0,1
2020-03-10,36095,0,0,0,0
2020-03-10,36097,0,0,0,0
2020-03-10,36069,0,0,0,0
2020-03-10,36071,0,0,0,1
2020-03-10,36073,0,0,0,0
2020-03-10,36075,0,0,1,1
2020-03-10,36077,0,0,0,2
2020-03-10,36079,0,0,0,3
2020-03-10,36067,0,0,0,1
2020-03-10,36083,0,0,1,6
2020-03-10,36085,1,1,5,16
2020-03-10,36087,0,4,2,12
2020-03-10,36091,0,2,2,12
2020-03-10,36093,0,0,0,3
2020-03-10,36081,4,7,18,78
2020-03-11,36033,0,0,0,0
2020-03-11,36035,0,0,2,4
2020-03-11,36037,0,0,0,1
2020-03-11,36039,0,0,3,3
2020-03-11,36041,0,0,0,0
2020-03-11,36043,0,0,0,0
2020-03-11,36051,0,0,0,1
2020-03-11,36047,2,16,24,128
2020-03-11,36049,0,0,0,0
2020-03-11,36053,0,0,0,0
2020-03-11,36055,0,0,0,3
2020-03-11,36057,0,0,1,2
2020-03-11,36045,0,0,1,2
2020-03-11,36031,0,0,0,0
2020-03-11,36001,0,0,13,28
2020-03-11,36027,1,1,5,7
2020-03-11,36025,0,0,2,4
2020-03-11,36023,0,0,0,1
2020-03-11,36021,0,0,2,3
2020-03-11,36019,0,0,4,4
2020-03-11,36017,0,0,0,0
2020-03-11,36015,0,0,0,1
2020-03-11,36013,0,0,0,0
2020-03-11,36011,0,0,0,0
2020-03-11,36009,0,0,0,0
2020-03-11,36007,0,0,1,5
2020-03-11,36005,2,7,31,154
2020-03-11,36003,0,0,4,4
2020-03-11,36029,0,0,0,18
2020-03-11,36061,3,27,70,280
2020-03-11,36059,11,31,58,122
2020-03-11,36065,0,0,1,3
2020-03-11,36063,0,0,1,2
2020-03-11,36123,0,0,0,0
2020-03-11,36121,0,0,0,0
2020-03-11,36119,21,132,183,952
2020-03-11,36117,0,0,0,0
2020-03-11,36115,0,0,4,7
2020-03-11,36113,0,0,1,4
2020-03-11,36111,1,2,1,5
2020-03-11,36109,0,0,2,3
2020-03-11,36107,0,0,1,1
2020-03-11,36105,0,0,1,1
2020-03-11,36103,5,11,24,70
2020-03-11,36101,0,0,0,0
2020-03-11,36089,0,0,2,5
2020-03-11,36099,0,0,0,0
2020-03-11,36093,0,0,12,15
2020-03-11,36095,0,0,2,2
2020-03-11,36069,0,0,0,0
2020-03-11,36071,1,1,4,5
2020-03-11,36073,0,0,0,0
2020-03-11,36075,0,0,0,1
2020-03-11,36077,0,0,0,2
2020-03-11,36079,0,0,7,10
2020-03-11,36067,0,0,3,4
2020-03-11,36083,0,0,1,7
2020-03-11,36085,1,2,5,21
2020-03-11,36087,2,6,2,14
2020-03-11,36091,1,3,31,43
2020-03-11,36097,0,0,0,0
2020-03-11,36081,5,12,44,122
2020-03-12,36033,0,0,1,1
2020-03-12,36035,0,0,1,5
2020-03-12,36037,0,0,0,1
2020-03-12,36039,0,0,0,3
2020-03-12,36041,0,0,0,0
2020-03-12,36043,1,1,1,1
2020-03-12,36051,0,0,0,1
2020-03-12,36049,0,0,0,0
2020-03-12,36053,0,0,0,0
2020-03-12,36055,1,1,10,13
2020-03-12,36057,0,0,0,2
2020-03-12,36031,0,0,0,0
2020-03-12,36047,8,24,59,187
2020-03-12,36029,0,0,13,31
2020-03-12,36015,0,0,0,1
2020-03-12,36025,1,1,1,5
2020-03-12,36023,0,0,0,1
2020-03-12,36021,0,0,2,5
2020-03-12,36019,0,0,3,7
2020-03-12,36017,0,0,0,0
2020-03-12,36059,14,45,86,208
2020-03-12,36013,0,0,1,1
2020-03-12,36011,0,0,0,0
2020-03-12,36009,0,0,2,2
2020-03-12,36007,1,1,2,7
2020-03-12,36005,3,10,36,190
2020-03-12,36003,0,0,1,5
2020-03-12,36001,1,1,11,39
2020-03-12,36027,0,1,3,10
2020-03-12,36061,18,45,186,466
2020-03-12,36045,0,0,0,2
2020-03-12,36065,0,0,1,4
2020-03-12,36063,0,0,1,3
2020-03-12,36121,0,0,0,0
2020-03-12,36119,19,151,108,1060
2020-03-12,36117,0,0,0,0
2020-03-12,36115,0,0,0,7
2020-03-12,36113,0,0,0,4
2020-03-12,36111,3,5,6,11
2020-03-12,36109,0,0,2,5
2020-03-12,36107,0,0,0,1
2020-03-12,36105,0,0,0,1
2020-03-12,36103,11,22,73,143
2020-03-12,36101,0,0,0,0
2020-03-12,36089,0,0,1,6
2020-03-12,36099,0,0,0,0
2020-03-12,36097,0,0,0,0
2020-03-12,36123,0,0,0,0
2020-03-12,36093,0,0,5,20
2020-03-12,36095,0,0,1,3
2020-03-12,36069,0,0,2,2
2020-03-12,36071,0,1,12,17
2020-03-12,36073,0,0,0,0
2020-03-12,36075,0,0,0,1
2020-03-12,36077,0,0,0,2
2020-03-12,36067,0,0,1,5
2020-03-12,36079,0,0,1,11
2020-03-12,36081,15,27,74,196
2020-03-12,36083,0,0,2,9
2020-03-12,36085,4,6,16,37
2020-03-12,36087,2,8,5,19
2020-03-12,36091,0,3,32,75
2020-03-13,36033,0,0,0,1
2020-03-13,36035,0,0,1,6
2020-03-13,36037,0,0,0,1
2020-03-13,36039,0,0,1,4
2020-03-13,36041,0,0,0,0
2020-03-13,36047,17,41,136,323
2020-03-13,36045,0,0,0,2
2020-03-13,36055,1,2,4,17
2020-03-13,36049,0,0,1,1
2020-03-13,36051,0,0,0,1
2020-03-13,36053,0,0,1,1
2020-03-13,36031,0,0,2,2
2020-03-13,36043,0,1,0,1
2020-03-13,36029,0,0,5,36
2020-03-13,36015,0,0,0,1
2020-03-13,36025,0,1,1,6
2020-03-13,36023,0,0,0,1
2020-03-13,36021,0,0,1,6
2020-03-13,36019,0,0,1,8
2020-03-13,36017,0,0,0,0
2020-03-13,36013,0,0,1,2
2020-03-13,36011,0,0,0,0
2020-03-13,36009,0,0,2,4
2020-03-13,36007,0,1,2,9
2020-03-13,36005,10,20,99,289
2020-03-13,36003,0,0,0,5
2020-03-13,36001,2,3,26,65
2020-03-13,36057,0,0,0,2
2020-03-13,36027,2,3,10,20
2020-03-13,36059,19,64,100,308
2020-03-13,36107,1,1,1,2
2020-03-13,36063,0,0,0,3
2020-03-13,36061,39,84,268,734
2020-03-13,36121,0,0,0,0
2020-03-13,36119,20,171,209,1269
2020-03-13,36117,0,0,2,2
2020-03-13,36115,0,0,1,8
2020-03-13,36113,0,0,2,6
2020-03-13,36111,0,5,3,14
2020-03-13,36109,1,1,5,10
2020-03-13,36105,0,0,1,2
2020-03-13,36103,10,32,79,222
2020-03-13,36101,0,0,1,1
2020-03-13,36089,0,0,1,7
2020-03-13,36099,0,0,0,0
2020-03-13,36097,0,0,0,0
2020-03-13,36123,0,0,1,1
2020-03-13,36093,1,1,20,40
2020-03-13,36095,0,0,0,3
2020-03-13,36067,0,0,9,14
2020-03-13,36069,0,0,4,6
2020-03-13,36071,5,6,22,39
2020-03-13,36073,0,0,1,1
2020-03-13,36075,0,0,2,3
2020-03-13,36077,0,0,1,3
2020-03-13,36065,0,0,1,5
2020-03-13,36081,30,57,154,350
2020-03-13,36083,0,0,11,20
2020-03-13,36085,5,11,34,71
2020-03-13,36087,1,9,8,27
2020-03-13,36079,0,0,14,25
2020-03-13,36091,0,3,41,116
2020-03-14,36055,0,2,2,19
2020-03-14,36033,0,0,1,2
2020-03-14,36035,0,0,4,10
2020-03-14,36037,0,0,0,1
2020-03-14,36039,2,2,8,12
2020-03-14,36041,0,0,0,0
2020-03-14,36047,17,58,99,422
2020-03-14,36045,0,0,0,2
2020-03-14,36049,0,0,0,1
2020-03-14,36051,0,0,0,1
2020-03-14,36053,0,0,1,2
2020-03-14,36031,0,0,1,3
2020-03-14,36043,0,1,1,2
2020-03-14,36029,3,3,22,58
2020-03-14,36015,0,0,0,1
2020-03-14,36025,0,1,1,7
2020-03-14,36023,0,0,1,2
2020-03-14,36021,0,0,4,10
2020-03-14,36019,0,0,1,9
2020-03-14,36017,0,0,0,0
2020-03-14,36013,0,0,0,2
2020-03-14,36011,0,0,3,3
2020-03-14,36009,0,0,1,5
2020-03-14,36007,0,1,3,12
2020-03-14,36005,8,28,80,369
2020-03-14,36003,0,0,1,6
2020-03-14,36001,3,6,108,173
2020-03-14,36057,1,1,3,5
2020-03-14,36027,4,7,17,37
2020-03-14,36059,20,84,82,390
2020-03-14,36107,0,1,0,2
2020-03-14,36063,0,0,1,4
2020-03-14,36121,0,0,0,0
2020-03-14,36119,11,182,220,1489
2020-03-14,36117,0,0,1,3
2020-03-14,36115,0,0,1,9
2020-03-14,36113,0,0,13,19
2020-03-14,36111,0,5,30,44
2020-03-14,36109,0,1,1,11
2020-03-14,36123,0,0,2,3
2020-03-14,36105,0,0,7,9
2020-03-14,36103,9,41,38,260
2020-03-14,36101,0,0,0,1
2020-03-14,36089,0,0,1,8
2020-03-14,36099,0,0,0,0
2020-03-14,36097,0,0,1,1
2020-03-14,36061,28,112,193,927
2020-03-14,36093,1,2,54,94
2020-03-14,36065,0,0,1,6
2020-03-14,36067,0,0,18,32
2020-03-14,36069,0,0,3,9
2020-03-14,36071,0,6,12,51
2020-03-14,36095,0,0,0,3
2020-03-14,36075,0,0,2,5
2020-03-14,36073,0,0,0,1
2020-03-14,36079,0,0,3,28
2020-03-14,36081,18,75,110,460
2020-03-14,36083,0,0,40,60
2020-03-14,36085,3,14,29,100
2020-03-14,36087,3,12,21,48
2020-03-14,36091,0,3,45,161
2020-03-14,36077,0,0,2,5
2020-03-15,36035,0,0,1,11
2020-03-15,36037,0,0,0,1
2020-03-15,36039,0,2,3,15
2020-03-15,36041,0,0,0,0
2020-03-15,36043,0,1,0,2
2020-03-15,36057,0,1,4,9
2020-03-15,36047,26,84,166,588
2020-03-15,36049,0,0,2,3
2020-03-15,36051,0,0,0,1
2020-03-15,36053,0,0,1,3
2020-03-15,36055,7,9,39,58
2020-03-15,36033,0,0,0,2
2020-03-15,36045,0,0,1,3
2020-03-15,36031,0,0,2,5
2020-03-15,36017,0,0,1,1
2020-03-15,36027,3,10,20,57
2020-03-15,36025,0,1,5,12
2020-03-15,36023,0,0,0,2
2020-03-15,36021,0,0,2,12
2020-03-15,36019,0,0,0,9
2020-03-15,36015,0,0,1,2
2020-03-15,36013,0,0,1,3
2020-03-15,36011,0,0,1,4
2020-03-15,36009,0,0,2,7
2020-03-15,36007,0,1,2,14
2020-03-15,36005,29,57,116,485
2020-03-15,36003,2,2,5,11
2020-03-15,36059,23,107,109,499
2020-03-15,36029,3,6,10,68
2020-03-15,36001,6,12,108,281
2020-03-15,36061,60,172,317,1244
2020-03-15,36065,0,0,3,9
2020-03-15,36063,0,0,0,4
2020-03-15,36123,0,0,1,4
2020-03-15,36121,1,1,3,3
2020-03-15,36119,41,223,372,1861
2020-03-15,36117,0,0,3,6
2020-03-15,36115,0,0,5,14
2020-03-15,36113,0,0,12,31
2020-03-15,36111,2,7,16,60
2020-03-15,36107,0,1,1,3
2020-03-15,36105,0,0,2,11
2020-03-15,36103,22,63,95,355
2020-03-15,36101,0,0,0,1
2020-03-15,36089,0,0,1,9
2020-03-15,36099,0,0,1,1
2020-03-15,36109,0,1,4,15
2020-03-15,36095,0,0,0,3
2020-03-15,36097,0,0,1,2
2020-03-15,36069,1,1,5,14
2020-03-15,36071,5,11,36,87
2020-03-15,36073,0,0,0,1
2020-03-15,36075,0,0,0,5
2020-03-15,36077,0,0,1,6
2020-03-15,36079,2,2,10,38
2020-03-15,36067,1,1,27,59
2020-03-15,36083,0,0,50,110
2020-03-15,36085,6,20,27,127
2020-03-15,36087,1,13,35,83
2020-03-15,36091,2,5,66,227
2020-03-15,36093,2,4,42,136
2020-03-15,36081,49,124,198,658
2020-03-16,36031,0,0,0,5
2020-03-16,36033,0,0,3,5
2020-03-16,36035,0,0,1,12
2020-03-16,36037,0,0,3,4
2020-03-16,36039,0,2,9,24
2020-03-16,36041,0,0,0,0
2020-03-16,36049,0,0,0,3
2020-03-16,36045,0,0,0,3
2020-03-16,36047,39,123,171,759
2020-03-16,36051,0,0,0,1
2020-03-16,36053,0,0,1,4
2020-03-16,36055,1,10,29,87
2020-03-16,36043,0,1,0,2
2020-03-16,36029,1,7,2,70
2020-03-16,36057,0,1,1,10
2020-03-16,36025,0,1,0,12
2020-03-16,36023,0,0,2,4
2020-03-16,36021,0,0,13,25
2020-03-16,36019,1,1,1,10
2020-03-16,36001,11,23,140,421
2020-03-16,36017,0,0,2,3
2020-03-16,36015,0,0,0,2
2020-03-16,36013,0,0,0,3
2020-03-16,36011,0,0,2,6
2020-03-16,36009,0,0,0,7
2020-03-16,36007,0,1,1,15
2020-03-16,36005,29,86,151,636
2020-03-16,36003,0,2,1,12
2020-03-16,36027,6,16,32,89
2020-03-16,36059,24,131,112,611
2020-03-16,36105,1,1,9,20
2020-03-16,36063,0,0,1,5
2020-03-16,36061,69,241,398,1642
2020-03-16,36121,0,1,0,3
2020-03-16,36119,157,380,1219,3080
2020-03-16,36117,0,0,3,9
2020-03-16,36115,0,0,4,18
2020-03-16,36113,0,0,14,45
2020-03-16,36111,1,8,12,72
2020-03-16,36109,1,2,17,32
2020-03-16,36107,0,1,3,6
2020-03-16,36103,22,85,109,464
2020-03-16,36101,0,0,0,1
2020-03-16,36089,0,0,0,9
2020-03-16,36099,0,0,1,2
2020-03-16,36097,0,0,2,4
2020-03-16,36123,0,0,0,4
2020-03-16,36093,1,5,27,163
2020-03-16,36095,0,0,0,3
2020-03-16,36067,1,2,55,114
2020-03-16,36069,0,1,1,15
2020-03-16,36071,4,15,36,123
2020-03-16,36073,0,0,5,6
2020-03-16,36075,0,0,4,9
2020-03-16,36065,0,0,1,10
2020-03-16,36079,0,2,5,43
2020-03-16,36081,38,162,136,794
2020-03-16,36083,1,1,39,149
2020-03-16,36085,11,31,35,162
2020-03-16,36087,9,22,39,122
2020-03-16,36091,4,9,55,282
2020-03-16,36077,0,0,0,6
2020-03-17,36033,0,0,1,6
2020-03-17,36035,0,0,0,12
2020-03-17,36037,0,0,5,9
2020-03-17,36041,1,1,2,2
2020-03-17,36043,0,1,0,2
2020-03-17,36051,0,0,4,5
2020-03-17,36049,0,0,1,4
2020-03-17,36031,1,1,2,7
2020-03-17,36053,0,0,0,4
2020-03-17,36055,4,14,75,162
2020-03-17,36057,1,2,14,24
2020-03-17,36045,0,0,2,5
2020-03-17,36029,0,7,2,72
2020-03-17,36023,0,0,1,5
2020-03-17,36025,0,1,0,12
2020-03-17,36059,52,183,218,829
2020-03-17,36021,0,0,14,39
2020-03-17,36019,0,1,3,13
2020-03-17,36017,1,1,1,4
2020-03-17,36015,0,0,0,2
2020-03-17,36013,0,0,0,3
2020-03-17,36011,0,0,2,8
2020-03-17,36009,0,0,0,7
2020-03-17,36007,0,1,6,21
2020-03-17,36005,123,209,433,1069
2020-03-17,36003,0,2,0,12
2020-03-17,36001,13,36,267,688
2020-03-17,36027,4,20,23,112
2020-03-17,36061,161,402,598,2240
2020-03-17,36039,0,2,8,32
2020-03-17,36065,0,0,4,14
2020-03-17,36063,0,0,1,6
2020-03-17,36121,0,1,2,5
2020-03-17,36119,158,538,1026,4106
2020-03-17,36117,0,0,10,19
2020-03-17,36115,1,1,9,27
2020-03-17,36113,1,1,16,61
2020-03-17,36111,1,9,15,87
2020-03-17,36109,1,3,11,43
2020-03-17,36107,0,1,5,11
2020-03-17,36105,0,1,14,34
2020-03-17,36103,31,116,179,643
2020-03-17,36101,0,0,0,1
2020-03-17,36089,0,0,7,16
2020-03-17,36099,0,0,1,3
2020-03-17,36097,0,0,0,4
2020-03-17,36123,0,0,0,4
2020-03-17,36093,9,14,98,261
2020-03-17,36095,0,0,8,11
2020-03-17,36067,0,2,15,129
2020-03-17,36069,0,1,3,18
2020-03-17,36071,17,32,83,206
2020-03-17,36073,0,0,5,11
2020-03-17,36075,0,0,3,12
2020-03-17,36077,0,0,1,7
2020-03-17,36047,264,387,741,1500
2020-03-17,36079,0,2,7,50
2020-03-17,36081,123,285,371,1165
2020-03-17,36083,3,4,70,219
2020-03-17,36085,26,57,61,223
2020-03-17,36087,8,30,29,151
2020-03-17,36091,5,14,76,358
2020-03-18,36037,1,1,9,18
2020-03-18,36039,0,2,16,48
2020-03-18,36041,1,2,8,10
2020-03-18,36043,0,1,1,3
2020-03-18,36001,7,43,331,1019
2020-03-18,36049,0,0,0,4
2020-03-18,36035,1,1,12,24
2020-03-18,36051,0,0,5,10
2020-03-18,36053,0,0,7,11
2020-03-18,36055,13,27,153,315
2020-03-18,36057,0,2,14,38
2020-03-18,36047,273,660,795,2295
2020-03-18,36033,0,0,5,11
2020-03-18,36027,11,31,107,219
2020-03-18,36029,21,28,130,202
2020-03-18,36059,186,369,632,1461
2020-03-18,36025,0,1,1,13
2020-03-18,36023,0,0,1,6
2020-03-18,36021,0,0,32,71
2020-03-18,36019,1,2,21,34
2020-03-18,36015,0,0,2,4
2020-03-18,36013,0,0,3,6
2020-03-18,36011,0,0,2,10
2020-03-18,36009,0,0,5,12
2020-03-18,36007,1,2,9,30
2020-03-18,36005,154,363,597,1666
2020-03-18,36003,0,2,3,15
2020-03-18,36031,0,1,1,8
2020-03-18,36017,1,2,1,5
2020-03-18,36045,1,1,7,12
2020-03-18,36065,2,2,14,28
2020-03-18,36063,1,1,10,16
2020-03-18,36123,0,0,3,7
2020-03-18,36121,1,2,6,11
2020-03-18,36119,261,799,1588,5694
2020-03-18,36117,1,1,15,34
2020-03-18,36115,0,1,5,32
2020-03-18,36113,0,1,8,69
2020-03-18,36111,1,10,41,128
2020-03-18,36109,3,6,18,61
2020-03-18,36107,0,1,0,11
2020-03-18,36105,2,3,23,57
2020-03-18,36103,62,178,361,1004
2020-03-18,36101,0,0,4,5
2020-03-18,36089,0,0,3,19
2020-03-18,36099,0,0,2,5
2020-03-18,36061,335,737,1074,3314
2020-03-18,36095,1,1,8,19
2020-03-18,36097,0,0,1,5
2020-03-18,36069,0,1,8,26
2020-03-18,36071,19,51,94,300
2020-03-18,36073,0,0,3,14
2020-03-18,36075,0,0,8,20
2020-03-18,36077,0,0,2,9
2020-03-18,36067,3,5,98,227
2020-03-18,36081,336,621,768,1933
2020-03-18,36083,2,6,136,355
2020-03-18,36085,33,90,110,333
2020-03-18,36087,23,53,58,209
2020-03-18,36091,4,18,156,514
2020-03-18,36079,3,5,32,82
2020-03-18,36093,4,18,131,392
2020-03-19,36035,0,1,6,30
2020-03-19,36037,0,1,6,24
2020-03-19,36039,0,2,21,69
2020-03-19,36041,0,2,0,10
2020-03-19,36043,1,2,1,4
2020-03-19,36049,0,0,2,6
2020-03-19,36033,0,0,6,17
2020-03-19,36051,1,1,11,21
2020-03-19,36053,0,0,4,15
2020-03-19,36055,5,32,193,508
2020-03-19,36057,0,2,4,42
2020-03-19,36047,674,1334,1553,3848
2020-03-19,36031,0,1,10,18
2020-03-19,36025,0,1,4,17
2020-03-19,36027,5,36,59,278
2020-03-19,36023,0,0,7,13
2020-03-19,36021,1,1,24,95
2020-03-19,36019,0,2,9,43
2020-03-19,36059,385,754,1036,2497
2020-03-19,36015,0,0,6,10
2020-03-19,36013,0,0,1,7
2020-03-19,36011,0,0,3,13
2020-03-19,36009,0,0,2,14
2020-03-19,36007,0,2,3,33
2020-03-19,36005,191,554,605,2271
2020-03-19,36003,0,2,2,17
2020-03-19,36001,18,61,450,1469
2020-03-19,36029,3,31,43,245
2020-03-19,36017,0,2,0,5
2020-03-19,36045,0,1,13,25
2020-03-19,36065,0,2,7,35
2020-03-19,36063,2,3,4,20
2020-03-19,36123,0,0,1,8
2020-03-19,36121,0,2,3,14
2020-03-19,36119,292,1091,1483,7177
2020-03-19,36117,0,1,21,55
2020-03-19,36115,0,1,8,40
2020-03-19,36113,0,1,17,86
2020-03-19,36111,2,12,62,190
2020-03-19,36109,1,7,7,68
2020-03-19,36107,0,1,0,11
2020-03-19,36105,5,8,79,136
2020-03-19,36103,193,371,766,1770
2020-03-19,36101,0,0,3,8
2020-03-19,36089,0,0,7,26
2020-03-19,36099,0,0,2,7
2020-03-19,36061,437,1174,1235,4549
2020-03-19,36095,0,1,10,29
2020-03-19,36097,0,0,0,5
2020-03-19,36069,2,3,15,41
2020-03-19,36071,33,84,180,480
2020-03-19,36073,0,0,6,20
2020-03-19,36075,0,0,3,23
2020-03-19,36077,0,0,10,19
2020-03-19,36067,3,8,60,287
2020-03-19,36081,519,1140,1179,3112
2020-03-19,36083,2,8,156,511
2020-03-19,36085,116,206,272,605
2020-03-19,36087,48,101,192,401
2020-03-19,36091,6,24,102,616
2020-03-19,36093,3,21,115,507
2020-03-19,36079,2,7,35,117
2020-03-20,36087,161,262,569,970
2020-03-20,36085,109,315,334,939
2020-03-20,36083,12,20,166,677
2020-03-20,36081,491,1631,1218,4330
2020-03-20,36079,15,22,79,196
2020-03-20,36073,0,0,5,25
2020-03-20,36075,0,0,11,34
2020-03-20,36071,79,163,377,857
2020-03-20,36069,1,4,25,66
2020-03-20,36067,9,17,133,420
2020-03-20,36091,11,35,279,895
2020-03-20,36065,2,4,59,94
2020-03-20,36077,0,0,20,39
2020-03-20,36093,11,32,157,664
2020-03-20,36107,0,1,5,16
2020-03-20,36097,0,0,9,14
2020-03-20,36099,0,0,6,13
2020-03-20,36089,0,0,7,33
2020-03-20,36101,2,2,27,35
2020-03-20,36103,290,661,1461,3231
2020-03-20,36105,4,12,42,178
2020-03-20,36109,4,11,96,164
2020-03-20,36111,6,18,70,260
2020-03-20,36113,0,1,31,117
2020-03-20,36115,0,1,10,50
2020-03-20,36117,2,3,13,68
2020-03-20,36119,296,1387,1459,8636
2020-03-20,36121,0,2,0,14
2020-03-20,36063,1,4,6,26
2020-03-20,36095,0,1,16,45
2020-03-20,36123,0,0,2,10
2020-03-20,36061,370,1544,1263,5812
2020-03-20,36057,1,3,27,69
2020-03-20,36001,27,88,499,1968
2020-03-20,36003,0,2,10,27
2020-03-20,36005,297,851,884,3155
2020-03-20,36007,0,2,16,49
2020-03-20,36009,0,0,10,24
2020-03-20,36011,0,0,8,21
2020-03-20,36013,0,0,2,9
2020-03-20,36015,0,0,10,20
2020-03-20,36017,0,2,4,9
2020-03-20,36019,2,4,12,55
2020-03-20,36021,1,2,35,130
2020-03-20,36023,0,0,15,28
2020-03-20,36025,0,1,8,25
2020-03-20,36027,13,49,205,483
2020-03-20,36059,479,1233,1706,4203
2020-03-20,36031,1,2,5,23
2020-03-20,36055,10,42,148,656
2020-03-20,36053,0,0,9,24
2020-03-20,36051,1,2,13,34
2020-03-20,36029,7,38,55,300
2020-03-20,36047,538,1872,1378,5226
2020-03-20,36045,0,1,18,43
2020-03-20,36049,0,0,1,7
2020-03-20,36041,0,2,1,11
2020-03-20,36039,0,2,24,93
2020-03-20,36037,0,1,6,30
2020-03-20,36035,0,1,13,43
2020-03-20,36033,0,0,5,22
2020-03-20,36043,1,3,5,9
2020-03-21,36033,0,0,10,32
2020-03-21,36035,0,1,11,54
2020-03-21,36037,0,1,6,36
2020-03-21,36039,0,2,23,116
2020-03-21,36041,0,2,0,11
2020-03-21,36055,15,57,246,902
2020-03-21,36045,0,1,4,47
2020-03-21,36047,893,2765,1941,7167
2020-03-21,36049,0,0,4,11
2020-03-21,36051,0,2,5,39
2020-03-21,36053,1,1,9,33
2020-03-21,36031,1,3,8,31
2020-03-21,36043,1,4,10,19
2020-03-21,36029,16,54,111,411
2020-03-21,36015,0,0,2,22
2020-03-21,36025,2,3,10,35
2020-03-21,36023,1,1,17,45
2020-03-21,36021,3,5,52,182
2020-03-21,36019,0,4,2,57
2020-03-21,36017,1,3,4,13
2020-03-21,36013,0,0,4,13
2020-03-21,36011,0,0,25,46
2020-03-21,36009,0,0,23,47
2020-03-21,36007,1,3,5,54
2020-03-21,36005,367,1218,1044,4199
2020-03-21,36003,0,2,10,37
2020-03-21,36001,35,123,577,2545
2020-03-21,36057,0,3,20,89
2020-03-21,36027,33,82,205,688
2020-03-21,36059,667,1900,1968,6171
2020-03-21,36061,522,2066,1370,7182
2020-03-21,36063,2,6,9,35
2020-03-21,36121,0,2,4,18
2020-03-21,36119,486,1873,2011,10647
2020-03-21,36117,0,3,9,77
2020-03-21,36115,0,1,18,68
2020-03-21,36113,0,1,28,145
2020-03-21,36111,8,26,145,405
2020-03-21,36109,2,13,76,240
2020-03-21,36107,0,1,4,20
2020-03-21,36105,4,16,37,215
2020-03-21,36103,373,1034,1578,4809
2020-03-21,36101,1,3,17,52
2020-03-21,36089,1,1,20,53
2020-03-21,36099,0,0,3,16
2020-03-21,36097,0,0,3,17
2020-03-21,36123,0,0,3,13
2020-03-21,36093,7,39,123,787
2020-03-21,36065,1,5,30,124
2020-03-21,36067,12,29,157,577
2020-03-21,36069,2,6,25,91
2020-03-21,36071,84,247,393,1250
2020-03-21,36095,0,1,6,51
2020-03-21,36075,0,0,19,53
2020-03-21,36073,0,0,7,32
2020-03-21,36079,15,37,75,271
2020-03-21,36081,843,2474,1927,6257
2020-03-21,36083,6,26,173,850
2020-03-21,36085,207,522,645,1584
2020-03-21,36087,193,455,604,1574
2020-03-21,36091,6,41,143,1038
2020-03-21,36077,0,0,11,50
2020-03-22,36033,0,0,8,40
2020-03-22,36035,0,1,11,65
2020-03-22,36037,0,1,2,38
2020-03-22,36039,2,4,32,148
2020-03-22,36041,0,2,0,11
2020-03-22,36055,19,76,416,1318
2020-03-22,36045,1,2,20,67
2020-03-22,36047,702,3467,1506,8673
2020-03-22,36049,0,0,4,15
2020-03-22,36051,1,3,3,42
2020-03-22,36053,3,4,14,47
2020-03-22,36031,0,3,2,33
2020-03-22,36043,0,4,6,25
2020-03-22,36029,33,87,247,658
2020-03-22,36015,0,0,17,39
2020-03-22,36025,0,3,10,45
2020-03-22,36023,1,2,55,100
2020-03-22,36021,5,10,48,230
2020-03-22,36019,2,6,12,69
2020-03-22,36017,0,3,2,15
2020-03-22,36013,0,0,12,25
2020-03-22,36011,2,2,33,79
2020-03-22,36009,0,0,14,61
2020-03-22,36007,4,7,20,74
2020-03-22,36005,606,1824,1276,5475
2020-03-22,36003,0,2,39,76
2020-03-22,36001,4,127,197,2742
2020-03-22,36057,0,3,6,95
2020-03-22,36027,18,100,135,823
2020-03-22,36059,542,2442,1323,7494
2020-03-22,36123,0,0,3,16
2020-03-22,36063,4,10,38,73
2020-03-22,36061,607,2673,1367,8549
2020-03-22,36121,2,4,11,29
2020-03-22,36119,1021,2894,4037,14684
2020-03-22,36117,3,6,14,91
2020-03-22,36115,2,3,52,120
2020-03-22,36113,1,2,81,226
2020-03-22,36111,9,35,54,459
2020-03-22,36109,2,15,115,355
2020-03-22,36105,7,23,83,298
2020-03-22,36103,424,1458,1153,5962
2020-03-22,36101,1,4,10,62
2020-03-22,36089,0,1,9,62
2020-03-22,36099,0,0,4,20
2020-03-22,36097,0,0,7,24
2020-03-22,36107,0,1,4,24
2020-03-22,36093,5,44,62,849
2020-03-22,36095,0,1,3,54
2020-03-22,36067,23,52,538,1115
2020-03-22,36069,0,6,5,96
2020-03-22,36071,142,389,472,1722
2020-03-22,36073,0,0,4,36
2020-03-22,36075,1,1,23,76
2020-03-22,36077,1,1,10,60
2020-03-22,36065,2,7,36,160
2020-03-22,36081,1152,3626,2048,8305
2020-03-22,36083,3,29,78,928
2020-03-22,36085,193,715,417,2001
2020-03-22,36087,137,592,393,1967
2020-03-22,36091,12,53,164,1202
2020-03-22,36079,8,45,47,318
2020-03-23,36031,0,3,11,44
2020-03-23,36033,0,0,3,43
2020-03-23,36035,0,1,11,76
2020-03-23,36037,0,1,8,46
2020-03-23,36039,0,4,8,156
2020-03-23,36041,0,2,2,13
2020-03-23,36049,0,0,5,20
2020-03-23,36045,0,2,1,68
2020-03-23,36047,700,4167,1422,10095
2020-03-23,36051,0,3,1,43
2020-03-23,36053,1,5,10,57
2020-03-23,36055,20,96,219,1537
2020-03-23,36043,0,4,3,28
2020-03-23,36029,20,107,100,758
2020-03-23,36057,0,3,5,100
2020-03-23,36025,0,3,5,50
2020-03-23,36023,0,2,30,130
2020-03-23,36021,1,11,10,240
2020-03-23,36019,2,8,17,86
2020-03-23,36017,0,3,3,18
2020-03-23,36015,1,1,17,56
2020-03-23,36013,0,0,4,29
2020-03-23,36011,0,2,10,89
2020-03-23,36009,0,0,12,73
2020-03-23,36007,2,9,18,92
2020-03-23,36005,455,2279,970,6445
2020-03-23,36003,0,2,2,78
2020-03-23,36001,19,146,144,2886
2020-03-23,36027,24,124,111,934
2020-03-23,36059,427,2869,993,8487
2020-03-23,36123,0,0,3,19
2020-03-23,36063,1,11,15,88
2020-03-23,36121,0,4,8,37
2020-03-23,36119,997,3891,3282,17966
2020-03-23,36117,0,6,17,108
2020-03-23,36115,0,3,7,127
2020-03-23,36113,0,2,8,234
2020-03-23,36111,12,47,117,576
2020-03-23,36109,1,16,111,466
2020-03-23,36107,0,1,3,27
2020-03-23,36105,7,30,44,342
2020-03-23,36103,422,1880,1047,7009
2020-03-23,36101,1,5,2,64
2020-03-23,36089,0,1,6,68
2020-03-23,36099,0,0,11,31
2020-03-23,36097,0,0,8,32
2020-03-23,36061,405,3078,990,9539
2020-03-23,36093,2,46,50,899
2020-03-23,36065,1,8,24,184
2020-03-23,36067,8,60,129,1244
2020-03-23,36069,1,7,13,109
2020-03-23,36071,109,498,340,2062
2020-03-23,36095,0,1,1,55
2020-03-23,36075,1,2,28,104
2020-03-23,36073,2,2,9,45
2020-03-23,36079,22,67,70,388
2020-03-23,36081,839,4465,1518,9823
2020-03-23,36083,1,30,47,975
2020-03-23,36085,200,915,487,2488
2020-03-23,36087,79,671,315,2282
2020-03-23,36091,7,60,76,1278
2020-03-23,36077,0,1,11,71
2020-03-24,36035,0,1,4,80
2020-03-24,36037,1,2,7,53
2020-03-24,36039,0,4,3,159
2020-03-24,36041,0,2,1,14
2020-03-24,36043,1,5,5,33
2020-03-24,36057,1,4,5,105
2020-03-24,36047,779,4946,1474,11569
2020-03-24,36049,0,0,0,20
2020-03-24,36051,0,3,9,52
2020-03-24,36053,2,7,15,72
2020-03-24,36055,22,118,172,1709
2020-03-24,36033,1,1,4,47
2020-03-24,36045,0,2,13,81
2020-03-24,36031,1,4,6,50
2020-03-24,36017,0,3,6,24
2020-03-24,36027,29,153,146,1080
2020-03-24,36025,2,5,5,55
2020-03-24,36023,0,2,3,133
2020-03-24,36021,1,12,15,255
2020-03-24,36019,2,10,14,100
2020-03-24,36015,0,1,5,61
2020-03-24,36013,1,1,3,32
2020-03-24,36011,0,2,5,94
2020-03-24,36009,0,0,3,76
2020-03-24,36007,2,11,13,105
2020-03-24,36005,611,2890,1188,7633
2020-03-24,36003,0,2,5,83
2020-03-24,36059,416,3285,896,9383
2020-03-24,36029,15,122,114,872
2020-03-24,36001,6,152,198,3084
2020-03-24,36061,442,3520,1065,10604
2020-03-24,36065,1,9,48,232
2020-03-24,36063,1,12,16,104
2020-03-24,36123,0,0,3,22
2020-03-24,36121,0,4,7,44
2020-03-24,36119,800,4691,2371,20337
2020-03-24,36117,1,7,15,123
2020-03-24,36115,1,4,25,152
2020-03-24,36113,0,2,52,286
2020-03-24,36111,18,65,81,657
2020-03-24,36107,0,1,1,28
2020-03-24,36105,9,39,23,365
2020-03-24,36103,380,2260,854,7863
2020-03-24,36101,3,8,13,77
2020-03-24,36089,0,1,10,78
2020-03-24,36099,0,0,0,31
2020-03-24,36109,0,16,2,468
2020-03-24,36095,1,2,3,58
2020-03-24,36097,0,0,0,32
2020-03-24,36069,2,9,19,128
2020-03-24,36071,140,638,298,2360
2020-03-24,36073,0,2,7,52
2020-03-24,36075,0,2,13,117
2020-03-24,36077,1,2,5,76
2020-03-24,36079,16,83,51,439
2020-03-24,36067,5,65,124,1368
2020-03-24,36083,1,31,26,1001
2020-03-24,36085,110,1025,223,2711
2020-03-24,36087,297,968,592,2874
2020-03-24,36091,4,64,69,1347
2020-03-24,36093,9,55,53,952
2020-03-24,36081,1010,5475,1736,11559
2020-03-25,36031,0,4,7,57
2020-03-25,36033,0,1,5,52
2020-03-25,36035,0,1,2,82
2020-03-25,36037,2,4,19,72
2020-03-25,36039,1,5,11,170
2020-03-25,36041,0,2,0,14
2020-03-25,36049,0,0,5,25
2020-03-25,36045,1,3,31,112
2020-03-25,36047,755,5701,1550,13119
2020-03-25,36051,0,3,15,67
2020-03-25,36053,2,9,28,100
2020-03-25,36055,21,139,255,1964
2020-03-25,36043,2,7,6,39
2020-03-25,36029,12,134,116,988
2020-03-25,36057,1,5,5,110
2020-03-25,36025,2,7,12,67
2020-03-25,36023,0,2,41,174
2020-03-25,36021,1,13,22,277
2020-03-25,36019,1,11,16,116
2020-03-25,36017,0,3,1,25
2020-03-25,36015,6,7,57,118
2020-03-25,36013,0,1,4,36
2020-03-25,36011,0,2,13,107
2020-03-25,36009,0,0,12,88
2020-03-25,36007,5,16,37,142
2020-03-25,36005,838,3728,1770,9403
2020-03-25,36003,0,2,6,89
2020-03-25,36001,19,171,93,3177
2020-03-25,36027,37,190,209,1289
2020-03-25,36059,629,3914,1735,11118
2020-03-25,36123,0,0,1,23
2020-03-25,36063,2,14,10,114
2020-03-25,36121,3,7,9,53
2020-03-25,36119,1253,5944,5951,26288
2020-03-25,36117,1,8,37,160
2020-03-25,36115,0,4,18,170
2020-03-25,36113,0,2,16,302
2020-03-25,36111,13,78,71,728
2020-03-25,36109,6,22,89,557
2020-03-25,36107,1,2,12,40
2020-03-25,36105,14,53,53,418
2020-03-25,36103,475,2735,1189,9052
2020-03-25,36101,3,11,30,107
2020-03-25,36089,1,2,14,92
2020-03-25,36099,0,0,6,37
2020-03-25,36097,0,0,1,33
2020-03-25,36061,542,4062,1232,11836
2020-03-25,36093,7,62,32,984
2020-03-25,36095,0,2,2,60
2020-03-25,36067,18,83,266,1634
2020-03-25,36069,2,11,21,149
2020-03-25,36071,113,751,322,2682
2020-03-25,36073,0,2,11,63
2020-03-25,36075,2,4,25,142
2020-03-25,36065,4,13,22,254
2020-03-25,36079,11,94,75,514
2020-03-25,36081,1238,6713,2110,13669
2020-03-25,36083,1,32,22,1023
2020-03-25,36085,164,1189,293,3004
2020-03-25,36087,229,1197,567,3441
2020-03-25,36077,1,3,6,82
2020-03-25,36091,9,73,55,1402
2020-03-26,36033,1,2,11,63
2020-03-26,36035,0,1,5,87
2020-03-26,36037,2,6,21,93
2020-03-26,36039,1,6,11,181
2020-03-26,36041,0,2,0,14
2020-03-26,36049,0,0,5,30
2020-03-26,36047,1106,6807,1905,15024
2020-03-26,36051,0,3,8,75
2020-03-26,36053,8,17,23,123
2020-03-26,36055,21,160,232,2196
2020-03-26,36031,0,4,6,63
2020-03-26,36043,2,9,9,48
2020-03-26,36029,85,219,348,1336
2020-03-26,36015,4,11,48,166
2020-03-26,36025,1,8,7,74
2020-03-26,36023,2,4,34,208
2020-03-26,36021,7,20,20,297
2020-03-26,36019,0,11,6,122
2020-03-26,36017,1,4,6,31
2020-03-26,36057,0,5,7,117
2020-03-26,36013,0,1,20,56
2020-03-26,36011,0,2,25,132
2020-03-26,36009,0,0,13,101
2020-03-26,36007,2,18,25,167
2020-03-26,36005,829,4557,1428,10831
2020-03-26,36003,0,2,9,98
2020-03-26,36001,16,187,112,3289
2020-03-26,36027,35,225,155,1444
2020-03-26,36059,743,4657,1412,12530
2020-03-26,36045,0,3,23,135
2020-03-26,36123,0,0,2,25
2020-03-26,36063,9,23,55,169
2020-03-26,36121,0,7,14,67
2020-03-26,36119,1243,7187,3227,29515
2020-03-26,36117,3,11,27,187
2020-03-26,36115,2,6,19,189
2020-03-26,36113,6,8,54,356
2020-03-26,36111,21,99,83,811
2020-03-26,36109,4,26,109,666
2020-03-26,36107,0,2,10,50
2020-03-26,36105,11,64,62,480
2020-03-26,36103,650,3385,1333,10385
2020-03-26,36101,1,12,25,132
2020-03-26,36089,1,3,29,121
2020-03-26,36099,0,0,11,48
2020-03-26,36097,0,0,8,41
2020-03-26,36061,523,4585,1062,12898
2020-03-26,36093,4,66,41,1025
2020-03-26,36065,0,13,41,295
2020-03-26,36067,32,115,444,2078
2020-03-26,36069,3,14,29,178
2020-03-26,36071,160,911,394,3076
2020-03-26,36095,1,3,3,63
2020-03-26,36075,0,4,18,160
2020-03-26,36073,1,3,11,74
2020-03-26,36079,17,111,47,561
2020-03-26,36081,1324,8037,2115,15784
2020-03-26,36083,3,35,26,1049
2020-03-26,36085,223,1412,413,3417
2020-03-26,36087,260,1457,588,4029
2020-03-26,36091,9,82,69,1471
2020-03-26,36077,2,5,12,94
2020-03-27,36035,0,1,10,97
2020-03-27,36037,1,7,19,112
2020-03-27,36039,1,7,6,187
2020-03-27,36041,0,2,0,14
2020-03-27,36043,0,9,8,56
2020-03-27,36057,0,5,10,127
2020-03-27,36047,1238,8045,2254,17278
2020-03-27,36049,0,0,6,36
2020-03-27,36051,2,5,11,86
2020-03-27,36053,2,19,28,151
2020-03-27,36055,32,192,253,2449
2020-03-27,36033,2,4,10,73
2020-03-27,36045,3,6,45,180
2020-03-27,36031,0,4,5,68
2020-03-27,36017,4,8,13,44
2020-03-27,36027,37,262,200,1644
2020-03-27,36025,0,8,13,87
2020-03-27,36023,1,5,45,253
2020-03-27,36021,2,22,15,312
2020-03-27,36019,1,12,22,144
2020-03-27,36015,1,12,48,214
2020-03-27,36013,4,5,19,75
2020-03-27,36011,0,2,26,158
2020-03-27,36009,1,1,25,126
2020-03-27,36007,5,23,37,204
2020-03-27,36005,846,5403,1478,12309
2020-03-27,36003,0,2,4,102
2020-03-27,36001,8,195,101,3390
2020-03-27,36029,99,318,370,1706
2020-03-27,36059,880,5537,1827,14357
2020-03-27,36061,631,5216,1314,14212
2020-03-27,36065,10,23,43,338
2020-03-27,36123,0,0,10,35
2020-03-27,36121,0,7,15,82
2020-03-27,36119,688,7875,1588,31103
2020-03-27,36117,1,12,32,219
2020-03-27,36115,0,6,40,229
2020-03-27,36113,5,13,59,415
2020-03-27,36111,29,128,124,935
2020-03-27,36109,19,45,182,848
2020-03-27,36107,2,4,18,68
2020-03-27,36105,8,72,49,529
2020-03-27,36103,753,4138,1690,12075
2020-03-27,36101,1,13,27,159
2020-03-27,36089,5,8,82,203
2020-03-27,36099,0,0,16,64
2020-03-27,36063,10,33,57,226
2020-03-27,36095,2,5,9,72
2020-03-27,36067,14,129,352,2430
2020-03-27,36069,2,16,34,212
2020-03-27,36071,190,1101,498,3574
2020-03-27,36073,0,3,8,82
2020-03-27,36097,1,1,6,47
2020-03-27,36077,2,7,19,113
2020-03-27,36075,3,7,38,198
2020-03-27,36081,1238,9275,2055,17839
2020-03-27,36083,3,38,37,1086
2020-03-27,36085,415,1827,847,4264
2020-03-27,36087,439,1896,1078,5107
2020-03-27,36091,14,96,82,1553
2020-03-27,36093,6,72,43,1068
2020-03-27,36079,20,131,84,645
2020-03-28,36035,0,1,10,107
2020-03-28,36037,2,9,6,118
2020-03-28,36039,0,7,6,193
2020-03-28,36041,0,2,0,14
2020-03-28,36043,1,10,14,70
2020-03-28,36057,1,6,6,133
2020-03-28,36047,973,9018,1790,19068
2020-03-28,36049,2,2,7,43
2020-03-28,36051,5,10,17,103
2020-03-28,36053,5,24,34,185
2020-03-28,36055,27,219,282,2731
2020-03-28,36033,2,6,9,82
2020-03-28,36045,1,7,52,232
2020-03-28,36031,0,4,3,71
2020-03-28,36017,7,15,15,59
2020-03-28,36027,58,320,195,1839
2020-03-28,36025,0,8,4,91
2020-03-28,36023,1,6,28,281
2020-03-28,36021,1,23,11,323
2020-03-28,36019,1,13,18,162
2020-03-28,36015,3,15,25,239
2020-03-28,36013,0,5,20,95
2020-03-28,36011,0,2,32,190
2020-03-28,36009,3,4,13,139
2020-03-28,36007,6,29,45,249
2020-03-28,36005,901,6304,1529,13838
2020-03-28,36003,4,6,12,114
2020-03-28,36059,908,6445,2107,16464
2020-03-28,36029,40,358,126,1832
2020-03-28,36001,10,205,73,3463
2020-03-28,36061,590,5806,1160,15372
2020-03-28,36065,3,26,26,364
2020-03-28,36063,5,38,18,244
2020-03-28,36123,0,0,7,42
2020-03-28,36121,1,8,13,95
2020-03-28,36119,644,8519,1410,32513
2020-03-28,36117,0,12,13,232
2020-03-28,36115,1,7,20,249
2020-03-28,36113,5,18,38,453
2020-03-28,36111,18,146,82,1017
2020-03-28,36107,0,4,21,89
2020-03-28,36105,16,88,91,620
2020-03-28,36103,885,5023,2155,14230
2020-03-28,36101,4,17,22,181
2020-03-28,36089,4,12,65,268
2020-03-28,36099,0,0,4,68
2020-03-28,36109,7,52,128,976
2020-03-28,36095,0,5,5,77
2020-03-28,36097,0,1,7,54
2020-03-28,36069,2,18,26,238
2020-03-28,36071,146,1247,373,3947
2020-03-28,36073,0,3,3,85
2020-03-28,36075,1,8,35,233
2020-03-28,36077,3,10,21,134
2020-03-28,36079,13,144,41,686
2020-03-28,36067,23,152,487,2917
2020-03-28,36083,1,39,12,1098
2020-03-28,36085,402,2229,878,5142
2020-03-28,36087,313,2209,827,5934
2020-03-28,36091,6,102,51,1604
2020-03-28,36093,4,76,28,1096
2020-03-28,36081,1136,10411,1845,19684
2020-03-29,36033,0,6,14,96
2020-03-29,36035,0,1,12,119
2020-03-29,36037,0,9,12,130
2020-03-29,36039,3,10,13,206
2020-03-29,36041,0,2,0,14
2020-03-29,36043,2,12,8,78
2020-03-29,36051,2,12,10,113
2020-03-29,36047,1011,10029,1627,20695
2020-03-29,36049,0,2,16,59
2020-03-29,36053,10,34,30,215
2020-03-29,36055,23,242,129,2860
2020-03-29,36057,0,6,2,135
2020-03-29,36045,4,11,100,332
2020-03-29,36031,0,4,3,74
2020-03-29,36001,12,217,61,3524
2020-03-29,36027,72,392,227,2066
2020-03-29,36025,3,11,12,103
2020-03-29,36023,2,8,48,329
2020-03-29,36021,3,26,26,349
2020-03-29,36019,4,17,19,181
2020-03-29,36017,2,17,7,66
2020-03-29,36015,0,15,7,246
2020-03-29,36013,0,5,3,98
2020-03-29,36011,1,3,37,227
2020-03-29,36009,2,6,7,146
2020-03-29,36007,6,35,36,285
2020-03-29,36005,658,6962,1160,14998
2020-03-29,36003,1,7,7,121
2020-03-29,36059,899,7344,1830,18294
2020-03-29,36061,422,6228,788,16160
2020-03-29,36029,18,376,67,1899
2020-03-29,36065,8,34,26,390
2020-03-29,36123,0,0,2,44
2020-03-29,36121,0,8,7,102
2020-03-29,36119,807,9326,1595,34108
2020-03-29,36117,3,15,24,256
2020-03-29,36115,0,7,10,259
2020-03-29,36113,0,18,3,456
2020-03-29,36111,44,190,194,1211
2020-03-29,36109,14,66,157,1133
2020-03-29,36107,0,4,15,104
2020-03-29,36105,13,101,53,673
2020-03-29,36103,768,5791,1598,15828
2020-03-29,36101,2,19,8,189
2020-03-29,36089,1,13,44,312
2020-03-29,36099,0,0,5,73
2020-03-29,36063,3,41,6,250
2020-03-29,36095,1,6,3,80
2020-03-29,36067,28,180,206,3123
2020-03-29,36069,2,20,16,254
2020-03-29,36071,188,1435,394,4341
2020-03-29,36073,1,4,11,96
2020-03-29,36097,1,2,6,60
2020-03-29,36077,7,17,16,150
2020-03-29,36075,6,14,53,286
2020-03-29,36081,1258,11669,1915,21599
2020-03-29,36083,1,40,25,1123
2020-03-29,36085,336,2565,711,5853
2020-03-29,36087,302,2511,604,6538
2020-03-29,36091,3,105,15,1619
2020-03-29,36093,4,80,12,1108
2020-03-29,36079,23,167,63,749
2020-03-30,36033,3,9,10,106
2020-03-30,36035,0,1,5,124
2020-03-30,36037,1,10,24,154
2020-03-30,36039,6,16,15,221
2020-03-30,36041,0,2,0,14
2020-03-30,36055,50,292,383,3243
2020-03-30,36045,1,12,19,351
2020-03-30,36047,1888,11917,3113,23808
2020-03-30,36049,0,2,5,64
2020-03-30,36051,1,13,10,123
2020-03-30,36053,7,41,39,254
2020-03-30,36031,0,4,5,79
2020-03-30,36043,0,12,1,79
2020-03-30,36029,62,438,189,2088
2020-03-30,36015,5,20,47,293
2020-03-30,36025,5,16,11,114
2020-03-30,36023,0,8,9,338
2020-03-30,36021,4,30,14,363
2020-03-30,36019,4,21,9,190
2020-03-30,36017,2,19,9,75
2020-03-30,36013,1,6,9,107
2020-03-30,36011,0,3,10,237
2020-03-30,36009,0,6,5,151
2020-03-30,36007,3,38,48,333
2020-03-30,36005,804,7766,1341,16339
2020-03-30,36003,0,7,4,125
2020-03-30,36001,9,226,72,3596
2020-03-30,36057,1,7,8,143
2020-03-30,36027,92,484,300,2366
2020-03-30,36059,1200,8544,2261,20555
2020-03-30,36061,648,6876,1422,17582
2020-03-30,36063,1,42,15,265
2020-03-30,36121,1,9,13,115
2020-03-30,36119,641,9967,1515,35623
2020-03-30,36117,4,19,28,284
2020-03-30,36115,3,10,7,266
2020-03-30,36113,0,18,6,462
2020-03-30,36111,21,211,123,1334
2020-03-30,36109,0,66,18,1151
2020-03-30,36107,3,7,21,125
2020-03-30,36105,8,109,33,706
2020-03-30,36103,922,6713,1857,17685
2020-03-30,36101,5,24,39,228
2020-03-30,36089,17,30,74,386
2020-03-30,36099,2,2,7,80
2020-03-30,36097,0,2,6,66
2020-03-30,36123,0,0,3,47
2020-03-30,36093,5,85,33,1141
2020-03-30,36065,6,40,57,447
2020-03-30,36067,14,194,139,3262
2020-03-30,36069,2,22,26,280
2020-03-30,36071,121,1556,306,4647
2020-03-30,36095,0,6,4,84
2020-03-30,36075,1,15,30,316
2020-03-30,36073,2,6,14,110
2020-03-30,36079,19,186,71,820
2020-03-30,36081,2022,13691,3325,24924
2020-03-30,36083,1,41,20,1143
2020-03-30,36085,324,2889,691,6544
2020-03-30,36087,352,2863,739,7277
2020-03-30,36091,3,108,23,1642
2020-03-30,36077,1,18,8,158
2020-03-31,36033,0,9,9,115
2020-03-31,36035,1,2,5,129
2020-03-31,36037,3,13,28,182
2020-03-31,36039,2,18,9,230
2020-03-31,36041,0,2,0,14
2020-03-31,36055,57,349,356,3599
2020-03-31,36045,0,12,14,365
2020-03-31,36047,1198,13115,2011,25819
2020-03-31,36049,0,2,3,67
2020-03-31,36051,1,14,24,147
2020-03-31,36053,10,51,55,309
2020-03-31,36031,2,6,8,87
2020-03-31,36043,0,12,4,83
2020-03-31,36029,26,464,119,2207
2020-03-31,36015,2,22,42,335
2020-03-31,36025,4,20,13,127
2020-03-31,36023,0,8,12,350
2020-03-31,36021,1,31,12,375
2020-03-31,36019,4,25,21,211
2020-03-31,36017,7,26,20,95
2020-03-31,36013,0,6,9,116
2020-03-31,36011,0,3,9,246
2020-03-31,36009,1,7,12,163
2020-03-31,36007,4,42,35,368
2020-03-31,36005,1095,8861,1818,18157
2020-03-31,36003,2,9,10,135
2020-03-31,36001,14,240,108,3704
2020-03-31,36057,0,7,4,147
2020-03-31,36027,63,547,196,2562
2020-03-31,36059,1010,9554,1845,22400
2020-03-31,36123,0,0,7,54
2020-03-31,36063,4,46,13,278
2020-03-31,36061,497,7373,1015,18597
2020-03-31,36121,1,10,10,125
2020-03-31,36119,716,10683,1567,37190
2020-03-31,36117,5,24,33,317
2020-03-31,36115,0,10,5,271
2020-03-31,36113,0,18,7,469
2020-03-31,36111,10,221,51,1385
2020-03-31,36109,2,68,15,1166
2020-03-31,36105,12,121,55,761
2020-03-31,36103,892,7605,1620,19305
2020-03-31,36101,14,38,56,284
2020-03-31,36089,4,34,32,418
2020-03-31,36099,0,2,1,81
2020-03-31,36097,0,2,1,67
2020-03-31,36107,0,7,15,140
2020-03-31,36093,8,93,22,1163
2020-03-31,36095,2,8,7,91
2020-03-31,36067,23,217,163,3425
2020-03-31,36069,2,24,37,317
2020-03-31,36071,200,1756,477,5124
2020-03-31,36073,0,6,6,116
2020-03-31,36075,2,17,27,343
2020-03-31,36077,1,19,19,177
2020-03-31,36065,10,50,58,505
2020-03-31,36081,1211,14902,1871,26795
2020-03-31,36083,2,43,19,1162
2020-03-31,36085,299,3188,616,7160
2020-03-31,36087,458,3321,930,8207
2020-03-31,36091,14,122,78,1720
2020-03-31,36079,21,207,57,877
2020-04-01,36031,0,6,2,89
2020-04-01,36033,0,9,8,123
2020-04-01,36035,4,6,10,139
2020-04-01,36037,1,14,39,221
2020-04-01,36039,3,21,11,241
2020-04-01,36041,0,2,3,17
2020-04-01,36049,0,2,5,72
2020-04-01,36045,3,15,53,418
2020-04-01,36047,1189,14304,2041,27860
2020-04-01,36051,0,14,17,164
2020-04-01,36053,9,60,67,376
2020-04-01,36055,71,420,381,3980
2020-04-01,36043,2,14,9,92
2020-04-01,36029,153,617,571,2778
2020-04-01,36057,1,8,10,157
2020-04-01,36025,2,22,7,134
2020-04-01,36023,0,8,42,392
2020-04-01,36021,5,36,21,396
2020-04-01,36019,0,25,5,216
2020-04-01,36017,2,28,16,111
2020-04-01,36015,0,22,14,349
2020-04-01,36013,2,8,8,124
2020-04-01,36011,1,4,25,271
2020-04-01,36009,1,8,28,191
2020-04-01,36007,4,46,43,411
2020-04-01,36005,1066,9927,1754,19911
2020-04-01,36003,3,12,14,149
2020-04-01,36001,13,253,106,3810
2020-04-01,36027,120,667,330,2892
2020-04-01,36059,1033,10587,1908,24308
2020-04-01,36123,1,1,8,62
2020-04-01,36063,30,76,89,367
2020-04-01,36121,4,14,12,137
2020-04-01,36119,884,11567,1891,39081
2020-04-01,36117,3,27,28,345
2020-04-01,36115,2,12,9,280
2020-04-01,36113,0,18,9,478
2020-04-01,36111,19,240,118,1503
2020-04-01,36109,6,74,126,1292
2020-04-01,36107,0,7,14,154
2020-04-01,36105,22,143,96,857
2020-04-01,36103,1141,8746,2148,21453
2020-04-01,36101,5,43,25,309
2020-04-01,36089,5,39,30,448
2020-04-01,36099,2,4,14,95
2020-04-01,36097,1,3,8,75
2020-04-01,36061,470,7843,1002,19599
2020-04-01,36093,8,101,31,1194
2020-04-01,36065,11,61,82,587
2020-04-01,36067,17,234,191,3616
2020-04-01,36069,2,26,29,346
2020-04-01,36071,237,1993,628,5752
2020-04-01,36095,0,8,10,101
2020-04-01,36075,5,22,80,423
2020-04-01,36073,0,6,11,127
2020-04-01,36079,9,216,46,923
2020-04-01,36081,1366,16268,2157,28952
2020-04-01,36083,10,53,42,1204
2020-04-01,36085,279,3467,559,7719
2020-04-01,36087,430,3751,904,9111
2020-04-01,36091,10,132,69,1789
2020-04-01,36077,2,21,17,194
2020-04-02,36035,0,6,10,149
2020-04-02,36037,2,16,23,244
2020-04-02,36039,2,23,16,257
2020-04-02,36041,0,2,0,17
2020-04-02,36043,0,14,19,111
2020-04-02,36057,2,10,8,165
2020-04-02,36047,1396,15700,2512,30372
2020-04-02,36049,0,2,5,77
2020-04-02,36051,2,16,12,176
2020-04-02,36053,10,70,70,446
2020-04-02,36055,44,464,336,4316
2020-04-02,36033,1,10,19,142
2020-04-02,36045,3,18,56,474
2020-04-02,36031,0,6,2,91
2020-04-02,36017,4,32,17,128
2020-04-02,36027,142,809,415,3307
2020-04-02,36025,2,24,9,143
2020-04-02,36023,2,10,54,446
2020-04-02,36021,6,42,22,418
2020-04-02,36019,5,30,16,232
2020-04-02,36015,13,35,84,433
2020-04-02,36013,1,9,15,139
2020-04-02,36011,2,6,36,307
2020-04-02,36009,1,9,24,215
2020-04-02,36007,10,56,72,483
2020-04-02,36005,1159,11086,1946,21857
2020-04-02,36003,2,14,18,167
2020-04-02,36059,1437,12024,2663,26971
2020-04-02,36029,103,720,429,3207
2020-04-02,36001,14,267,105,3915
2020-04-02,36061,609,8452,1294,20893
2020-04-02,36065,10,71,77,664
2020-04-02,36063,18,94,61,428
2020-04-02,36123,0,1,7,69
2020-04-02,36121,1,15,11,148
2020-04-02,36119,784,12351,1632,40713
2020-04-02,36117,3,30,28,373
2020-04-02,36115,3,15,13,293
2020-04-02,36113,1,19,11,489
2020-04-02,36111,23,263,125,1628
2020-04-02,36107,0,7,18,172
2020-04-02,36105,25,168,140,997
2020-04-02,36103,1408,10154,2575,24028
2020-04-02,36101,3,46,36,345
2020-04-02,36089,4,43,54,502
2020-04-02,36099,2,6,13,108
2020-04-02,36109,10,84,160,1452
2020-04-02,36095,1,9,5,106
2020-04-02,36097,0,3,13,88
2020-04-02,36069,2,28,29,375
2020-04-02,36071,404,2397,1114,6866
2020-04-02,36073,3,9,13,140
2020-04-02,36075,4,26,82,505
2020-04-02,36077,0,21,12,206
2020-04-02,36079,36,252,90,1013
2020-04-02,36067,18,252,195,3811
2020-04-02,36083,3,56,31,1235
2020-04-02,36085,287,3754,563,8282
2020-04-02,36087,538,4289,997,10108
2020-04-02,36091,9,141,53,1842
2020-04-02,36093,9,110,42,1236
2020-04-02,36081,1899,18167,3048,32000
2020-04-03,36057,3,13,11,176
2020-04-03,36033,0,10,4,146
2020-04-03,36035,3,9,24,173
2020-04-03,36037,4,20,30,274
2020-04-03,36039,1,24,10,267
2020-04-03,36041,0,2,0,17
2020-04-03,36049,0,2,5,82
2020-04-03,36045,2,20,38,512
2020-04-03,36047,1804,17504,3234,33606
2020-04-03,36051,2,18,18,194
2020-04-03,36053,4,74,20,466
2020-04-03,36055,48,512,328,4644
2020-04-03,36043,4,18,27,138
2020-04-03,36031,1,7,7,98
2020-04-03,36001,26,293,123,4038
2020-04-03,36027,129,938,447,3754
2020-04-03,36025,2,26,18,161
2020-04-03,36023,0,10,32,478
2020-04-03,36021,7,49,20,438
2020-04-03,36019,1,31,11,243
2020-04-03,36017,7,39,40,168
2020-04-03,36015,1,36,28,461
2020-04-03,36013,1,10,20,159
2020-04-03,36011,1,7,15,322
2020-04-03,36009,0,9,8,223
2020-04-03,36007,9,65,55,538
2020-04-03,36005,1229,12315,2108,23965
2020-04-03,36003,2,16,13,180
2020-04-03,36029,88,808,317,3524
2020-04-03,36059,1322,13346,2694,29665
2020-04-03,36093,7,117,38,1274
2020-04-03,36063,7,101,47,475
2020-04-03,36123,0,1,3,72
2020-04-03,36121,3,18,11,159
2020-04-03,36119,730,13081,1621,42334
2020-04-03,36117,0,30,35,408
2020-04-03,36115,1,16,9,302
2020-04-03,36113,1,20,7,496
2020-04-03,36111,27,290,141,1769
2020-04-03,36109,1,85,81,1533
2020-04-03,36107,0,7,9,181
2020-04-03,36105,25,193,133,1130
2020-04-03,36103,1216,11370,2463,26491
2020-04-03,36101,9,55,27,372
2020-04-03,36089,9,52,81,583
2020-04-03,36099,0,6,7,115
2020-04-03,36061,848,9300,1820,22713
2020-04-03,36095,1,10,21,127
2020-04-03,36065,9,80,58,722
2020-04-03,36067,10,262,221,4032
2020-04-03,36069,3,31,36,411
2020-04-03,36071,344,2741,1046,7912
2020-04-03,36097,1,4,5,93
2020-04-03,36075,0,26,31,536
2020-04-03,36073,1,10,11,151
2020-04-03,36079,31,283,96,1109
2020-04-03,36081,1947,20114,3407,35407
2020-04-03,36083,2,58,18,1253
2020-04-03,36085,319,4073,679,8961
2020-04-03,36087,583,4872,1124,11232
2020-04-03,36091,0,141,57,1899
2020-04-03,36077,5,26,53,259
2020-04-04,36033,0,10,6,152
2020-04-04,36035,0,9,12,185
2020-04-04,36037,2,22,12,286
2020-04-04,36039,0,24,7,274
2020-04-04,36041,0,2,0,17
2020-04-04,36055,36,548,277,4921
2020-04-04,36045,6,26,75,587
2020-04-04,36047,1054,18558,1990,35596
2020-04-04,36049,1,3,19,101
2020-04-04,36051,1,19,27,221
2020-04-04,36053,5,79,28,494
2020-04-04,36031,0,7,4,102
2020-04-04,36043,4,22,46,184
2020-04-04,36029,110,918,402,3926
2020-04-04,36015,2,38,35,496
2020-04-04,36025,1,27,12,173
2020-04-04,36023,0,10,38,516
2020-04-04,36021,2,51,15,453
2020-04-04,36019,2,33,23,266
2020-04-04,36017,4,43,17,185
2020-04-04,36013,1,11,28,187
2020-04-04,36011,1,8,32,354
2020-04-04,36009,1,10,12,235
2020-04-04,36007,6,71,36,574
2020-04-04,36005,1053,13368,1778,25743
2020-04-04,36003,0,16,8,188
2020-04-04,36001,12,305,117,4155
2020-04-04,36057,2,15,14,190
2020-04-04,36027,139,1077,352,4106
2020-04-04,36059,1052,14398,2195,31860
2020-04-04,36061,598,9898,1278,23991
2020-04-04,36063,15,116,54,529
2020-04-04,36121,4,22,16,175
2020-04-04,36119,642,13723,1621,43955
2020-04-04,36117,2,32,24,432
2020-04-04,36115,2,18,15,317
2020-04-04,36113,5,25,13,509
2020-04-04,36111,42,332,188,1957
2020-04-04,36109,3,88,52,1585
2020-04-04,36105,41,234,153,1283
2020-04-04,36103,1035,12405,2200,28691
2020-04-04,36101,8,63,31,403
2020-04-04,36089,3,55,46,629
2020-04-04,36099,3,9,15,130
2020-04-04,36097,0,4,2,95
2020-04-04,36095,1,11,16,143
2020-04-04,36107,0,7,8,189
2020-04-04,36091,7,148,110,2009
2020-04-04,36093,11,128,64,1338
2020-04-04,36065,7,87,55,777
2020-04-04,36067,6,268,131,4163
2020-04-04,36069,1,32,33,444
2020-04-04,36071,361,3102,1077,8989
2020-04-04,36073,1,11,9,160
2020-04-04,36075,2,28,26,562
2020-04-04,36123,0,1,6,78
2020-04-04,36079,31,314,78,1187
2020-04-04,36081,1322,21436,2255,37662
2020-04-04,36083,2,60,48,1301
2020-04-04,36085,218,4291,513,9474
2020-04-04,36087,454,5326,880,12112
2020-04-04,36077,3,29,25,284
2020-04-05,36031,0,7,4,106
2020-04-05,36033,0,10,5,157
2020-04-05,36035,2,11,20,205
2020-04-05,36037,1,23,11,297
2020-04-05,36039,0,24,12,286
2020-04-05,36041,0,2,0,17
2020-04-05,36049,3,6,11,112
2020-04-05,36045,7,33,98,685
2020-04-05,36047,1144,19702,2013,37609
2020-04-05,36051,3,22,14,235
2020-04-05,36053,3,82,13,507
2020-04-05,36055,26,574,225,5146
2020-04-05,36043,3,25,23,207
2020-04-05,36057,0,15,8,198
2020-04-05,36001,14,319,89,4244
2020-04-05,36025,2,29,28,201
2020-04-05,36023,3,13,42,558
2020-04-05,36021,8,59,23,476
2020-04-05,36019,3,36,14,280
2020-04-05,36017,3,46,27,212
2020-04-05,36015,9,47,50,546
2020-04-05,36013,4,15,50,237
2020-04-05,36011,3,11,31,385
2020-04-05,36009,2,12,16,251
2020-04-05,36007,5,76,33,607
2020-04-05,36005,959,14327,1628,27371
2020-04-05,36003,1,17,8,196
2020-04-05,36059,1218,15616,2363,34223
2020-04-05,36027,112,1189,338,4444
2020-04-05,36061,542,10440,1162,25153
2020-04-05,36029,105,1023,549,4475
2020-04-05,36065,13,100,87,864
2020-04-05,36123,0,1,2,80
2020-04-05,36121,1,23,6,181
2020-04-05,36119,571,14294,1398,45353
2020-04-05,36117,2,34,15,447
2020-04-05,36115,1,19,2,319
2020-04-05,36113,1,26,12,521
2020-04-05,36111,40,372,182,2139
2020-04-05,36107,1,8,10,199
2020-04-05,36105,19,253,91,1374
2020-04-05,36103,1082,13487,2211,30902
2020-04-05,36101,12,75,40,443
2020-04-05,36089,4,59,43,672
2020-04-05,36099,0,9,11,141
2020-04-05,36097,0,4,9,104
2020-04-05,36109,6,94,94,1679
2020-04-05,36093,10,138,64,1402
2020-04-05,36095,0,11,17,160
2020-04-05,36067,3,271,89,4252
2020-04-05,36069,0,32,26,470
2020-04-05,36071,295,3397,827,9816
2020-04-05,36073,2,13,16,176
2020-04-05,36075,1,29,39,601
2020-04-05,36077,5,34,41,325
2020-04-05,36063,4,120,44,573
2020-04-05,36081,1697,23133,2730,40392
2020-04-05,36083,2,62,29,1330
2020-04-05,36085,288,4579,600,10074
2020-04-05,36087,377,5703,732,12844
2020-04-05,36091,5,153,34,2043
2020-04-05,36079,31,345,122,1309
2020-04-06,36031,0,7,5,111
2020-04-06,36033,0,10,5,162
2020-04-06,36035,2,13,18,223
2020-04-06,36037,10,33,37,334
2020-04-06,36039,0,24,13,299
2020-04-06,36041,0,2,0,17
2020-04-06,36049,0,6,11,123
2020-04-06,36045,6,39,63,748
2020-04-06,36047,1177,20879,2245,39854
2020-04-06,36051,1,23,18,253
2020-04-06,36053,6,88,64,571
2020-04-06,36055,22,596,305,5451
2020-04-06,36043,2,27,19,226
2020-04-06,36057,3,18,20,218
2020-04-06,36001,14,333,86,4330
2020-04-06,36025,7,36,30,231
2020-04-06,36023,3,16,25,583
2020-04-06,36021,2,61,15,491
2020-04-06,36019,1,37,16,296
2020-04-06,36017,5,51,42,254
2020-04-06,36015,2,49,22,568
2020-04-06,36013,1,16,37,274
2020-04-06,36011,3,14,33,418
2020-04-06,36009,1,13,14,265
2020-04-06,36007,10,86,47,654
2020-04-06,36005,1021,15348,1996,29367
2020-04-06,36003,0,17,3,199
2020-04-06,36059,994,16610,2097,36320
2020-04-06,36027,60,1249,335,4779
2020-04-06,36061,572,11012,1249,26402
2020-04-06,36029,112,1135,396,4871
2020-04-06,36065,18,118,90,954
2020-04-06,36123,0,1,3,83
2020-04-06,36121,0,23,7,188
2020-04-06,36119,510,14804,1348,46701
2020-04-06,36117,1,35,31,478
2020-04-06,36115,0,19,13,332
2020-04-06,36113,5,31,15,536
2020-04-06,36111,26,398,117,2256
2020-04-06,36109,3,97,23,1702
2020-04-06,36063,6,126,44,617
2020-04-06,36105,17,270,77,1451
2020-04-06,36103,1030,14517,2323,33225
2020-04-06,36101,0,75,22,465
2020-04-06,36089,1,60,64,736
2020-04-06,36099,1,10,8,149
2020-04-06,36107,0,8,10,209
2020-04-06,36095,1,12,19,179
2020-04-06,36097,0,4,4,108
2020-04-06,36069,1,33,32,502
2020-04-06,36071,202,3599,604,10420
2020-04-06,36073,2,15,17,193
2020-04-06,36075,2,31,70,671
2020-04-06,36077,0,34,43,368
2020-04-06,36067,64,335,689,4941
2020-04-06,36081,1707,24840,2864,43256
2020-04-06,36083,5,67,30,1360
2020-04-06,36085,218,4797,605,10679
2020-04-06,36087,287,5990,662,13506
2020-04-06,36091,2,155,40,2083
2020-04-06,36093,7,145,35,1437
2020-04-06,36079,21,366,72,1381
2020-04-07,36035,1,14,6,229
2020-04-07,36037,14,47,31,365
2020-04-07,36039,1,25,6,305
2020-04-07,36041,0,2,0,17
2020-04-07,36043,2,29,19,245
2020-04-07,36051,2,25,23,276
2020-04-07,36047,1203,22082,2607,42461
2020-04-07,36049,0,6,6,129
2020-04-07,36053,2,90,43,614
2020-04-07,36055,55,651,420,5871
2020-04-07,36057,0,18,9,227
2020-04-07,36045,1,40,25,773
2020-04-07,36033,0,10,7,169
2020-04-07,36003,4,21,16,215
2020-04-07,36029,70,1205,295,5166
2020-04-07,36027,146,1395,462,5241
2020-04-07,36025,1,37,16,247
2020-04-07,36023,0,16,18,601
2020-04-07,36021,2,63,8,499
2020-04-07,36019,2,39,25,321
2020-04-07,36017,2,53,11,265
2020-04-07,36015,6,55,56,624
2020-04-07,36013,1,17,6,280
2020-04-07,36011,0,14,11,429
2020-04-07,36009,2,15,19,284
2020-04-07,36007,2,88,24,678
2020-04-07,36005,1278,16626,2562,31929
2020-04-07,36059,1938,18548,4179,40499
2020-04-07,36031,0,7,4,115
2020-04-07,36061,492,11504,1257,27659
2020-04-07,36093,4,149,23,1460
2020-04-07,36065,7,125,59,1013
2020-04-07,36123,0,1,5,88
2020-04-07,36121,4,27,18,206
2020-04-07,36119,1083,15887,2647,49348
2020-04-07,36117,4,39,46,524
2020-04-07,36115,1,20,27,359
2020-04-07,36113,2,33,14,550
2020-04-07,36111,24,422,108,2364
2020-04-07,36109,2,99,85,1787
2020-04-07,36107,4,12,29,238
2020-04-07,36105,9,279,56,1507
2020-04-07,36103,1327,15844,3139,36364
2020-04-07,36101,7,82,67,532
2020-04-07,36089,9,69,69,805
2020-04-07,36063,8,134,39,656
2020-04-07,36099,2,12,14,163
2020-04-07,36095,0,12,20,199
2020-04-07,36091,7,162,73,2156
2020-04-07,36087,423,6413,1027,14533
2020-04-07,36085,546,5343,1262,11941
2020-04-07,36083,8,75,53,1413
2020-04-07,36081,1408,26248,2884,46140
2020-04-07,36079,37,403,115,1496
2020-04-07,36077,4,38,31,399
2020-04-07,36075,2,33,27,698
2020-04-07,36073,1,16,14,207
2020-04-07,36071,266,3865,711,11131
2020-04-07,36069,6,39,50,552
2020-04-07,36067,12,347,126,5067
2020-04-07,36097,0,4,12,120
2020-04-07,36001,9,342,74,4404
