date_stamp,age_group,cnt_confirmed,cnt_confirmed_new,pct_confirmed,pct_confirmed_new,cnt_death,cnt_death_new
2020-03-19,00,2,2,1.0,1.2987,,
2020-03-19,11,9,9,6.0,5.8442,,
2020-03-19,21,43,43,28.0,27.9221,,
2020-03-19,31,32,32,21.0,20.7792,,
2020-03-19,41,24,24,16.0,15.5844,,
2020-03-19,51,18,18,12.0,11.6883,,
2020-03-19,61,10,10,6.0,6.4935,,
2020-03-19,71,8,8,5.0,5.1948,,
2020-03-19,81,8,8,5.0,5.1948,,
2020-03-20,00,3,1,1.0,1.3514,,
2020-03-20,11,12,3,5.0,4.0541,,
2020-03-20,21,72,29,32.0,39.1892,,
2020-03-20,31,47,15,21.0,20.2703,,
2020-03-20,41,35,11,15.0,14.8649,,
2020-03-20,51,26,8,11.0,10.8108,,
2020-03-20,61,16,6,7.0,8.1081,,
2020-03-20,71,13,5,6.0,6.7568,,
2020-03-20,81,4,-4,2.0,-5.4054,,
2020-03-21,00,4,1,1.0,0.6993,,
2020-03-21,11,20,8,5.0,5.5944,,
2020-03-21,21,122,50,33.0,34.965,,
2020-03-21,31,59,12,16.0,8.3916,,
2020-03-21,41,60,25,16.0,17.4825,,
2020-03-21,51,46,20,12.0,13.986,,
2020-03-21,61,31,15,8.0,10.4895,,
2020-03-21,71,20,7,5.0,4.8951,,
2020-03-21,81,5,1,1.0,0.6993,,
2020-03-21,99,4,4,1.0,2.7972,,
2020-03-22,00,6,2,1.0,1.4925,,
2020-03-22,11,30,10,6.0,7.4627,,
2020-03-22,21,162,40,32.0,29.8507,,
2020-03-22,31,88,29,17.0,21.6418,,
2020-03-22,41,74,14,15.0,10.4478,,
2020-03-22,51,67,21,13.0,15.6716,,
2020-03-22,61,44,13,9.0,9.7015,,
2020-03-22,71,25,5,5.0,3.7313,,
2020-03-22,81,8,3,2.0,2.2388,,
2020-03-22,99,1,-3,0.0,-2.2388,,
2020-03-23,00,9,3,0.0,2.7273,,
2020-03-23,11,37,7,6.1056,6.3636,,
2020-03-23,21,184,22,30.363,20.0,,
2020-03-23,31,116,28,19.1419,25.4545,,
2020-03-23,41,82,8,13.5314,7.2727,,
2020-03-23,51,83,16,13.6964,14.5455,,
2020-03-23,61,55,11,9.0759,10.0,,
2020-03-23,71,32,7,5.2805,6.3636,,
2020-03-23,81,11,3,1.8152,2.7273,,
2020-03-23,99,6,5,0.9901,4.5455,,
2020-03-24,00,9,0,1.4851,0.0,,
2020-03-24,11,41,4,1.0,7.6923,,
2020-03-24,21,193,9,2.0,17.3077,,
2020-03-24,31,126,10,2.0,19.2308,,
2020-03-24,41,89,7,1.0,13.4615,,
2020-03-24,51,91,8,1.0,15.3846,,
2020-03-24,61,65,10,1.0,19.2308,,
2020-03-24,71,34,2,0.0,3.8462,,
2020-03-24,81,12,1,0.0,1.9231,,
2020-03-24,99,7,1,0.0,1.9231,,
2020-03-25,00,12,3,2.0,2.5641,,
2020-03-25,11,46,5,6.0,4.2735,,
2020-03-25,21,224,31,29.0,26.4957,,
2020-03-25,31,144,18,18.0,15.3846,,
2020-03-25,41,109,20,14.0,17.094,,
2020-03-25,51,105,14,13.0,11.9658,,
2020-03-25,61,80,15,10.0,12.8205,,
2020-03-25,71,43,9,5.0,7.6923,,
2020-03-25,81,14,2,2.0,1.7094,,
2020-03-25,99,7,0,1.0,0.0,,
2020-03-26,00,13,1,1.0,0.578,,
2020-03-26,11,56,10,6.0,5.7803,,
2020-03-26,21,260,36,27.0,20.8092,,
2020-03-26,31,161,17,17.0,9.8266,,
2020-03-26,41,151,42,16.0,24.2775,,
2020-03-26,51,141,36,15.0,20.8092,,
2020-03-26,61,96,16,10.0,9.2486,,
2020-03-26,71,56,13,6.0,7.5145,,
2020-03-26,81,16,2,2.0,1.1561,,
2020-03-26,99,7,0,1.0,0.0,,
2020-03-27,00,15,2,1.0,0.813,,
2020-03-27,11,63,7,5.0,2.8455,,
2020-03-27,21,314,54,26.0,21.9512,,
2020-03-27,31,194,33,16.0,13.4146,,
2020-03-27,41,196,45,16.0,18.2927,,
2020-03-27,51,191,50,16.0,20.3252,,
2020-03-27,61,126,30,10.0,12.1951,,
2020-03-27,71,75,19,6.0,7.7236,,
2020-03-27,81,20,4,2.0,1.626,,
2020-03-27,99,9,2,1.0,0.813,,
2020-03-28,00,16,1,1.0,0.5882,,
2020-03-28,11,71,8,5.0,4.7059,,
2020-03-28,21,346,32,25.0,18.8235,,
2020-03-28,31,221,27,16.0,15.8824,,
2020-03-28,41,224,28,16.0,16.4706,,
2020-03-28,51,218,27,16.0,15.8824,,
2020-03-28,61,153,27,11.0,15.8824,,
2020-03-28,71,87,12,6.0,7.0588,,
2020-03-28,81,28,8,2.0,4.7059,,
2020-03-28,99,9,0,1.0,0.0,,
2020-03-29,00,17,1,1.0,0.6098,,
2020-03-29,11,80,9,5.0,5.4878,,
2020-03-29,21,380,34,25.0,20.7317,,
2020-03-29,31,239,18,16.0,10.9756,,
2020-03-29,41,262,38,17.0,23.1707,,
2020-03-29,51,239,21,16.0,12.8049,,
2020-03-29,61,176,23,11.0,14.0244,,
2020-03-29,71,97,10,6.0,6.0976,,
2020-03-29,81,33,5,2.0,3.0488,,
2020-03-29,99,14,5,1.0,3.0488,,
2020-03-30,00,18,1,1.0,0.3367,,
2020-03-30,11,96,16,5.0,5.3872,,
2020-03-30,21,462,82,25.0,27.6094,,
2020-03-30,31,286,47,16.0,15.8249,,
2020-03-30,41,299,37,16.0,12.4579,,
2020-03-30,51,280,41,15.0,13.8047,,
2020-03-30,61,212,36,12.0,12.1212,,
2020-03-30,71,120,23,7.0,7.7441,,
2020-03-30,81,50,17,3.0,5.7239,,
2020-03-30,99,11,-3,1.0,-1.0101,,
2020-03-31,00,24,6,1.0,1.4815,,
2020-03-31,11,107,11,5.0,2.716,,
2020-03-31,21,566,104,25.0,25.679,,
2020-03-31,31,346,60,15.0,14.8148,,
2020-03-31,41,351,52,16.0,12.8395,,
2020-03-31,51,368,88,16.0,21.7284,,
2020-03-31,61,254,42,11.0,10.3704,,
2020-03-31,71,144,24,6.0,5.9259,,
2020-03-31,81,63,13,3.0,3.2099,,
2020-03-31,99,16,5,1.0,1.2346,,
2020-04-01,00,33,9,1.0,1.8072,,
2020-04-01,11,131,24,5.0,4.8193,,
2020-04-01,21,637,71,23.0,14.257,,
2020-04-01,31,426,80,16.0,16.0643,,
2020-04-01,41,471,120,17.0,24.0964,,
2020-04-01,51,456,88,17.0,17.6707,,
2020-04-01,61,308,54,11.0,10.8434,,
2020-04-01,71,175,31,6.0,6.2249,,
2020-04-01,81,79,16,3.0,3.2129,,
2020-04-01,99,21,5,1.0,1.004,,
2020-04-02,00,36,3,1.0,2.7778,,
2020-04-02,11,138,7,5.0,6.4815,,
2020-04-02,21,665,28,23.0,25.9259,,
2020-04-02,31,456,30,16.0,27.7778,,
2020-04-02,41,437,-34,15.0,-31.4815,,
2020-04-02,51,484,28,17.0,25.9259,,
2020-04-02,61,331,23,12.0,21.2963,,
2020-04-02,71,184,9,6.0,8.3333,,
2020-04-02,81,97,18,3.0,16.6667,,
2020-04-02,99,17,-4,1.0,-3.7037,,
2020-04-03,00,39,3,1.0,1.3514,,
2020-04-03,11,148,10,5.0,4.5045,,
2020-04-03,21,693,28,23.0,12.6126,,
2020-04-03,31,494,38,16.0,17.1171,,
2020-04-03,41,474,37,15.0,16.6667,,
2020-04-03,51,544,60,18.0,27.027,,
2020-04-03,61,359,28,12.0,12.6126,,
2020-04-03,71,196,12,6.0,5.4054,,
2020-04-03,81,105,8,3.0,3.6036,,
2020-04-03,99,15,-2,0.0,-0.9009,,
2020-04-04,00,43,4,1.0,1.5748,,
2020-04-04,11,158,10,5.0,3.937,,
2020-04-04,21,744,51,22.0,20.0787,,
2020-04-04,31,543,49,16.0,19.2913,,
2020-04-04,41,510,36,15.0,14.1732,,
2020-04-04,51,593,49,18.0,19.2913,,
2020-04-04,61,391,32,12.0,12.5984,,
2020-04-04,71,205,9,6.0,3.5433,,
2020-04-04,81,107,2,3.0,0.7874,,
2020-04-04,99,27,12,1.0,4.7244,,
2020-04-05,00,42,-1,1.0,-0.3205,,
2020-04-05,11,171,13,5.0,4.1667,,
2020-04-05,21,815,71,22.0,22.7564,,
2020-04-05,31,608,65,17.0,20.8333,,
2020-04-05,41,565,55,16.0,17.6282,,
2020-04-05,51,644,51,18.0,16.3462,,
2020-04-05,61,431,40,12.0,12.8205,,
2020-04-05,71,215,10,6.0,3.2051,,
2020-04-05,81,118,11,3.0,3.5256,,
2020-04-05,99,24,-3,1.0,-0.9615,,
2020-04-06,00,45,3,1.0,1.7751,,
2020-04-06,11,183,12,5.0,7.1006,,
2020-04-06,21,846,31,22.0,18.3432,,
2020-04-06,31,627,19,16.0,11.2426,,
2020-04-06,41,587,22,15.0,13.0178,,
2020-04-06,51,679,35,18.0,20.7101,,
2020-04-06,61,454,23,12.0,13.6095,,
2020-04-06,71,232,17,6.0,10.0592,,
2020-04-06,81,122,4,3.0,2.3669,,
2020-04-06,99,27,3,1.0,1.7751,,
2020-04-07,00,52,7,1.0,2.0833,,
2020-04-07,11,198,15,5.0,4.4643,,
2020-04-07,21,905,59,22.0,17.5595,,
2020-04-07,31,684,57,17.0,16.9643,,
2020-04-07,41,639,52,15.0,15.4762,,
2020-04-07,51,755,76,18.0,22.619,,
2020-04-07,61,508,54,12.0,16.0714,,
2020-04-07,71,251,19,6.0,5.6548,,
2020-04-07,81,124,2,3.0,0.5952,,
2020-04-07,99,22,-5,1.0,-1.4881,,
2020-04-08,00,53,1,1.0,0.4464,,
2020-04-08,11,208,10,5.0,4.4643,,
2020-04-08,21,943,38,22.0,16.9643,,
2020-04-08,31,705,21,16.0,9.375,,
2020-04-08,41,674,35,15.0,15.625,,
2020-04-08,51,803,48,18.0,21.4286,,
2020-04-08,61,542,34,12.0,15.1786,,
2020-04-08,71,268,17,6.0,7.5893,,
2020-04-08,81,143,19,3.0,8.4821,,
2020-04-08,99,23,1,1.0,0.4464,,
2020-04-09,00,51,-2,1.0,-0.7353,1,
2020-04-09,11,218,10,5.0,3.6765,0,
2020-04-09,21,991,48,21.0,17.6471,1,
2020-04-09,31,747,42,16.0,15.4412,1,
2020-04-09,41,730,56,16.0,20.5882,5,
2020-04-09,51,845,42,18.0,15.4412,9,
2020-04-09,61,586,44,13.0,16.1765,23,
2020-04-09,71,288,20,6.0,7.3529,24,
2020-04-09,81,156,13,3.0,4.7794,30,
2020-04-09,99,22,-1,0.0,-0.3676,0,
2020-04-10,00,54,3,1.0,1.3158,1,0
2020-04-10,11,226,8,5.0,3.5088,0,0
2020-04-10,21,1024,33,21.0,14.4737,1,0
2020-04-10,31,785,38,16.0,16.6667,1,0
2020-04-10,41,779,49,16.0,21.4912,5,0
2020-04-10,51,899,54,18.0,23.6842,9,0
2020-04-10,61,613,27,13.0,11.8421,26,3
2020-04-10,71,303,15,6.0,6.5789,24,0
2020-04-10,81,162,6,3.0,2.6316,31,1
2020-04-10,99,17,-5,0.0,-2.193,0,0
2020-04-11,00,56,2,1.0,0.7937,1,0
2020-04-11,11,240,14,5.0,5.5556,0,0
2020-04-11,21,1066,42,21.0,16.6667,1,0
2020-04-11,31,827,42,16.0,16.6667,1,0
2020-04-11,41,834,55,16.0,21.8254,5,0
2020-04-11,51,940,41,18.0,16.2698,9,0
2020-04-11,61,635,22,12.0,8.7302,27,1
2020-04-11,71,320,17,6.0,6.746,25,1
2020-04-11,81,179,17,4.0,6.746,32,1
2020-04-11,99,17,0,0.0,0.0,0,0
2020-04-12,00,61,5,1.0,2.5773,1,0
2020-04-12,11,248,8,5.0,4.1237,0,0
2020-04-12,21,1112,46,21.0,23.7113,1,0
2020-04-12,31,851,24,16.0,12.3711,1,0
2020-04-12,41,866,32,16.0,16.4948,5,0
2020-04-12,51,986,46,19.0,23.7113,9,0
2020-04-12,61,665,30,13.0,15.4639,27,0
2020-04-12,71,328,8,6.0,4.1237,25,0
2020-04-12,81,178,-1,3.0,-0.5155,32,0
2020-04-12,99,13,-4,0.0,-2.0619,0,0
2020-04-13,00,63,2,1.0,0.6623,1,0
2020-04-13,11,258,10,5.0,3.3113,0,0
2020-04-13,21,1155,43,21.0,14.2384,1,0
2020-04-13,31,918,67,16.0,22.1854,1,0
2020-04-13,41,925,59,16.0,19.5364,6,1
2020-04-13,51,1047,61,19.0,20.1987,9,0
2020-04-13,61,699,34,12.0,11.2583,28,1
2020-04-13,71,344,16,6.0,5.298,28,3
2020-04-13,81,190,12,3.0,3.9735,35,3
2020-04-13,99,11,-2,0.0,-0.6623,0,0
2020-04-14,00,68,5,1.0,2.3474,1,0
2020-04-14,11,270,12,5.0,5.6338,0,0
2020-04-14,21,1189,34,20.0,15.9624,1,0
2020-04-14,31,954,36,16.0,16.9014,1,0
2020-04-14,41,965,40,17.0,18.7793,7,1
2020-04-14,51,1074,27,18.0,12.6761,11,2
2020-04-14,61,731,32,13.0,15.0235,29,1
2020-04-14,71,353,9,6.0,4.2254,32,4
2020-04-14,81,199,9,3.0,4.2254,42,7
2020-04-14,99,20,9,0.0,4.2254,0,0
2020-04-15,00,70,2,1.0,0.7812,1,0
2020-04-15,11,272,2,4.0,0.7812,0,0
2020-04-15,21,1189,0,20.0,0.0,1,0
2020-04-15,31,958,4,16.0,1.5625,1,0
2020-04-15,41,969,4,16.0,1.5625,7,0
2020-04-15,51,1076,2,18.0,0.7812,14,3
2020-04-15,61,731,0,12.0,0.0,34,5
2020-04-15,71,353,0,6.0,0.0,33,1
2020-04-15,81,197,-2,3.0,-0.7812,44,2
2020-04-15,99,264,244,4.0,95.3125,0,0
2020-04-16,00,73,3,1.0,1.6393,1,0
2020-04-16,11,302,30,5.0,16.3934,0,0
2020-04-16,21,1266,77,20.0,42.0765,1,0
2020-04-16,31,1037,79,17.0,43.1694,1,0
2020-04-16,41,1061,92,17.0,50.2732,7,0
2020-04-16,51,1152,76,18.0,41.5301,14,0
2020-04-16,61,772,41,12.0,22.4044,34,0
2020-04-16,71,371,18,6.0,9.8361,34,1
2020-04-16,81,208,11,3.0,6.0109,49,5
2020-04-16,99,20,-244,0.0,-133.3333,0,0
2020-04-17,00,84,11,1.0,3.3639,1,0
2020-04-17,11,327,25,5.0,7.6453,0,0
2020-04-17,21,1323,57,20.0,17.4312,1,0
2020-04-17,31,1101,64,17.0,19.5719,1,0
2020-04-17,41,1109,48,17.0,14.6789,7,0
2020-04-17,51,1213,61,18.0,18.6544,14,0
2020-04-17,61,813,41,12.0,12.5382,34,0
2020-04-17,71,386,15,6.0,4.5872,36,2
2020-04-17,81,211,3,3.0,0.9174,48,-1
2020-04-17,99,22,2,0.0,0.6116,0,0
2020-04-18,00,84,0,1.0,0.0,1,0
2020-04-18,11,342,15,5.0,8.6705,0,0
2020-04-18,21,1353,30,20.0,17.341,1,0
2020-04-18,31,1144,43,17.0,24.8555,1,0
2020-04-18,41,1138,29,17.0,16.763,7,0
2020-04-18,51,1236,23,18.0,13.2948,14,0
2020-04-18,61,821,8,12.0,4.6243,35,1
2020-04-18,71,401,15,6.0,8.6705,38,2
2020-04-18,81,220,9,3.0,5.2023,48,0
2020-04-18,99,23,1,0.0,0.578,0,0
2020-04-19,00,98,14,1.0,4.5455,1,0
2020-04-19,11,379,37,5.0,12.013,0,0
2020-04-19,21,1422,69,20.0,22.4026,1,0
2020-04-19,31,1205,61,17.0,19.8052,1,0
2020-04-19,41,1194,56,17.0,18.1818,8,1
2020-04-19,51,1282,46,18.0,14.9351,14,0
2020-04-19,61,842,21,12.0,6.8182,36,1
2020-04-19,71,404,3,6.0,0.974,39,1
2020-04-19,81,228,8,3.0,2.5974,48,0
2020-04-19,99,16,-7,0.0,-2.2727,0,0
2020-04-20,00,99,1,1.0,0.5952,1,0
2020-04-20,11,386,7,5.0,4.1667,0,0
2020-04-20,21,1455,33,20.0,19.6429,1,0
2020-04-20,31,1248,43,17.0,25.5952,1,0
2020-04-20,41,1235,41,17.0,24.4048,9,1
2020-04-20,51,1311,29,18.0,17.2619,15,1
2020-04-20,61,856,14,12.0,8.3333,36,0
2020-04-20,71,407,3,6.0,1.7857,40,1
2020-04-20,81,231,3,3.0,1.7857,49,1
2020-04-20,99,10,-6,0.0,-3.5714,0,0
2020-04-21,00,107,8,1.0,5.1282,1,0
2020-04-21,11,403,17,5.0,10.8974,0,0
2020-04-21,21,1471,16,20.0,10.2564,1,0
2020-04-21,31,1271,23,17.0,14.7436,1,0
2020-04-21,41,1262,27,17.0,17.3077,9,0
2020-04-21,51,1344,33,18.0,21.1538,15,0
2020-04-21,61,870,14,12.0,8.9744,37,1
2020-04-21,71,417,10,6.0,6.4103,41,1
2020-04-21,81,242,11,3.0,7.0513,52,3
2020-04-21,99,7,-3,0.0,-1.9231,0,0
2020-04-22,00,115,8,1.0,1.7857,1,0
2020-04-22,11,432,29,6.0,6.4732,0,0
2020-04-22,21,1568,97,20.0,21.6518,2,1
2020-04-22,31,1358,87,17.0,19.4196,1,0
2020-04-22,41,1370,108,17.0,24.1071,10,1
2020-04-22,51,1407,63,18.0,14.0625,15,0
2020-04-22,61,900,30,11.0,6.6964,38,1
2020-04-22,71,430,13,5.0,2.9018,45,4
2020-04-22,81,252,10,3.0,2.2321,54,2
2020-04-22,99,10,3,0.0,0.6696,0,0
2020-04-23,00,122,7,1.4759,1.6509,1,0
2020-04-23,11,443,11,5.3593,2.5943,0,0
2020-04-23,21,1641,73,19.8524,17.217,2,0
2020-04-23,31,1415,57,17.1183,13.4434,1,0
2020-04-23,41,1418,48,17.1546,11.3208,10,0
2020-04-23,51,1450,43,17.5417,10.1415,15,0
2020-04-23,61,916,16,11.0815,3.7736,40,2
2020-04-23,71,445,15,5.3835,3.5377,46,1
2020-04-23,81,264,12,3.1938,2.8302,55,1
2020-04-23,99,152,142,1.8389,33.4906,0,0
2020-04-24,00,130,8,1.4898,1.7391,1,0
2020-04-24,11,461,18,5.2831,3.913,0,0
2020-04-24,21,1671,30,19.1497,6.5217,1,-1
2020-04-24,31,1450,35,16.617,7.6087,1,0
2020-04-24,41,1451,33,16.6285,7.1739,10,0
2020-04-24,51,1480,30,16.9608,6.5217,15,0
2020-04-24,61,935,19,10.7151,4.1304,40,0
2020-04-24,71,459,14,5.2601,3.0435,45,-1
2020-04-24,81,274,10,3.14,2.1739,55,0
2020-04-24,99,415,263,4.7559,57.1739,0,0
2020-04-25,00,145,15,1.578,3.2397,1,0
2020-04-25,11,517,56,5.6263,12.095,0,0
2020-04-25,21,1742,71,18.9574,15.3348,1,0
2020-04-25,31,1536,86,16.7156,18.5745,1,0
2020-04-25,41,1531,80,16.6612,17.2786,10,0
2020-04-25,51,1542,62,16.7809,13.3909,15,0
2020-04-25,61,970,35,10.5561,7.5594,42,2
2020-04-25,71,481,22,5.2345,4.7516,50,5
2020-04-25,81,291,17,3.1668,3.6717,58,3
2020-04-25,99,434,19,4.723,4.1037,0,0
2020-04-26,00,158,13,1.6344,2.7197,1,0
2020-04-26,11,567,50,5.8653,10.4603,0,0
2020-04-26,21,1870,128,19.3442,26.7782,1,0
2020-04-26,31,1630,94,16.8615,19.6653,2,1
2020-04-26,41,1608,77,16.6339,16.1088,10,0
2020-04-26,51,1592,50,16.4684,10.4603,15,0
2020-04-26,61,1001,31,10.3548,6.4854,42,0
2020-04-26,71,497,16,5.1412,3.3473,50,0
2020-04-26,81,311,20,3.2171,4.1841,60,2
2020-04-26,99,433,-1,4.4792,-0.2092,0,0
2020-04-27,00,166,8,1.6737,3.1873,1,0
2020-04-27,11,594,27,5.9891,10.757,0,0
2020-04-27,21,1913,43,19.2882,17.1315,1,0
2020-04-27,31,1670,40,16.8381,15.9363,2,0
2020-04-27,41,1650,42,16.6364,16.7331,10,0
2020-04-27,51,1624,32,16.3743,12.749,15,0
2020-04-27,61,1025,24,10.3347,9.5618,42,0
2020-04-27,71,517,20,5.2127,7.9681,50,0
2020-04-27,81,336,25,3.3878,9.9602,63,3
2020-04-27,99,423,-10,4.265,-3.9841,0,0
2020-04-28,00,171,5,1.7012,3.7313,1,0
2020-04-28,11,599,5,5.959,3.7313,0,0
2020-04-28,21,1928,15,19.1803,11.194,1,0
2020-04-28,31,1692,22,16.8325,16.4179,2,0
2020-04-28,41,1668,18,16.5937,13.4328,10,0
2020-04-28,51,1651,27,16.4246,20.1493,15,0
2020-04-28,61,1051,26,10.4556,19.403,44,2
2020-04-28,71,530,13,5.2726,9.7015,50,0
2020-04-28,81,341,5,3.3924,3.7313,65,2
2020-04-28,99,421,-2,4.1882,-1.4925,0,0
2020-04-29,00,180,9,1.7364,2.8662,1,0
2020-04-29,11,614,15,5.9232,4.7771,0,0
2020-04-29,21,1980,52,19.1009,16.5605,1,0
2020-04-29,31,1768,76,17.0558,24.2038,2,0
2020-04-29,41,1734,66,16.7278,21.0191,10,0
2020-04-29,51,1714,63,16.5348,20.0637,15,0
2020-04-29,61,1072,21,10.3415,6.6879,45,1
2020-04-29,71,546,16,5.2672,5.0955,53,3
2020-04-29,81,354,13,3.415,4.1401,68,3
2020-04-29,99,404,-17,3.8974,-5.414,0,0
2020-04-30,00,204,24,1.9003,6.5041,1,0
2020-04-30,11,647,33,6.027,8.9431,0,0
2020-04-30,21,2104,124,19.5994,33.6043,1,0
2020-04-30,31,1958,190,18.2394,51.4905,3,1
2020-04-30,41,1892,158,17.6246,42.8184,10,0
2020-04-30,51,1836,122,17.1029,33.0623,15,0
2020-04-30,61,1128,56,10.5077,15.1762,46,1
2020-04-30,71,566,20,5.2725,5.4201,52,-1
2020-04-30,81,359,5,3.3442,1.355,71,3
2020-04-30,99,41,-363,0.3819,-98.374,0,0
2020-05-01,00,220,16,1.8501,1.3841,1,0
2020-05-01,11,682,35,5.7354,3.0277,1,1
2020-05-01,21,2371,267,19.9395,23.0969,1,0
2020-05-01,31,2254,296,18.9555,25.6055,3,0
2020-05-01,41,2128,236,17.8959,20.4152,10,0
2020-05-01,51,1987,151,16.7101,13.0623,16,1
2020-05-01,61,1202,74,10.1085,6.4014,46,0
2020-05-01,71,587,21,4.9365,1.8166,53,1
2020-05-01,81,371,12,3.12,1.0381,73,2
2020-05-01,99,89,48,0.7485,4.1522,0,0
2020-05-02,00,239,19,1.8877,2.4675,1,0
2020-05-02,11,724,42,5.7183,5.4545,1,0
2020-05-02,21,2523,152,19.9273,19.7403,1,0
2020-05-02,31,2440,186,19.2718,24.1558,3,0
2020-05-02,41,2262,134,17.8659,17.4026,10,0
2020-05-02,51,2068,81,16.3336,10.5195,16,0
2020-05-02,61,1257,55,9.9281,7.1429,47,1
2020-05-02,71,612,25,4.8337,3.2468,54,1
2020-05-02,81,385,14,3.0408,1.8182,75,2
2020-05-02,99,151,62,1.1926,8.0519,1,1
2020-05-03,00,274,35,2.0794,6.7829,1,0
2020-05-03,11,768,44,5.8283,8.5271,1,0
2020-05-03,21,2615,92,19.8452,17.8295,1,0
2020-05-03,31,2540,100,19.276,19.3798,3,0
2020-05-03,41,2350,88,17.8341,17.0543,10,0
2020-05-03,51,2155,87,16.3543,16.8605,16,0
2020-05-03,61,1302,45,9.8809,8.7209,47,0
2020-05-03,71,631,19,4.7886,3.6822,55,1
2020-05-03,81,393,8,2.9825,1.5504,76,1
2020-05-03,99,149,-2,1.1308,-0.3876,0,-1
2020-05-04,00,281,7,2.0706,1.7766,1,0
2020-05-04,11,806,38,5.9391,9.6447,1,0
2020-05-04,21,2669,54,19.6669,13.7056,1,0
2020-05-04,31,2582,42,19.0259,10.6599,3,0
2020-05-04,41,2405,55,17.7216,13.9594,10,0
2020-05-04,51,2207,52,16.2626,13.198,17,1
2020-05-04,61,1339,37,9.8666,9.3909,50,3
2020-05-04,71,659,28,4.8559,7.1066,59,4
2020-05-04,81,407,14,2.999,3.5533,77,1
2020-05-04,99,216,67,1.5916,17.0051,0,0
2020-05-05,00,290,9,2.1183,7.563,1,0
2020-05-05,11,817,11,5.9679,9.2437,1,0
2020-05-05,21,2685,16,19.6129,13.4454,1,0
2020-05-05,31,2604,22,19.0212,18.4874,3,0
2020-05-05,41,2421,16,17.6844,13.4454,10,0
2020-05-05,51,2228,21,16.2747,17.6471,17,0
2020-05-05,61,1355,16,9.8977,13.4454,51,1
2020-05-05,71,664,5,4.8503,4.2017,62,3
2020-05-05,81,414,7,3.0241,5.8824,80,3
2020-05-05,99,212,-4,1.5486,-3.3613,0,0
2020-05-06,00,304,14,2.1811,4.4304,1,0
2020-05-06,11,868,51,6.2276,16.1392,1,0
2020-05-06,21,2753,68,19.7518,21.519,1,0
2020-05-06,31,2655,51,19.0486,16.1392,3,0
2020-05-06,41,2470,49,17.7213,15.5063,10,0
2020-05-06,51,2263,35,16.2362,11.0759,19,2
2020-05-06,61,1381,26,9.9082,8.2278,52,1
2020-05-06,71,676,12,4.8501,3.7975,68,6
2020-05-06,81,424,10,3.042,3.1646,84,4
2020-05-06,99,212,0,1.521,0.0,0,0
2020-05-07,00,313,9,2.2205,10.0,1,0
2020-05-07,11,883,15,6.2642,16.6667,1,0
2020-05-07,21,2776,23,19.6935,25.5556,1,0
2020-05-07,31,2691,36,19.0905,40.0,3,0
2020-05-07,41,2502,32,17.7497,35.5556,9,-1
2020-05-07,51,2281,18,16.1819,20.0,18,-1
2020-05-07,61,1394,13,9.8893,14.4444,52,0
2020-05-07,71,684,8,4.8524,8.8889,68,0
2020-05-07,81,425,1,3.015,1.1111,84,0
2020-05-07,99,147,-65,1.0428,-72.2222,0,0
2020-05-08,00,322,9,2.2298,2.6087,1,0
2020-05-08,11,916,33,6.3431,9.5652,1,0
2020-05-08,21,2848,72,19.7216,20.8696,1,0
2020-05-08,31,2766,75,19.1538,21.7391,3,0
2020-05-08,41,2556,54,17.6996,15.6522,9,0
2020-05-08,51,2335,54,16.1692,15.6522,18,0
2020-05-08,61,1417,23,9.8123,6.6667,53,1
2020-05-08,71,693,9,4.7988,2.6087,70,2
2020-05-08,81,427,2,2.9569,0.5797,85,1
2020-05-08,99,161,14,1.1149,4.058,0,0
2020-05-09,00,340,18,2.3023,5.5046,1,0
2020-05-09,11,942,26,6.3787,7.9511,1,0
2020-05-09,21,2905,57,19.6709,17.4312,1,0
2020-05-09,31,2839,73,19.224,22.3242,3,0
2020-05-09,41,2596,40,17.5785,12.2324,9,0
2020-05-09,51,2377,42,16.0956,12.844,18,0
2020-05-09,61,1446,29,9.7914,8.8685,53,0
2020-05-09,71,698,5,4.7264,1.5291,71,1
2020-05-09,81,441,14,2.9862,4.2813,85,0
2020-05-09,99,184,23,1.2459,7.0336,0,0
2020-05-10,00,348,8,2.3223,3.6866,1,0
2020-05-10,11,969,27,6.4665,12.4424,1,0
2020-05-10,21,2939,34,19.6129,15.6682,1,0
2020-05-10,31,2886,47,19.2593,21.659,3,0
2020-05-10,41,2632,36,17.5642,16.5899,9,0
2020-05-10,51,2402,25,16.0294,11.5207,18,0
2020-05-10,61,1462,16,9.7564,7.3733,53,0
2020-05-10,71,706,8,4.7114,3.6866,72,1
2020-05-10,81,445,4,2.9696,1.8433,85,0
2020-05-10,99,196,12,1.308,5.53,0,0
2020-05-11,00,363,15,2.3353,2.6834,1,0
2020-05-11,11,993,24,6.3883,4.2934,1,0
2020-05-11,21,3020,81,19.4287,14.4902,1,0
2020-05-11,31,2953,67,18.9977,11.9857,3,0
2020-05-11,41,2713,81,17.4537,14.4902,10,1
2020-05-11,51,2435,33,15.6652,5.9034,19,1
2020-05-11,61,1484,22,9.5471,3.9356,54,1
2020-05-11,71,722,16,4.6449,2.8623,73,1
2020-05-11,81,455,10,2.9272,1.7889,89,4
2020-05-11,99,406,210,2.6119,37.5671,0,0
2020-05-12,00,379,16,2.3524,2.8269,1,0
2020-05-12,11,1029,36,6.3869,6.3604,1,0
2020-05-12,21,3154,134,19.5767,23.6749,1,0
2020-05-12,31,3100,147,19.2415,25.9717,3,0
2020-05-12,41,2816,103,17.4787,18.1979,12,2
2020-05-12,51,2496,61,15.4987,10.7774,23,4
2020-05-12,61,1508,24,9.3601,4.2403,57,3
2020-05-12,71,733,11,4.5497,1.9435,74,1
2020-05-12,81,468,13,2.9048,2.2968,92,3
2020-05-12,99,427,21,2.6504,3.7102,0,0
2020-05-13,00,389,10,2.3763,3.8462,1,0
2020-05-13,11,1048,19,6.402,7.3077,1,0
2020-05-13,21,3205,51,19.5785,19.6154,1,0
2020-05-13,31,3165,65,19.3341,25.0,3,0
2020-05-13,41,2871,55,17.5382,21.1538,14,2
2020-05-13,51,2525,29,15.4246,11.1538,24,1
2020-05-13,61,1522,14,9.2975,5.3846,58,1
2020-05-13,71,737,4,4.5021,1.5385,77,3
2020-05-13,81,470,2,2.8711,0.7692,94,2
2020-05-13,99,438,11,2.6756,4.2308,0,0
2020-05-14,00,409,20,2.4492,6.079,1,0
2020-05-14,11,1087,39,6.5094,11.8541,1,0
2020-05-14,21,3285,80,19.6718,24.3161,1,0
2020-05-14,31,3227,62,19.3245,18.845,3,0
2020-05-14,41,2924,53,17.51,16.1094,14,0
2020-05-14,51,2563,38,15.3482,11.5502,26,2
2020-05-14,61,1543,21,9.2401,6.383,61,3
2020-05-14,71,749,12,4.4853,3.6474,82,5
2020-05-14,81,475,5,2.8445,1.5198,98,4
2020-05-14,99,437,-1,2.6169,-0.304,0,0
2020-05-15,00,422,13,2.4867,4.797,1,0
2020-05-15,11,1119,32,6.594,11.8081,1,0
2020-05-15,21,3325,40,19.5934,14.7601,1,0
2020-05-15,31,3274,47,19.2929,17.3432,3,0
2020-05-15,41,2961,37,17.4484,13.6531,14,0
2020-05-15,51,2589,26,15.2563,9.5941,26,0
2020-05-15,61,1551,8,9.1397,2.952,61,0
2020-05-15,71,755,6,4.449,2.214,85,3
2020-05-15,81,479,4,2.8226,1.476,98,0
2020-05-15,99,495,58,2.9169,21.4022,0,0
2020-05-16,00,446,24,2.5798,7.5472,1,0
2020-05-16,11,1158,39,6.6983,12.2642,1,0
2020-05-16,21,3378,53,19.5396,16.6667,1,0
2020-05-16,31,3339,65,19.314,20.4403,3,0
2020-05-16,41,3018,57,17.4572,17.9245,14,0
2020-05-16,51,2619,30,15.1492,9.434,26,0
2020-05-16,61,1585,34,9.1682,10.6918,62,1
2020-05-16,71,768,13,4.4424,4.0881,87,2
2020-05-16,81,481,2,2.7823,0.6289,100,2
2020-05-16,99,496,1,2.869,0.3145,0,0
2020-05-17,00,449,3,2.5822,3.0,1,0
2020-05-17,11,1165,7,6.7,7.0,1,0
2020-05-17,21,3409,31,19.6055,31.0,1,0
2020-05-17,31,3358,19,19.3122,19.0,3,0
2020-05-17,41,3030,12,17.4258,12.0,14,0
2020-05-17,51,2635,16,15.1541,16.0,26,0
2020-05-17,61,1588,3,9.1327,3.0,63,1
2020-05-17,71,774,6,4.4513,6.0,87,0
2020-05-17,81,482,1,2.772,1.0,102,2
2020-05-17,99,498,2,2.864,2.0,0,0
2020-05-18,00,473,24,2.6262,3.8523,1,0
2020-05-18,11,1231,66,6.8347,10.5939,1,0
2020-05-18,21,3556,147,19.7435,23.5955,1,0
2020-05-18,31,3506,148,19.4659,23.756,3,0
2020-05-18,41,3133,103,17.3949,16.5329,14,0
2020-05-18,51,2713,78,15.063,12.5201,27,1
2020-05-18,61,1626,38,9.0278,6.0995,63,0
2020-05-18,71,786,12,4.364,1.9262,87,0
2020-05-18,81,491,9,2.7261,1.4446,104,2
2020-05-18,99,496,-2,2.7539,-0.321,0,0
2020-05-19,00,501,28,2.7261,7.6294,1,0
2020-05-19,11,1279,48,6.9594,13.079,1,0
2020-05-19,21,3651,95,19.8661,25.8856,1,0
2020-05-19,31,3572,66,19.4363,17.9837,3,0
2020-05-19,41,3191,58,17.3632,15.8038,14,0
2020-05-19,51,2745,32,14.9363,8.7193,28,1
2020-05-19,61,1658,32,9.0217,8.7193,63,0
2020-05-19,71,793,7,4.3149,1.9074,89,2
2020-05-19,81,495,4,2.6934,1.0899,105,1
2020-05-19,99,493,-3,2.6826,-0.8174,0,0
2020-05-20,00,509,8,2.7466,5.1948,1,0
2020-05-20,11,1299,20,7.0095,12.987,1,0
2020-05-20,21,3690,39,19.9115,25.3247,1,0
2020-05-20,31,3612,40,19.4906,25.974,3,0
2020-05-20,41,3212,21,17.3322,13.6364,14,0
2020-05-20,51,2753,8,14.8554,5.1948,27,-1
2020-05-20,61,1666,8,8.9899,5.1948,66,3
2020-05-20,71,800,7,4.3169,4.5455,89,0
2020-05-20,81,497,2,2.6818,1.2987,107,2
2020-05-20,99,494,1,2.6657,0.6494,0,0
2020-05-21,00,533,24,2.811,5.5944,1,0
2020-05-21,11,1337,38,7.0513,8.8578,1,0
2020-05-21,21,3829,139,20.1941,32.4009,1,0
2020-05-21,31,3708,96,19.5559,22.3776,3,0
2020-05-21,41,3274,62,17.267,14.4522,14,0
2020-05-21,51,2785,32,14.688,7.4592,28,1
2020-05-21,61,1685,19,8.8867,4.4289,66,0
2020-05-21,71,811,11,4.2772,2.5641,91,2
2020-05-21,81,522,25,2.753,5.8275,108,1
2020-05-21,99,477,-17,2.5157,-3.9627,0,0
2020-05-22,00,557,24,2.872,5.5427,1,0
2020-05-22,11,1388,51,7.1569,11.7783,1,0
2020-05-22,21,3914,85,20.1815,19.6305,1,0
2020-05-22,31,3804,96,19.6143,22.1709,3,0
2020-05-22,41,3337,63,17.2064,14.5497,14,0
2020-05-22,51,2853,68,14.7107,15.7044,28,0
2020-05-22,61,1709,24,8.812,5.5427,66,0
2020-05-22,71,829,18,4.2745,4.157,92,1
2020-05-22,81,542,20,2.7947,4.6189,109,1
2020-05-22,99,461,-16,2.377,-3.6952,0,0
2020-05-23,00,588,31,2.9713,7.8481,1,0
2020-05-23,11,1430,42,7.2262,10.6329,1,0
2020-05-23,21,3996,82,20.193,20.7595,1,0
2020-05-23,31,3892,88,19.6675,22.2785,3,0
2020-05-23,41,3408,71,17.2217,17.9747,15,1
2020-05-23,51,2885,32,14.5788,8.1013,30,2
2020-05-23,61,1737,28,8.7776,7.0886,68,2
2020-05-23,71,842,13,4.2549,3.2911,94,2
2020-05-23,81,550,8,2.7793,2.0253,116,7
2020-05-23,99,461,0,2.3296,0.0,0,0
2020-05-24,00,606,18,3.0082,5.0562,1,0
2020-05-24,11,1474,44,7.317,12.3596,1,0
2020-05-24,21,4073,77,20.2184,21.6292,1,0
2020-05-24,31,3971,79,19.7121,22.191,3,0
2020-05-24,41,3479,71,17.2698,19.9438,16,1
2020-05-24,51,2918,33,14.485,9.2697,30,0
2020-05-24,61,1752,15,8.6969,4.2135,71,3
2020-05-24,71,852,10,4.2293,2.809,96,2
2020-05-24,81,564,14,2.7997,3.9326,117,1
2020-05-24,99,456,-5,2.2636,-1.4045,0,0
2020-05-25,00,635,29,3.0815,6.2771,1,0
2020-05-25,11,1534,60,7.4441,12.987,1,0
2020-05-25,21,4174,101,20.2553,21.8615,1,0
2020-05-25,31,4098,127,19.8864,27.4892,3,0
2020-05-25,41,3534,55,17.1495,11.9048,16,0
2020-05-25,51,2980,62,14.4611,13.4199,30,0
2020-05-25,61,1769,17,8.5845,3.6797,72,1
2020-05-25,71,858,6,4.1636,1.2987,96,0
2020-05-25,81,565,1,2.7418,0.2165,118,1
2020-05-25,99,460,4,2.2323,0.8658,0,0
2020-05-26,00,663,28,3.1624,7.8212,1,0
2020-05-26,11,1572,38,7.4982,10.6145,1,0
2020-05-26,21,4245,71,20.248,19.8324,1,0
2020-05-26,31,4183,85,19.9523,23.743,3,0
2020-05-26,41,3587,53,17.1095,14.8045,16,0
2020-05-26,51,3032,52,14.4622,14.5251,31,1
2020-05-26,61,1790,21,8.538,5.8659,73,1
2020-05-26,71,867,9,4.1355,2.514,97,1
2020-05-26,81,570,5,2.7188,1.3966,120,2
2020-05-26,99,456,-4,2.1751,-1.1173,0,0
2020-05-27,00,692,29,3.2479,8.5044,1,0
2020-05-27,11,1622,50,7.6129,14.6628,1,0
2020-05-27,21,4309,64,20.2243,18.7683,1,0
2020-05-27,31,4247,64,19.9334,18.7683,5,2
2020-05-27,41,3631,44,17.0421,12.9032,16,0
2020-05-27,51,3077,45,14.4419,13.1965,31,0
2020-05-27,61,1812,22,8.5046,6.4516,76,3
2020-05-27,71,881,14,4.135,4.1056,100,3
2020-05-27,81,579,9,2.7175,2.6393,122,2
2020-05-27,99,456,0,2.1402,0.0,0,0
2020-05-28,00,720,28,3.3212,7.5067,1,0
2020-05-28,11,1670,48,7.7033,12.8686,1,0
2020-05-28,21,4382,73,20.2131,19.571,1,0
2020-05-28,31,4334,87,19.9917,23.3244,5,0
2020-05-28,41,3707,76,17.0995,20.3753,17,1
2020-05-28,51,3114,37,14.3641,9.9196,31,0
2020-05-28,61,1836,24,8.469,6.4343,77,1
2020-05-28,71,890,9,4.1054,2.4129,100,0
2020-05-28,81,582,3,2.6846,0.8043,123,1
2020-05-28,99,444,-12,2.0481,-3.2172,0,0
2020-05-29,00,748,28,3.3869,6.8966,1,0
2020-05-29,11,1721,51,7.7926,12.5616,1,0
2020-05-29,21,4471,89,20.2445,21.9212,1,0
2020-05-29,31,4435,101,20.0815,24.8768,5,0
2020-05-29,41,3763,56,17.0387,13.7931,18,1
2020-05-29,51,3161,47,14.3129,11.5764,31,0
2020-05-29,61,1860,24,8.422,5.9113,78,1
2020-05-29,71,897,7,4.0616,1.7241,100,0
2020-05-29,81,587,5,2.6579,1.2315,125,2
2020-05-29,99,442,-2,2.0014,-0.4926,0,0
2020-05-30,00,775,27,3.4344,5.6133,1,0
2020-05-30,11,1783,62,7.9013,12.8898,1,0
2020-05-30,21,4597,126,20.3714,26.1954,1,0
2020-05-30,31,4580,145,20.296,30.1455,5,0
2020-05-30,41,3860,97,17.1054,20.1663,18,0
2020-05-30,51,3235,74,14.3357,15.3846,31,0
2020-05-30,61,1895,35,8.3976,7.2765,78,0
2020-05-30,71,916,19,4.0592,3.9501,102,2
2020-05-30,81,598,11,2.65,2.2869,127,2
2020-05-30,99,327,-115,1.4491,-23.9085,0,0
2020-05-31,00,807,32,3.5078,7.2727,1,0
2020-05-31,11,1836,53,7.9805,12.0455,1,0
2020-05-31,21,4694,97,20.4034,22.0455,1,0
2020-05-31,31,4661,81,20.2599,18.4091,5,0
2020-05-31,41,3928,68,17.0738,15.4545,18,0
2020-05-31,51,3291,56,14.305,12.7273,31,0
2020-05-31,61,1920,25,8.3456,5.6818,78,0
2020-05-31,71,925,9,4.0207,2.0455,102,0
2020-05-31,81,615,17,2.6732,3.8636,127,0
2020-05-31,99,329,2,1.4301,0.4545,0,0
2020-06-01,00,850,43,3.6087,7.8467,1,0
2020-06-01,11,1889,53,8.0199,9.6715,1,0
2020-06-01,21,4791,97,20.3405,17.7007,1,0
2020-06-01,31,4779,118,20.2895,21.5328,5,0
2020-06-01,41,4023,95,17.0799,17.3358,19,1
2020-06-01,51,3357,66,14.2524,12.0438,31,0
2020-06-01,61,1952,32,8.2873,5.8394,78,0
2020-06-01,71,945,20,4.0121,3.6496,103,1
2020-06-01,81,631,16,2.679,2.9197,128,1
2020-06-01,99,337,8,1.4308,1.4599,0,0
2020-06-02,00,888,38,3.6431,4.6285,1,0
2020-06-02,11,1949,60,7.9959,7.3082,1,0
2020-06-02,21,5028,237,20.6277,28.8672,1,0
2020-06-02,31,4969,190,20.3856,23.1425,5,0
2020-06-02,41,4169,146,17.1036,17.7832,20,1
2020-06-02,51,3448,91,14.1456,11.084,33,2
2020-06-02,61,1997,45,8.1928,5.4811,80,2
2020-06-02,71,959,14,3.9344,1.7052,105,2
2020-06-02,81,636,5,2.6092,0.609,135,7
2020-06-02,99,332,-5,1.3621,-0.609,0,0
2020-06-03,00,909,21,3.6621,4.698,1,0
2020-06-03,11,1987,38,8.005,8.5011,1,0
2020-06-03,21,5153,125,20.7598,27.9642,1,0
2020-06-03,31,5067,98,20.4133,21.9239,5,0
2020-06-03,41,4239,70,17.0776,15.66,21,1
2020-06-03,51,3501,53,14.1044,11.8568,34,1
2020-06-03,61,2026,29,8.1621,6.4877,80,0
2020-06-03,71,974,15,3.9239,3.3557,109,4
2020-06-03,81,642,6,2.5864,1.3423,136,1
2020-06-03,99,324,-8,1.3053,-1.7897,0,0
2020-06-04,00,932,23,3.7102,7.7181,1,0
2020-06-04,11,2023,36,8.0533,12.0805,1,0
2020-06-04,21,5221,68,20.7842,22.8188,1,0
2020-06-04,31,5111,44,20.3463,14.7651,6,1
2020-06-04,41,4281,42,17.0422,14.094,21,0
2020-06-04,51,3542,41,14.1003,13.7584,34,0
2020-06-04,61,2052,26,8.1688,8.7248,82,2
2020-06-04,71,982,8,3.9092,2.6846,116,7
2020-06-04,81,650,8,2.5876,2.6846,139,3
2020-06-04,99,326,2,1.2978,0.6711,0,0
2020-06-05,00,968,36,3.7931,9.0,1,0
2020-06-05,11,2078,55,8.1426,13.75,1,0
2020-06-05,21,5310,89,20.8072,22.25,1,0
2020-06-05,31,5198,87,20.3683,21.75,8,2
2020-06-05,41,4361,80,17.0886,20.0,21,0
2020-06-05,51,3599,57,14.1027,14.25,35,1
2020-06-05,61,2077,25,8.1387,6.25,83,1
2020-06-05,71,994,12,3.895,3.0,119,3
2020-06-05,81,661,11,2.5901,2.75,139,0
2020-06-05,99,274,-52,1.0737,-13.0,0,0
2020-06-06,00,1001,33,3.8395,5.9891,1,0
2020-06-06,11,2138,60,8.2007,10.8893,1,0
2020-06-06,21,5420,110,20.7894,19.9637,2,1
2020-06-06,31,5336,138,20.4672,25.0454,9,1
2020-06-06,41,4453,92,17.0803,16.6969,21,0
2020-06-06,51,3678,79,14.1076,14.3376,36,1
2020-06-06,61,2101,24,8.0588,4.3557,84,1
2020-06-06,71,1004,10,3.851,1.8149,121,2
2020-06-06,81,670,9,2.5699,1.6334,142,3
2020-06-06,99,270,-4,1.0356,-0.726,0,0
2020-06-07,00,1020,19,3.8664,6.129,1,0
2020-06-07,11,2170,32,8.2256,10.3226,1,0
2020-06-07,21,5483,63,20.7839,20.3226,2,0
2020-06-07,31,5388,52,20.4238,16.7742,9,0
2020-06-07,41,4500,47,17.0577,15.1613,21,0
2020-06-07,51,3713,35,14.0745,11.2903,36,0
2020-06-07,61,2120,19,8.0361,6.129,84,0
2020-06-07,71,1027,23,3.893,7.4194,122,1
2020-06-07,81,689,19,2.6117,6.129,142,0
2020-06-07,99,271,1,1.0273,0.3226,0,0
2020-06-08,00,1060,40,3.9341,7.1048,1,0
2020-06-08,11,2246,76,8.3358,13.4991,1,0
2020-06-08,21,5613,130,20.8321,23.0906,2,0
2020-06-08,31,5512,124,20.4572,22.0249,8,-1
2020-06-08,41,4594,94,17.0502,16.6963,22,1
2020-06-08,51,3772,59,13.9994,10.4796,36,0
2020-06-08,61,2141,21,7.9461,3.73,84,0
2020-06-08,71,1045,18,3.8784,3.1972,124,2
2020-06-08,81,699,10,2.5943,1.7762,143,1
2020-06-08,99,262,-9,0.9724,-1.5986,0,0
2020-06-09,00,1101,41,3.9927,6.4976,1,0
2020-06-09,11,2349,103,8.5186,16.3233,1,0
2020-06-09,21,5793,180,21.0082,28.5261,2,0
2020-06-09,31,5660,148,20.5258,23.4548,9,1
2020-06-09,41,4693,99,17.019,15.6894,22,0
2020-06-09,51,3837,65,13.9148,10.3011,37,1
2020-06-09,61,2175,34,7.8876,5.3883,86,2
2020-06-09,71,1064,19,3.8586,3.0111,129,5
2020-06-09,81,702,3,2.5458,0.4754,148,5
2020-06-09,99,201,-61,0.7289,-9.6672,0,0
2020-06-10,00,1115,14,4.0009,4.7619,1,0
2020-06-10,11,2377,28,8.5292,9.5238,1,0
2020-06-10,21,5866,73,21.0485,24.8299,2,0
2020-06-10,31,5753,93,20.643,31.6327,9,0
2020-06-10,41,4740,47,17.0081,15.9864,22,0
2020-06-10,51,3868,31,13.8792,10.5442,37,0
2020-06-10,61,2197,22,7.8833,7.483,86,0
2020-06-10,71,1079,15,3.8717,5.102,129,0
2020-06-10,81,717,15,2.5728,5.102,149,1
2020-06-10,99,157,-44,0.5633,-14.966,0,0
2020-06-11,00,1149,34,4.0543,7.2187,1,0
2020-06-11,11,2421,44,8.5427,9.3418,1,0
2020-06-11,21,5992,126,21.1433,26.7516,2,0
2020-06-11,31,5867,114,20.7022,24.2038,10,1
2020-06-11,41,4838,98,17.0713,20.8068,21,-1
2020-06-11,51,3921,53,13.8356,11.2527,37,0
2020-06-11,61,2223,26,7.844,5.5202,87,1
2020-06-11,71,1092,13,3.8532,2.7601,131,2
2020-06-11,81,730,13,2.5759,2.7601,151,2
2020-06-11,99,107,-50,0.3776,-10.6157,0,0
2020-06-12,00,1202,53,4.1269,6.743,1,0
2020-06-12,11,2510,89,8.6177,11.3232,1,0
2020-06-12,21,6154,162,21.1289,20.6107,3,1
2020-06-12,31,6034,167,20.7169,21.2468,10,0
2020-06-12,41,4966,128,17.0501,16.285,22,1
2020-06-12,51,4009,88,13.7643,11.1959,41,4
2020-06-12,61,2275,52,7.8109,6.6158,94,7
2020-06-12,71,1123,31,3.8557,3.944,140,9
2020-06-12,81,741,11,2.5441,1.3995,156,5
2020-06-12,99,112,5,0.3845,0.6361,0,0
2020-06-13,00,1224,22,4.1434,5.3012,1,0
2020-06-13,11,2551,41,8.6355,9.8795,1,0
2020-06-13,21,6263,109,21.201,26.2651,3,0
2020-06-13,31,6142,108,20.7914,26.0241,10,0
2020-06-13,41,5042,76,17.0678,18.3133,22,0
2020-06-13,51,4068,59,13.7707,14.2169,41,0
2020-06-13,61,2303,28,7.7959,6.747,94,0
2020-06-13,71,1142,19,3.8658,4.5783,142,2
2020-06-13,81,746,5,2.5253,1.2048,158,2
2020-06-13,99,60,-52,0.2031,-12.5301,0,0
2020-06-14,00,1289,65,4.2357,7.2952,1,0
2020-06-14,11,2652,101,8.7145,11.3356,1,0
2020-06-14,21,6480,217,21.2934,24.3547,3,0
2020-06-14,31,6327,185,20.7906,20.7632,10,0
2020-06-14,41,5185,143,17.038,16.0494,23,1
2020-06-14,51,4170,102,13.7027,11.4478,41,0
2020-06-14,61,2352,49,7.7287,5.4994,94,0
2020-06-14,71,1167,25,3.8348,2.8058,143,1
2020-06-14,81,753,7,2.4744,0.7856,159,1
2020-06-14,99,57,-3,0.1873,-0.3367,0,0
2020-06-15,00,1334,45,4.2811,6.1813,1,0
2020-06-15,11,2740,88,8.7933,12.0879,1,0
2020-06-15,21,6638,158,21.303,21.7033,3,0
2020-06-15,31,6505,178,20.8761,24.4505,10,0
2020-06-15,41,5309,124,17.0379,17.033,24,1
2020-06-15,51,4246,76,13.6264,10.4396,42,1
2020-06-15,61,2385,33,7.654,4.533,96,2
2020-06-15,71,1181,14,3.7901,1.9231,146,3
2020-06-15,81,764,11,2.4519,1.511,160,1
2020-06-15,99,58,1,0.1861,0.1374,0,0
2020-06-16,00,1391,57,4.3701,8.5075,1,0
2020-06-16,11,2819,79,8.8564,11.791,1,0
2020-06-16,21,6779,141,21.2975,21.0448,3,0
2020-06-16,31,6646,141,20.8797,21.0448,11,1
2020-06-16,41,5420,111,17.028,16.5672,24,0
2020-06-16,51,4317,71,13.5627,10.597,45,3
2020-06-16,61,2434,49,7.6469,7.3134,96,0
2020-06-16,71,1198,17,3.7637,2.5373,149,3
2020-06-16,81,770,6,2.4191,0.8955,163,3
2020-06-16,99,56,-2,0.1759,-0.2985,0,0
2020-06-17,00,1397,6,4.3462,1.9169,2,1
2020-06-17,11,2863,44,8.9071,14.0575,1,0
2020-06-17,21,6860,81,21.3421,25.8786,4,1
2020-06-17,31,6702,56,20.8506,17.8914,10,-1
2020-06-17,41,5477,57,17.0395,18.2109,24,0
2020-06-17,51,4349,32,13.5302,10.2236,46,1
2020-06-17,61,2452,18,7.6284,5.7508,96,0
2020-06-17,71,1207,9,3.7551,2.8754,151,2
2020-06-17,81,781,11,2.4298,3.5144,163,0
2020-06-17,99,55,-1,0.1711,-0.3195,0,0
2020-06-18,00,1441,44,4.3894,6.414,2,0
2020-06-18,11,2944,81,8.9677,11.8076,1,0
2020-06-18,21,7004,144,21.3348,20.9913,4,0
2020-06-18,31,6819,117,20.7713,17.0554,10,0
2020-06-18,41,5596,119,17.0459,17.3469,25,1
2020-06-18,51,4432,83,13.5003,12.0991,46,0
2020-06-18,61,2493,41,7.5939,5.9767,101,5
2020-06-18,71,1240,33,3.7771,4.8105,153,2
2020-06-18,81,805,24,2.4521,3.4985,167,4
2020-06-18,99,55,0,0.1675,0.0,0,0
2020-06-19,00,1512,71,4.4448,5.9764,2,0
2020-06-19,11,3094,150,9.0955,12.6263,1,0
2020-06-19,21,7258,254,21.3364,21.3805,4,0
2020-06-19,31,7067,248,20.7749,20.8754,11,1
2020-06-19,41,5792,196,17.0268,16.4983,25,0
2020-06-19,51,4574,142,13.4462,11.9529,46,0
2020-06-19,61,2563,70,7.5345,5.8923,103,2
2020-06-19,71,1280,40,3.7628,3.367,156,3
2020-06-19,81,816,11,2.3988,0.9259,167,0
2020-06-19,99,61,6,0.1793,0.5051,0,0
2020-06-20,00,1542,30,4.4766,6.993,2,0
2020-06-20,11,3145,51,9.1302,11.8881,1,0
2020-06-20,21,7350,92,21.3377,21.4452,4,0
2020-06-20,31,7150,83,20.7571,19.3473,10,-1
2020-06-20,41,5853,61,16.9918,14.2191,25,0
2020-06-20,51,4635,61,13.4558,14.2191,47,1
2020-06-20,61,2593,30,7.5277,6.993,104,1
2020-06-20,71,1294,14,3.7566,3.2634,159,3
2020-06-20,81,823,7,2.3892,1.6317,172,5
2020-06-20,99,61,0,0.1771,0.0,0,0
2020-06-21,00,1584,42,4.5126,6.4024,2,0
2020-06-21,11,3223,78,9.1818,11.8902,1,0
2020-06-21,21,7502,152,21.372,23.1707,4,0
2020-06-21,31,7267,117,20.7025,17.8354,10,0
2020-06-21,41,5957,104,16.9705,15.8537,25,0
2020-06-21,51,4712,77,13.4237,11.7378,47,0
2020-06-21,61,2626,33,7.4811,5.0305,105,1
2020-06-21,71,1327,33,3.7804,5.0305,159,0
2020-06-21,81,840,17,2.393,2.5915,173,1
2020-06-21,99,64,3,0.1823,0.4573,0,0
2020-06-22,00,1605,21,4.5144,4.6563,2,0
2020-06-22,11,3280,57,9.2257,12.6386,1,0
2020-06-22,21,7637,135,21.4806,29.9335,4,0
2020-06-22,31,7341,74,20.648,16.408,11,1
2020-06-22,41,6025,68,16.9465,15.0776,25,0
2020-06-22,51,4763,51,13.3969,11.3082,49,2
2020-06-22,61,2656,30,7.4705,6.6519,107,2
2020-06-22,71,1336,9,3.7578,1.9956,159,0
2020-06-22,81,846,6,2.3795,1.3304,173,0
2020-06-22,99,64,0,0.18,0.0,0,0
2020-06-23,00,1649,44,4.5423,5.8667,2,0
2020-06-23,11,3405,125,9.3794,16.6667,1,0
2020-06-23,21,7794,157,21.4693,20.9333,4,0
2020-06-23,31,7488,147,20.6264,19.6,11,0
2020-06-23,41,6136,111,16.9022,14.8,26,1
2020-06-23,51,4849,86,13.357,11.4667,50,1
2020-06-23,61,2692,36,7.4154,4.8,108,1
2020-06-23,71,1368,32,3.7683,4.2667,164,5
2020-06-23,81,857,11,2.3607,1.4667,176,3
2020-06-23,99,65,1,0.179,0.1333,0,0
2020-06-24,00,1700,51,4.5656,5.4721,3,1
2020-06-24,11,3523,118,9.4615,12.6609,1,0
2020-06-24,21,8023,229,21.5469,24.5708,4,0
2020-06-24,31,7663,175,20.5801,18.7768,12,1
2020-06-24,41,6306,170,16.9357,18.2403,26,0
2020-06-24,51,4940,91,13.2671,9.7639,51,1
2020-06-24,61,2749,57,7.3828,6.1159,109,1
2020-06-24,71,1401,33,3.7626,3.5408,169,5
2020-06-24,81,866,9,2.3258,0.9657,181,5
2020-06-24,99,64,-1,0.1719,-0.1073,0,0
2020-06-25,00,1750,50,4.6011,6.2578,3,0
2020-06-25,11,3602,79,9.4705,9.8874,1,0
2020-06-25,21,8217,194,21.6044,24.2804,4,0
2020-06-25,31,7805,142,20.5211,17.7722,13,1
2020-06-25,41,6418,112,16.8744,14.0175,26,0
2020-06-25,51,5026,86,13.2145,10.7635,50,-1
2020-06-25,61,2791,42,7.3382,5.2566,110,1
2020-06-25,71,1431,30,3.7624,3.7547,175,6
2020-06-25,81,884,18,2.3242,2.2528,185,4
2020-06-25,99,110,46,0.2892,5.7572,0,0
2020-06-26,00,1798,48,4.5584,3.4043,3,0
2020-06-26,11,3733,131,9.4641,9.2908,2,1
2020-06-26,21,8482,265,21.5039,18.7943,4,0
2020-06-26,31,8031,226,20.3605,16.0284,12,-1
2020-06-26,41,6579,161,16.6793,11.4184,26,0
2020-06-26,51,5162,136,13.0869,9.6454,50,0
2020-06-26,61,2876,85,7.2913,6.0284,111,1
2020-06-26,71,1464,33,3.7116,2.3404,177,2
2020-06-26,81,898,14,2.2766,0.9929,192,7
2020-06-26,99,421,311,1.0673,22.0567,0,0
2020-06-27,00,1837,39,4.5728,5.3571,3,0
2020-06-27,11,3812,79,9.4892,10.8516,1,-1
2020-06-27,21,8692,210,21.637,28.8462,5,1
2020-06-27,31,8179,148,20.36,20.3297,11,-1
2020-06-27,41,6690,111,16.6534,15.2473,26,0
2020-06-27,51,5273,111,13.1261,15.2473,51,1
2020-06-27,61,2926,50,7.2837,6.8681,112,1
2020-06-27,71,1494,30,3.719,4.1209,180,3
2020-06-27,81,915,17,2.2777,2.3352,195,3
2020-06-27,99,354,-67,0.8812,-9.2033,0,0
2020-06-29,00,1960,123,4.6339,5.7882,3,0
2020-06-29,11,4046,234,9.5657,11.0118,1,0
2020-06-29,21,9281,589,21.9425,27.7176,5,0
2020-06-29,31,8569,390,20.2591,18.3529,11,0
2020-06-29,41,7051,361,16.6702,16.9882,26,0
2020-06-29,51,5508,235,13.0222,11.0588,52,1
2020-06-29,61,3078,152,7.2771,7.1529,113,1
2020-06-29,71,1579,85,3.7331,4.0,183,3
2020-06-29,81,952,37,2.2508,1.7412,198,3
2020-06-29,99,273,-81,0.6454,-3.8118,0,0
2020-06-30,00,2020,60,4.6427,4.9505,3,0
2020-06-30,11,4161,115,9.5635,9.4884,1,0
2020-06-30,21,9587,306,22.0345,25.2475,5,0
2020-06-30,31,8817,248,20.2648,20.462,11,0
2020-06-30,41,7256,205,16.677,16.9142,26,0
2020-06-30,51,5654,146,12.995,12.0462,55,3
2020-06-30,61,3169,91,7.2836,7.5083,114,1
2020-06-30,71,1627,48,3.7395,3.9604,189,6
2020-06-30,81,972,20,2.234,1.6502,200,2
2020-06-30,99,246,-27,0.5654,-2.2277,0,0
2020-07-01,00,2099,79,4.632,4.3743,3,0
2020-07-01,11,4383,222,9.6723,12.2924,0,-1
2020-07-01,21,10134,547,22.3635,30.2879,5,0
2020-07-01,31,9184,367,20.267,20.3212,11,0
2020-07-01,41,7505,249,16.5618,13.7874,27,1
2020-07-01,51,5813,159,12.828,8.804,55,0
2020-07-01,61,3277,108,7.2316,5.9801,115,1
2020-07-01,71,1670,43,3.6853,2.381,190,1
2020-07-01,81,1009,37,2.2266,2.0487,203,3
2020-07-01,99,241,-5,0.5318,-0.2769,0,0
2020-07-02,00,2152,53,4.5895,3.3651,3,0
2020-07-02,11,4567,184,9.7398,11.6825,0,0
2020-07-02,21,10571,437,22.5443,27.746,5,0
2020-07-02,31,9489,305,20.2367,19.3651,11,0
2020-07-02,41,7730,225,16.4854,14.2857,27,0
2020-07-02,51,6003,190,12.8023,12.0635,58,3
2020-07-02,61,3379,102,7.2062,6.4762,115,0
2020-07-02,71,1722,52,3.6724,3.3016,192,2
2020-07-02,81,1036,27,2.2094,1.7143,209,6
2020-07-02,99,241,0,0.514,0.0,0,0
2020-07-03,00,2230,78,4.5779,4.281,4,1
2020-07-03,11,4776,209,9.8046,11.4709,0,0
2020-07-03,21,11032,461,22.6474,25.3019,6,1
2020-07-03,31,9833,344,20.186,18.8804,11,0
2020-07-03,41,8019,289,16.4621,15.8617,28,1
2020-07-03,51,6208,205,12.7443,11.2514,59,1
2020-07-03,61,3507,128,7.1995,7.0252,116,1
2020-07-03,71,1806,84,3.7075,4.6103,195,3
2020-07-03,81,1071,35,2.1986,1.921,214,5
2020-07-03,99,230,-11,0.4722,-0.6037,0,0
2020-07-04,00,2279,49,4.5453,3.4314,4,0
2020-07-04,11,4927,151,9.8265,10.5742,0,0
2020-07-04,21,11472,440,22.8799,30.8123,6,0
2020-07-04,31,10098,265,20.1396,18.5574,11,0
2020-07-04,41,8208,189,16.3702,13.2353,28,0
2020-07-04,51,6350,142,12.6645,9.944,60,1
2020-07-04,61,3598,91,7.1759,6.3725,116,0
2020-07-04,71,1859,53,3.7076,3.7115,196,1
2020-07-04,81,1095,24,2.1839,1.6807,216,2
2020-07-04,99,254,24,0.5066,1.6807,0,0
2020-07-05,00,2332,53,4.5342,4.1053,4,0
2020-07-05,11,5084,157,9.8851,12.1611,0,0
2020-07-05,21,11856,384,23.0522,29.7444,8,2
2020-07-05,31,10318,220,20.0618,17.0411,12,1
2020-07-05,41,8407,199,16.3462,15.4144,29,1
2020-07-05,51,6492,142,12.6227,10.9992,63,3
2020-07-05,61,3684,86,7.163,6.6615,117,1
2020-07-05,71,1896,37,3.6865,2.866,197,1
2020-07-05,81,1110,15,2.1582,1.1619,216,0
2020-07-05,99,252,-2,0.49,-0.1549,0,0
2020-07-06,00,2360,28,4.525,3.8674,3,-1
2020-07-06,11,5173,89,9.9185,12.2928,0,0
2020-07-06,21,12063,207,23.1291,28.5912,8,0
2020-07-06,31,10429,111,19.9962,15.3315,12,0
2020-07-06,41,8507,100,16.311,13.8122,32,3
2020-07-06,51,6581,89,12.6182,12.2928,64,1
2020-07-06,61,3749,65,7.1882,8.9779,118,1
2020-07-06,71,1929,33,3.6986,4.558,199,2
2020-07-06,81,1122,12,2.1513,1.6575,217,1
2020-07-06,99,242,-10,0.464,-1.3812,0,0
2020-07-07,00,2444,84,4.567,6.181,3,0
2020-07-07,11,5319,146,9.9395,10.7432,0,0
2020-07-07,21,12463,400,23.2892,29.4334,9,1
2020-07-07,31,10639,210,19.8808,15.4525,13,1
2020-07-07,41,8702,195,16.2612,14.3488,32,0
2020-07-07,51,6742,161,12.5986,11.8469,65,1
2020-07-07,61,3855,106,7.2037,7.7999,123,5
2020-07-07,71,1987,58,3.713,4.2678,200,1
2020-07-07,81,1144,22,2.1378,1.6188,220,3
2020-07-07,99,219,-23,0.4092,-1.6924,0,0
2020-07-08,00,2558,114,4.569,4.6117,3,0
2020-07-08,11,5611,292,10.0221,11.8123,0,0
2020-07-08,21,13150,687,23.488,27.7913,9,0
2020-07-08,31,11084,445,19.7978,18.0016,12,-1
2020-07-08,41,9069,367,16.1987,14.8463,32,0
2020-07-08,51,7008,266,12.5174,10.7605,66,1
2020-07-08,61,4015,160,7.1714,6.4725,128,5
2020-07-08,71,2060,73,3.6795,2.9531,208,8
2020-07-08,81,1183,39,2.113,1.5777,227,7
2020-07-08,99,248,29,0.443,1.1731,0,0
2020-07-09,00,2635,77,4.5754,4.7975,3,0
2020-07-09,11,5786,175,10.0467,10.9034,0,0
2020-07-09,21,13550,400,23.528,24.9221,10,1
2020-07-09,31,11357,273,19.7201,17.0093,12,0
2020-07-09,41,9297,228,16.1431,14.2056,34,2
2020-07-09,51,7232,224,12.5575,13.9564,68,2
2020-07-09,61,4142,127,7.1921,7.9128,136,8
2020-07-09,71,2125,65,3.6898,4.0498,216,8
2020-07-09,81,1207,24,2.0958,1.4953,231,4
2020-07-09,99,260,12,0.4515,0.7477,0,0
2020-07-10,00,2709,74,4.5494,3.7852,3,0
2020-07-10,11,6029,243,10.1249,12.4297,0,0
2020-07-10,21,14077,527,23.6405,26.9565,11,1
2020-07-10,31,11722,365,19.6856,18.6701,13,1
2020-07-10,41,9615,318,16.1472,16.266,34,0
2020-07-10,51,7460,228,12.5281,11.6624,69,1
2020-07-10,61,4275,133,7.1793,6.8031,138,2
2020-07-10,71,2185,60,3.6694,3.0691,221,5
2020-07-10,81,1246,39,2.0925,1.9949,234,3
2020-07-10,99,228,-32,0.3829,-1.6368,0,0
2020-07-11,00,2785,76,4.5651,5.2055,3,0
2020-07-11,11,6207,178,10.1744,12.1918,0,0
2020-07-11,21,14478,401,23.7321,27.4658,11,0
2020-07-11,31,11977,255,19.6325,17.4658,13,0
2020-07-11,41,9832,217,16.1164,14.863,36,2
2020-07-11,51,7653,193,12.5447,13.2192,75,6
2020-07-11,61,4385,110,7.1878,7.5342,139,1
2020-07-11,71,2247,62,3.6832,4.2466,222,1
2020-07-11,81,1272,26,2.085,1.7808,239,5
2020-07-11,99,170,-58,0.2787,-3.9726,0,0
2020-07-12,00,2821,36,4.5529,3.7736,3,0
2020-07-12,11,6334,127,10.2227,13.3124,0,0
2020-07-12,21,14731,253,23.775,26.5199,12,1
2020-07-12,31,12140,163,19.5933,17.086,13,0
2020-07-12,41,9980,148,16.1072,15.5136,36,0
2020-07-12,51,7761,108,12.5258,11.3208,76,1
2020-07-12,61,4461,76,7.1998,7.9665,139,0
2020-07-12,71,2284,37,3.6862,3.8784,223,1
2020-07-12,81,1279,7,2.0642,0.7338,239,0
2020-07-12,99,169,-1,0.2728,-0.1048,0,0
2020-07-13,00,2969,148,4.5485,4.4659,3,0
2020-07-13,11,6740,406,10.3257,12.2511,0,0
2020-07-13,21,15610,879,23.9146,26.5238,12,0
2020-07-13,31,12710,570,19.4718,17.1998,14,1
2020-07-13,41,10458,478,16.0217,14.4237,37,1
2020-07-13,51,8130,369,12.4552,11.1346,76,0
2020-07-13,61,4694,233,7.1912,7.0308,139,0
2020-07-13,71,2422,138,3.7105,4.1642,226,3
2020-07-13,81,1372,93,2.1019,2.8063,242,3
2020-07-13,99,169,0,0.2589,0.0,0,0
2020-07-14,00,3025,56,4.5293,3.6988,3,0
2020-07-14,11,6933,193,10.3806,12.7477,0,0
2020-07-14,21,15984,374,23.9324,24.7028,13,1
2020-07-14,31,13002,292,19.4676,19.2867,14,0
2020-07-14,41,10674,216,15.9819,14.2668,37,0
2020-07-14,51,8308,178,12.4394,11.7569,80,4
2020-07-14,61,4795,101,7.1794,6.6711,146,7
2020-07-14,71,2483,61,3.7177,4.0291,228,2
2020-07-14,81,1400,28,2.0962,1.8494,246,4
2020-07-14,99,184,15,0.2755,0.9908,0,0
2020-07-15,00,3120,95,4.5177,4.1795,3,0
2020-07-15,11,7256,323,10.5067,14.2103,0,0
2020-07-15,21,16528,544,23.9325,23.9331,13,0
2020-07-15,31,13381,379,19.3756,16.674,14,0
2020-07-15,41,11025,351,15.9641,15.4421,38,1
2020-07-15,51,8621,313,12.4832,13.7703,84,4
2020-07-15,61,4952,157,7.1705,6.9072,148,2
2020-07-15,71,2583,100,3.7402,4.3995,229,1
2020-07-15,81,1439,39,2.0837,1.7158,254,8
2020-07-15,99,156,-28,0.2259,-1.2319,0,0
2020-07-16,00,3238,118,4.5261,4.76,3,0
2020-07-16,11,7647,391,10.6891,15.7725,0,0
2020-07-16,21,17151,623,23.974,25.1311,12,-1
2020-07-16,31,13769,388,19.2466,15.6515,14,0
2020-07-16,41,11344,319,15.8569,12.8681,38,0
2020-07-16,51,8909,288,12.4532,11.6176,84,0
2020-07-16,61,5152,200,7.2016,8.0678,151,3
2020-07-16,71,2666,83,3.7266,3.3481,233,4
2020-07-16,81,1491,52,2.0841,2.0976,261,7
2020-07-16,99,173,17,0.2418,0.6858,0,0
2020-07-17,00,3341,103,4.5259,4.5195,3,0
2020-07-17,11,7955,308,10.7764,13.5147,0,0
2020-07-17,21,17727,576,24.0141,25.2742,12,0
2020-07-17,31,14144,375,19.1604,16.4546,14,0
2020-07-17,41,11685,341,15.8293,14.9627,39,1
2020-07-17,51,9205,296,12.4697,12.9882,87,3
2020-07-17,61,5325,173,7.2136,7.591,154,3
2020-07-17,71,2750,84,3.7253,3.6858,237,4
2020-07-17,81,1536,45,2.0808,1.9746,269,8
2020-07-17,99,151,-22,0.2046,-0.9653,0,0
2020-07-18,00,3474,133,4.5509,5.2841,3,0
2020-07-18,11,8278,323,10.8442,12.8327,0,0
2020-07-18,21,18318,591,23.9965,23.4803,12,0
2020-07-18,31,14575,431,19.0932,17.1236,14,0
2020-07-18,41,12070,385,15.8117,15.296,40,1
2020-07-18,51,9501,296,12.4463,11.76,93,6
2020-07-18,61,5513,188,7.222,7.4692,158,4
2020-07-18,71,2839,89,3.7191,3.536,240,3
2020-07-18,81,1613,77,2.113,3.0592,278,9
2020-07-18,99,155,4,0.203,0.1589,0,0
2020-07-19,00,3578,104,4.5804,5.846,3,0
2020-07-19,11,8529,251,10.9185,14.1091,0,0
2020-07-19,21,18730,412,23.9775,23.1591,12,0
2020-07-19,31,14881,306,19.0501,17.2007,14,0
2020-07-19,41,12317,247,15.7678,13.8842,41,1
2020-07-19,51,9695,194,12.4112,10.905,94,1
2020-07-19,61,5646,133,7.2278,7.4761,158,0
2020-07-19,71,2919,80,3.7368,4.4969,243,3
2020-07-19,81,1664,51,2.1302,2.8668,278,0
2020-07-19,99,156,1,0.1997,0.0562,0,0
2020-07-20,00,3647,69,4.5728,4.2099,3,0
2020-07-20,11,8757,228,10.98,13.9109,0,0
2020-07-20,21,19112,382,23.9637,23.3069,12,0
2020-07-20,31,15143,262,18.9871,15.9854,14,0
2020-07-20,41,12603,286,15.8023,17.4497,41,0
2020-07-20,51,9884,189,12.3931,11.5314,94,0
2020-07-20,61,5760,114,7.2222,6.9555,159,1
2020-07-20,71,2999,80,3.7603,4.881,243,0
2020-07-20,81,1691,27,2.1203,1.6473,281,3
2020-07-20,99,158,2,0.1981,0.122,0,0
2020-07-21,00,3734,87,4.5568,3.9726,3,0
2020-07-21,11,9067,310,11.0649,14.1553,0,0
2020-07-21,21,19601,489,23.92,22.3288,12,0
2020-07-21,31,15515,372,18.9337,16.9863,14,0
2020-07-21,41,12919,316,15.7656,14.4292,42,1
2020-07-21,51,10177,293,12.4195,13.379,98,4
2020-07-21,61,5937,177,7.2452,8.0822,165,6
2020-07-21,71,3105,106,3.7892,4.8402,250,7
2020-07-21,81,1745,54,2.1295,2.4658,287,6
2020-07-21,99,144,-14,0.1757,-0.6393,0,0
2020-07-22,00,3875,141,4.5903,5.7016,3,0
2020-07-22,11,9389,322,11.1222,13.0206,0,0
2020-07-22,21,20162,561,23.8838,22.685,12,0
2020-07-22,31,15905,390,18.841,15.7703,14,0
2020-07-22,41,13236,317,15.6793,12.8184,42,0
2020-07-22,51,10474,297,12.4075,12.0097,101,3
2020-07-22,61,6167,230,7.3054,9.3004,167,2
2020-07-22,71,3223,118,3.818,4.7715,252,2
2020-07-22,81,1819,74,2.1548,2.9923,297,10
2020-07-22,99,167,23,0.1978,0.93,0,0
2020-07-23,00,3985,110,4.5811,4.2802,3,0
2020-07-23,11,9665,276,11.1109,10.7393,0,0
2020-07-23,21,20726,564,23.8265,21.9455,12,0
2020-07-23,31,16343,438,18.7879,17.0428,16,2
2020-07-23,41,13613,377,15.6495,14.6693,48,6
2020-07-23,51,10822,348,12.4409,13.5409,107,6
2020-07-23,61,6423,256,7.3839,9.9611,171,4
2020-07-23,71,3377,154,3.8822,5.9922,263,11
2020-07-23,81,1869,50,2.1486,1.9455,305,8
2020-07-23,99,164,-3,0.1885,-0.1167,0,0
2020-07-24,00,4077,92,4.5769,4.3998,3,0
2020-07-24,11,9915,250,11.1307,11.956,1,1
2020-07-24,21,21164,438,23.759,20.9469,12,0
2020-07-24,31,16699,356,18.7465,17.0253,16,0
2020-07-24,41,13924,311,15.6312,14.8733,51,3
2020-07-24,51,11097,275,12.4576,13.1516,107,0
2020-07-24,61,6620,197,7.4317,9.4213,174,3
2020-07-24,71,3476,99,3.9022,4.7346,265,2
2020-07-24,81,1933,64,2.17,3.0607,309,4
2020-07-24,99,173,9,0.1942,0.4304,0,0
2020-07-25,00,4163,86,4.585,5.0058,4,1
2020-07-25,11,10135,220,11.1624,12.8056,1,0
2020-07-25,21,21554,390,23.7389,22.7008,12,0
2020-07-25,31,16982,283,18.7035,16.4726,16,0
2020-07-25,41,14215,291,15.656,16.9383,55,4
2020-07-25,51,11293,196,12.4378,11.4086,111,4
2020-07-25,61,6753,133,7.4376,7.7416,179,5
2020-07-25,71,3556,80,3.9165,4.6566,273,8
2020-07-25,81,1977,44,2.1774,2.5611,313,4
2020-07-25,99,168,-5,0.185,-0.291,0,0
2020-07-26,00,4366,203,4.6478,6.465,3,-1
2020-07-26,11,10555,420,11.2364,13.3758,2,1
2020-07-26,21,22264,710,23.7012,22.6115,12,0
2020-07-26,31,17465,483,18.5924,15.3822,16,0
2020-07-26,41,14657,442,15.6032,14.0764,55,0
2020-07-26,51,11664,371,12.417,11.8153,111,0
2020-07-26,61,7034,281,7.4881,8.949,179,0
2020-07-26,71,3708,152,3.9474,4.8408,274,1
2020-07-26,81,2047,70,2.1791,2.2293,315,2
2020-07-26,99,176,8,0.1874,0.2548,0,0
2020-07-27,00,4494,128,4.6575,5.0137,3,0
2020-07-27,11,10857,302,11.2521,11.8292,1,-1
2020-07-27,21,22863,599,23.6949,23.4626,12,0
2020-07-27,31,17879,414,18.5296,16.2162,15,-1
2020-07-27,41,15037,380,15.5842,14.8844,57,2
2020-07-27,51,11968,304,12.4035,11.9076,112,1
2020-07-27,61,7270,236,7.5345,9.244,181,2
2020-07-27,71,3835,127,3.9745,4.9745,279,5
2020-07-27,81,2112,65,2.1889,2.546,318,3
2020-07-27,99,174,-2,0.1803,-0.0783,0,0
2020-07-28,00,4601,107,4.6454,4.1879,3,0
2020-07-28,11,11142,285,11.2495,11.1546,1,0
2020-07-28,21,23396,533,23.6218,20.8611,12,0
2020-07-28,31,18285,406,18.4615,15.8904,15,0
2020-07-28,41,15400,363,15.5486,14.2074,58,1
2020-07-28,51,12291,323,12.4096,12.6419,118,6
2020-07-28,61,7521,251,7.5936,9.8239,183,2
2020-07-28,71,3953,118,3.9912,4.6184,285,6
2020-07-28,81,2181,69,2.2021,2.7006,324,6
2020-07-28,99,274,100,0.2766,3.9139,0,0
2020-07-29,00,4713,112,4.6746,6.2992,3,0
2020-07-29,11,11346,204,11.2535,11.4736,1,0
2020-07-29,21,23707,311,23.5137,17.4916,12,0
2020-07-29,31,18603,318,18.4513,17.8853,18,3
2020-07-29,41,15669,269,15.5413,15.1294,58,0
2020-07-29,51,12517,226,12.4149,12.7109,120,2
2020-07-29,61,7697,176,7.6342,9.8988,190,7
2020-07-29,71,4057,104,4.0239,5.8493,290,5
2020-07-29,81,2258,77,2.2396,4.3307,328,4
2020-07-29,99,255,-19,0.2529,-1.0686,0,0
2020-07-30,00,4837,124,4.702,6.0517,3,0
2020-07-30,11,11599,253,11.2753,12.3475,2,1
2020-07-30,21,24120,413,23.4468,20.1562,12,0
2020-07-30,31,18950,347,18.4211,16.9351,18,0
2020-07-30,41,15962,293,15.5165,14.2997,59,1
2020-07-30,51,12783,266,12.4262,12.9819,119,-1
2020-07-30,61,7900,203,7.6795,9.9073,193,3
2020-07-30,71,4166,109,4.0497,5.3197,295,5
2020-07-30,81,2315,57,2.2504,2.7818,332,4
2020-07-30,99,239,-16,0.2323,-0.7809,0,0
2020-07-31,00,4984,147,4.7037,4.7604,3,0
2020-07-31,11,11974,375,11.3006,12.1438,1,-1
2020-07-31,21,24777,657,23.3836,21.2759,11,-1
2020-07-31,31,19456,506,18.3618,16.386,17,-1
2020-07-31,41,16461,499,15.5353,16.1593,60,1
2020-07-31,51,13201,418,12.4586,13.5363,120,1
2020-07-31,61,8189,289,7.7285,9.3588,199,6
2020-07-31,71,4306,140,4.0638,4.5337,307,12
2020-07-31,81,2386,71,2.2518,2.2992,342,10
2020-07-31,99,225,-14,0.2123,-0.4534,0,0
2020-08-01,00,5140,156,4.7512,7.0112,3,0
2020-08-01,11,12287,313,11.3575,14.0674,1,0
2020-08-01,21,25196,419,23.29,18.8315,11,0
2020-08-01,31,19800,344,18.3022,15.4607,18,1
2020-08-01,41,16779,318,15.5097,14.2921,60,0
2020-08-01,51,13508,307,12.4861,13.7978,120,0
2020-08-01,61,8383,194,7.7488,8.7191,200,1
2020-08-01,71,4424,118,4.0893,5.3034,308,1
2020-08-01,81,2437,51,2.2526,2.2921,346,4
2020-08-01,99,230,5,0.2126,0.2247,0,0
2020-08-02,00,5218,78,4.7598,5.4054,3,0
2020-08-02,11,12507,220,11.4087,15.246,1,0
2020-08-02,21,25475,279,23.2379,19.3347,11,0
2020-08-02,31,20023,223,18.2647,15.4539,18,0
2020-08-02,41,16984,205,15.4925,14.2065,60,0
2020-08-02,51,13690,182,12.4878,12.6126,121,1
2020-08-02,61,8525,142,7.7764,9.8406,200,0
2020-08-02,71,4507,83,4.1112,5.7519,312,4
2020-08-02,81,2468,31,2.2513,2.1483,347,1
2020-08-02,99,230,0,0.2098,0.0,0,0
2020-08-03,00,5258,40,4.7525,3.9643,3,0
2020-08-03,11,12625,118,11.4113,11.6947,1,0
2020-08-03,21,25661,186,23.1941,18.4341,12,1
2020-08-03,31,20176,153,18.2364,15.1635,20,2
2020-08-03,41,17133,149,15.4859,14.7671,60,0
2020-08-03,51,13827,137,12.4977,13.5778,121,0
2020-08-03,61,8632,107,7.8022,10.6046,205,5
2020-08-03,71,4575,68,4.1352,6.7393,321,9
2020-08-03,81,2524,56,2.2814,5.55,349,2
2020-08-03,99,225,-5,0.2034,-0.4955,0,0
2020-08-04,00,5345,87,4.7536,4.8199,4,1
2020-08-04,11,12865,240,11.4416,13.2964,1,0
2020-08-04,21,26039,378,23.1579,20.9418,12,0
2020-08-04,31,20480,304,18.214,16.8421,19,-1
2020-08-04,41,17401,268,15.4757,14.8476,63,3
2020-08-04,51,14051,224,12.4963,12.41,122,1
2020-08-04,61,8810,178,7.8352,9.8615,211,6
2020-08-04,71,4652,77,4.1373,4.2659,326,5
2020-08-04,81,2575,51,2.2901,2.8255,359,10
2020-08-04,99,223,-2,0.1983,-0.1108,0,0
2020-08-05,00,5428,83,4.7573,5.0091,3,-1
2020-08-05,11,13094,229,11.4761,13.8202,1,0
2020-08-05,21,26368,329,23.11,19.8552,12,0
2020-08-05,31,20743,263,18.18,15.8721,21,2
2020-08-05,41,17658,257,15.4762,15.51,63,0
2020-08-05,51,14248,197,12.4875,11.889,125,3
2020-08-05,61,8965,155,7.8573,9.3543,220,9
2020-08-05,71,4750,98,4.1631,5.9143,333,7
2020-08-05,81,2630,55,2.305,3.3193,366,7
2020-08-05,99,214,-9,0.1876,-0.5432,0,0
2020-08-06,00,5570,142,4.7873,6.3055,3,0
2020-08-06,11,13372,278,11.4929,12.3446,1,0
2020-08-06,21,26783,415,23.0193,18.4281,12,0
2020-08-06,31,21116,373,18.1487,16.5631,23,2
2020-08-06,41,18003,345,15.4731,15.3197,65,2
2020-08-06,51,14570,322,12.5226,14.2984,126,1
2020-08-06,61,9158,193,7.8711,8.5702,234,14
2020-08-06,71,4872,122,4.1874,5.4174,344,11
2020-08-06,81,2695,65,2.3163,2.8863,378,12
2020-08-06,99,211,-3,0.1813,-0.1332,0,0
2020-08-07,00,5676,106,4.7785,4.3586,4,1
2020-08-07,11,13698,326,11.5321,13.4046,1,0
2020-08-07,21,27287,504,22.9723,20.7237,12,0
2020-08-07,31,21464,348,18.0701,14.3092,24,1
2020-08-07,41,18377,374,15.4712,15.3783,66,1
2020-08-07,51,14899,329,12.5431,13.528,126,0
2020-08-07,61,9393,235,7.9078,9.6628,244,10
2020-08-07,71,5016,144,4.2229,5.9211,348,4
2020-08-07,81,2758,63,2.3219,2.5905,381,3
2020-08-07,99,214,3,0.1802,0.1234,0,0
2020-08-08,00,5777,101,4.7908,5.6018,4,0
2020-08-08,11,13922,224,11.5454,12.4237,1,0
2020-08-08,21,27635,348,22.9174,19.3012,12,0
2020-08-08,31,21750,286,18.0371,15.8625,24,0
2020-08-08,41,18626,249,15.4464,13.8103,67,1
2020-08-08,51,15137,238,12.553,13.2002,128,2
2020-08-08,61,9578,185,7.9429,10.2607,245,1
2020-08-08,71,5128,112,4.2526,6.2119,349,1
2020-08-08,81,2820,62,2.3386,3.4387,385,4
2020-08-08,99,212,-2,0.1758,-0.1109,0,0
2020-08-09,00,5908,131,4.8145,6.1589,4,0
2020-08-09,11,14226,304,11.593,14.2924,1,0
2020-08-09,21,28066,431,22.8714,20.2633,12,0
2020-08-09,31,22075,325,17.9893,15.2797,24,0
2020-08-09,41,18900,274,15.4019,12.882,67,0
2020-08-09,51,15444,307,12.5856,14.4335,130,2
2020-08-09,61,9779,201,7.9691,9.4499,248,3
2020-08-09,71,5230,102,4.262,4.7955,350,1
2020-08-09,81,2873,53,2.3413,2.4918,387,2
2020-08-09,99,211,-1,0.1719,-0.047,0,0
2020-08-10,00,5968,60,4.8162,4.9917,4,0
2020-08-10,11,14395,169,11.6169,14.0599,1,0
2020-08-10,21,28284,218,22.8255,18.1364,12,0
2020-08-10,31,22244,169,17.9512,14.0599,24,0
2020-08-10,41,19089,189,15.405,15.7238,67,0
2020-08-10,51,15592,148,12.5829,12.3128,131,1
2020-08-10,61,9908,129,7.9959,10.7321,250,2
2020-08-10,71,5310,80,4.2852,6.6556,353,3
2020-08-10,81,2913,40,2.3508,3.3278,391,4
2020-08-10,99,211,0,0.1703,0.0,0,0
2020-08-11,00,6029,61,4.8265,6.0939,4,0
2020-08-11,11,14531,136,11.6327,13.5864,1,0
2020-08-11,21,28468,184,22.7899,18.3816,15,3
2020-08-11,31,22400,156,17.9322,15.5844,24,0
2020-08-11,41,19223,134,15.3889,13.3866,71,4
2020-08-11,51,15722,130,12.5862,12.987,134,3
2020-08-11,61,10018,110,8.0199,10.989,253,3
2020-08-11,71,5374,64,4.3021,6.3936,368,15
2020-08-11,81,2940,27,2.3536,2.6973,401,10
2020-08-11,99,210,-1,0.1681,-0.0999,0,0
2020-08-12,00,6096,67,4.8231,4.5332,4,0
2020-08-12,11,14760,229,11.6779,15.4939,1,0
2020-08-12,21,28731,263,22.7315,17.7943,14,-1
2020-08-12,31,22599,199,17.8799,13.4641,24,0
2020-08-12,41,19444,221,15.3838,14.9526,72,1
2020-08-12,51,15910,188,12.5877,12.7199,137,3
2020-08-12,61,10178,160,8.0527,10.8254,259,6
2020-08-12,71,5460,86,4.3199,5.8187,376,8
2020-08-12,81,3007,67,2.3791,4.5332,402,1
2020-08-12,99,208,-2,0.1646,-0.1353,0,0
2020-08-13,00,6245,149,4.8595,7.0349,4,0
2020-08-13,11,15051,291,11.7118,13.7394,0,-1
2020-08-13,21,29116,385,22.6564,18.1775,14,0
2020-08-13,31,22894,295,17.8148,13.9282,24,0
2020-08-13,41,19713,269,15.3395,12.7007,72,0
2020-08-13,51,16200,290,12.6059,13.6922,141,4
2020-08-13,61,10410,232,8.1005,10.9537,269,10
2020-08-13,71,5589,129,4.349,6.0907,380,4
2020-08-13,81,3082,75,2.3982,3.5411,409,7
2020-08-13,99,211,3,0.1642,0.1416,0,0
2020-08-14,00,6352,107,4.869,5.4956,4,0
2020-08-14,11,15281,230,11.7133,11.813,0,0
2020-08-14,21,29440,324,22.5666,16.641,14,0
2020-08-14,31,23203,309,17.7858,15.8706,25,1
2020-08-14,41,19992,279,15.3245,14.3297,73,1
2020-08-14,51,16500,300,12.6477,15.4083,142,1
2020-08-14,61,10621,211,8.1413,10.8372,273,4
2020-08-14,71,5705,116,4.3731,5.9579,384,4
2020-08-14,81,3152,70,2.4161,3.5953,411,2
2020-08-14,99,212,1,0.1625,0.0514,0,0
2020-08-15,00,6434,82,4.8836,6.3615,4,0
2020-08-15,11,15483,202,11.7521,15.6711,0,0
2020-08-15,21,29664,224,22.5159,17.3778,14,0
2020-08-15,31,23412,209,17.7704,16.2141,26,1
2020-08-15,41,20179,187,15.3165,14.5074,73,0
2020-08-15,51,16684,184,12.6637,14.2746,143,1
2020-08-15,61,10734,113,8.1474,8.7665,275,2
2020-08-15,71,5762,57,4.3735,4.422,389,5
2020-08-15,81,3186,34,2.4183,2.6377,421,10
2020-08-15,99,209,-3,0.1586,-0.2327,0,0
2020-08-16,00,6554,120,4.9017,6.1193,4,0
2020-08-16,11,15829,346,11.8385,17.6441,0,0
2020-08-16,21,30046,382,22.4714,19.4799,15,1
2020-08-16,31,23727,315,17.7454,16.0632,26,0
2020-08-16,41,20416,237,15.2691,12.0857,74,1
2020-08-16,51,16932,248,12.6634,12.6466,145,2
2020-08-16,61,10907,173,8.1573,8.822,277,2
2020-08-16,71,5865,103,4.3864,5.2524,392,3
2020-08-16,81,3226,40,2.4127,2.0398,433,12
2020-08-16,99,206,-3,0.1541,-0.153,0,0
2020-08-17,00,6603,49,4.9004,4.7297,4,0
2020-08-17,11,15989,160,11.8662,15.444,0,0
2020-08-17,21,30267,221,22.4626,21.332,15,0
2020-08-17,31,23875,148,17.7188,14.2857,26,0
2020-08-17,41,20537,121,15.2415,11.6795,75,1
2020-08-17,51,17074,142,12.6714,13.7066,145,0
2020-08-17,61,11025,118,8.1822,11.39,281,4
2020-08-17,71,5921,56,4.3943,5.4054,400,8
2020-08-17,81,3248,22,2.4105,2.1236,441,8
2020-08-17,99,205,-1,0.1521,-0.0965,0,0
2020-08-18,00,6647,44,4.8955,4.2553,4,0
2020-08-18,11,16127,138,11.8775,13.3462,0,0
2020-08-18,21,30469,202,22.4403,19.5358,15,0
2020-08-18,31,24019,144,17.6899,13.9265,27,1
2020-08-18,41,20689,152,15.2374,14.7002,76,1
2020-08-18,51,17197,123,12.6655,11.8956,147,2
2020-08-18,61,11146,121,8.209,11.7021,282,1
2020-08-18,71,5982,61,4.4057,5.8994,405,5
2020-08-18,81,3294,46,2.426,4.4487,470,29
2020-08-18,99,208,3,0.1532,0.2901,0,0
2020-08-19,00,6748,101,4.897,4.9951,4,0
2020-08-19,11,16425,298,11.9194,14.7379,0,0
2020-08-19,21,30829,360,22.3723,17.8042,16,1
2020-08-19,31,24321,302,17.6495,14.9357,28,1
2020-08-19,41,21023,334,15.2562,16.5183,75,-1
2020-08-19,51,17504,307,12.7025,15.183,149,2
2020-08-19,61,11330,184,8.2221,9.0999,286,4
2020-08-19,71,6084,102,4.4151,5.0445,419,14
2020-08-19,81,3327,33,2.4144,1.632,475,5
2020-08-19,99,209,1,0.1517,0.0495,0,0
2020-08-20,00,6832,84,4.9089,6.1091,4,0
2020-08-20,11,16648,223,11.9619,16.2182,0,0
2020-08-20,21,31066,237,22.3215,17.2364,16,0
2020-08-20,31,24514,193,17.6138,14.0364,28,0
2020-08-20,41,21225,202,15.2506,14.6909,75,0
2020-08-20,51,17697,193,12.7156,14.0364,156,7
2020-08-20,61,11469,139,8.2407,10.1091,294,8
2020-08-20,71,6147,63,4.4167,4.5818,434,15
2020-08-20,81,3364,37,2.4171,2.6909,481,6
2020-08-20,99,213,4,0.153,0.2909,0,0
2020-08-21,00,6923,91,4.9154,5.4524,4,0
2020-08-21,11,16923,275,12.0154,16.4769,0,0
2020-08-21,21,31387,321,22.2849,19.2331,16,0
2020-08-21,31,24776,262,17.5911,15.698,29,1
2020-08-21,41,21458,233,15.2353,13.9605,77,2
2020-08-21,51,17896,199,12.7063,11.9233,160,4
2020-08-21,61,11634,165,8.2602,9.8862,300,6
2020-08-21,71,6222,75,4.4177,4.4937,461,27
2020-08-21,81,3413,49,2.4232,2.9359,502,21
2020-08-21,99,212,-1,0.1505,-0.0599,0,0
2020-08-22,00,7007,84,4.9316,6.7797,4,0
2020-08-22,11,17122,199,12.0507,16.0613,1,1
2020-08-22,21,31614,227,22.2504,18.3212,16,0
2020-08-22,31,25001,225,17.5961,18.1598,29,0
2020-08-22,41,21630,172,15.2235,13.8822,78,1
2020-08-22,51,18065,169,12.7144,13.64,161,1
2020-08-22,61,11714,80,8.2445,6.4568,302,2
2020-08-22,71,6285,63,4.4235,5.0847,464,3
2020-08-22,81,3437,24,2.419,1.937,508,6
2020-08-22,99,208,-4,0.1464,-0.3228,0,0
2020-08-23,00,7115,108,4.9431,5.8252,4,0
2020-08-23,11,17401,279,12.0893,15.0485,1,0
2020-08-23,21,31959,345,22.2035,18.6084,16,0
2020-08-23,31,25273,272,17.5584,14.671,29,0
2020-08-23,41,21890,260,15.208,14.0237,78,0
2020-08-23,51,18296,231,12.7111,12.4595,162,1
2020-08-23,61,11904,190,8.2703,10.2481,302,0
2020-08-23,71,6409,124,4.4526,6.6882,466,2
2020-08-23,81,3481,44,2.4184,2.3732,509,1
2020-08-23,99,209,1,0.1452,0.0539,0,0
